0,0,55
0,1,55
0,2,55
0,3,55
0,4,55
0,5,9.9
0,6,55
0,7,0.0
0,8,0.0
0,9,55
0,10,9.9
0,11,55
0,12,55
0,13,0.0
0,14,55
0,15,9.9
0,16,9.9
0,17,0.0
0,18,55
0,19,55
0,20,55
0,21,0.0
0,22,9.9
0,23,55
0,24,55
0,25,55
0,26,0.0
0,27,55
0,28,55
0,29,0.0
0,30,0.0
0,31,0.0
0,32,9.9
0,33,55
0,34,55
0,35,55
0,36,55
0,37,55
0,38,9.9
0,39,0.0
0,40,55
0,41,55
0,42,55
0,43,55
0,44,9.9
0,45,55
0,46,55
0,47,9.9
0,48,55
0,49,0.0
0,50,55
0,51,9.9
0,52,0.0
0,53,9.9
0,54,0.0
0,55,0.0
0,56,55
0,57,0.0
0,58,0.0
0,59,9.9
0,60,0.0
0,61,55
0,62,9.9
0,63,55
0,64,55
0,65,55
0,66,9.9
0,67,0.0
0,68,9.9
0,69,55
0,70,0.0
0,71,0.0
0,72,55
0,73,55
0,74,0.0
0,75,9.9
0,76,9.9
0,77,55
0,78,9.9
0,79,55
0,80,0.0
0,81,0.0
0,82,9.9
0,83,55
0,84,0.0
0,85,9.9
0,86,9.9
0,87,55
0,88,9.9
0,89,0.0
0,90,9.9
0,91,0.0
0,92,55
0,93,55
0,94,55
0,95,55
0,96,9.9
0,97,55
0,98,55
0,99,9.9
0,100,55
0,101,55
0,102,55
0,103,55
0,104,55
0,105,9.9
0,106,55
0,107,55
0,108,55
0,109,0.0
0,110,9.9
0,111,55
0,112,55
0,113,9.9
0,114,0.0
0,115,9.9
0,116,0.0
0,117,9.9
0,118,0.0
0,119,0.0
0,120,9.9
0,121,9.9
0,122,9.9
0,123,9.9
0,124,0.0
0,125,9.9
0,126,9.9
0,127,0.0
0,128,9.9
0,129,9.9
0,130,9.9
0,131,9.9
0,132,9.9
0,133,9.9
0,134,9.9
0,135,9.9
0,136,9.9
0,137,9.9
0,138,0.0
0,139,9.9
0,140,9.9
0,141,9.9
0,142,0.0
0,143,9.9
0,144,9.9
0,145,0.0
0,146,9.9
0,147,9.9
0,148,0.0
0,149,0.0
0,150,9.9
0,151,9.9
0,152,0.0
0,153,0.0
0,154,9.9
0,155,0.0
0,156,9.9
0,157,9.9
0,158,9.9
0,159,9.9
0,160,9.9
0,161,9.9
0,162,0.0
0,163,0.0
0,164,9.9
0,165,9.9
0,166,0.0
0,167,9.9
0,168,9.9
0,169,0.0
0,170,9.9
0,171,0.0
0,172,0.0
0,173,9.9
0,174,0.0
0,175,0.0
0,176,0.0
0,177,0.0
0,178,0.0
0,179,0.0
0,180,9.9
0,181,9.9
0,182,0.0
0,183,0.0
0,184,0.0
0,185,9.9
0,186,0.0
0,187,0.0
0,188,9.9
0,189,9.9
0,190,0.0
0,191,9.9
0,192,0.0
0,193,0.0
0,194,9.9
0,195,0.0
0,196,0.0
0,197,9.9
0,198,0.0
0,199,9.9
0,200,0.0
0,201,9.9
1,0,9.9
1,1,55
1,2,55
1,3,0.0
1,4,9.9
1,5,55
1,6,0.0
1,7,0.0
1,8,55
1,9,55
1,10,55
1,11,0.0
1,12,55
1,13,9.9
1,14,9.9
1,15,55
1,16,0.0
1,17,0.0
1,18,9.9
1,19,55
1,20,55
1,21,55
1,22,9.9
1,23,55
1,24,9.9
1,25,55
1,26,55
1,27,9.9
1,28,55
1,29,55
1,30,9.9
1,31,55
1,32,9.9
1,33,55
1,34,55
1,35,0.0
1,36,0.0
1,37,9.9
1,38,55
1,39,9.9
1,40,55
1,41,9.9
1,42,9.9
1,43,55
1,44,55
1,45,0.0
1,46,9.9
1,47,55
1,48,0.0
1,49,9.9
1,50,55
1,51,55
1,52,9.9
1,53,9.9
1,54,0.0
1,55,55
1,56,9.9
1,57,55
1,58,55
1,59,9.9
1,60,9.9
1,61,55
1,62,55
1,63,55
1,64,55
1,65,0.0
1,66,55
1,67,55
1,68,9.9
1,69,0.0
1,70,55
1,71,55
1,72,9.9
1,73,55
1,74,55
1,75,9.9
1,76,0.0
1,77,55
1,78,55
1,79,0.0
1,80,55
1,81,0.0
1,82,9.9
1,83,0.0
1,84,55
1,85,9.9
1,86,0.0
1,87,55
1,88,55
1,89,9.9
1,90,9.9
1,91,55
1,92,9.9
1,93,55
1,94,55
1,95,9.9
1,96,55
1,97,0.0
1,98,9.9
1,99,55
1,100,0.0
1,101,55
1,102,0.0
1,103,9.9
1,104,55
1,105,55
1,106,55
1,107,55
1,108,55
1,109,55
1,110,9.9
1,111,0.0
1,112,9.9
1,113,55
1,114,9.9
1,115,9.9
1,116,9.9
1,117,9.9
1,118,0.0
1,119,9.9
1,120,9.9
1,121,0.0
1,122,0.0
1,123,0.0
1,124,0.0
1,125,9.9
1,126,0.0
1,127,9.9
1,128,9.9
1,129,0.0
1,130,0.0
1,131,0.0
1,132,0.0
1,133,0.0
1,134,0.0
1,135,0.0
1,136,0.0
1,137,0.0
1,138,9.9
1,139,9.9
1,140,0.0
1,141,0.0
1,142,9.9
1,143,9.9
1,144,0.0
1,145,0.0
1,146,9.9
1,147,0.0
1,148,0.0
1,149,9.9
1,150,9.9
1,151,0.0
1,152,9.9
1,153,0.0
1,154,9.9
1,155,9.9
1,156,9.9
1,157,0.0
1,158,0.0
1,159,0.0
1,160,0.0
1,161,0.0
1,162,0.0
1,163,9.9
1,164,9.9
1,165,0.0
1,166,9.9
1,167,9.9
1,168,0.0
1,169,9.9
1,170,9.9
1,171,9.9
1,172,0.0
1,173,9.9
1,174,0.0
1,175,9.9
1,176,9.9
1,177,9.9
1,178,9.9
1,179,9.9
1,180,9.9
1,181,0.0
1,182,0.0
1,183,9.9
1,184,0.0
1,185,9.9
1,186,0.0
1,187,0.0
1,188,9.9
1,189,0.0
1,190,0.0
1,191,9.9
1,192,9.9
1,193,0.0
1,194,9.9
1,195,0.0
1,196,9.9
1,197,9.9
1,198,9.9
1,199,9.9
1,200,0.0
1,201,9.9
2,0,0.0
2,1,0.0
2,2,0.0
2,3,0.0
2,4,9.9
2,5,0.0
2,6,9.9
2,7,0.0
2,8,55
2,9,0.0
2,10,55
2,11,0.0
2,12,9.9
2,13,55
2,14,0.0
2,15,0.0
2,16,55
2,17,0.0
2,18,9.9
2,19,0.0
2,20,55
2,21,9.9
2,22,55
2,23,0.0
2,24,55
2,25,55
2,26,9.9
2,27,55
2,28,0.0
2,29,0.0
2,30,55
2,31,55
2,32,55
2,33,0.0
2,34,0.0
2,35,0.0
2,36,55
2,37,9.9
2,38,0.0
2,39,55
2,40,55
2,41,55
2,42,0.0
2,43,55
2,44,55
2,45,0.0
2,46,9.9
2,47,0.0
2,48,0.0
2,49,9.9
2,50,55
2,51,55
2,52,55
2,53,0.0
2,54,9.9
2,55,55
2,56,55
2,57,55
2,58,0.0
2,59,55
2,60,0.0
2,61,55
2,62,55
2,63,55
2,64,0.0
2,65,0.0
2,66,9.9
2,67,9.9
2,68,55
2,69,55
2,70,55
2,71,0.0
2,72,55
2,73,0.0
2,74,9.9
2,75,55
2,76,0.0
2,77,9.9
2,78,55
2,79,9.9
2,80,55
2,81,55
2,82,9.9
2,83,55
2,84,55
2,85,55
2,86,0.0
2,87,9.9
2,88,55
2,89,55
2,90,0.0
2,91,55
2,92,55
2,93,55
2,94,55
2,95,55
2,96,0.0
2,97,0.0
2,98,9.9
2,99,0.0
2,100,0.0
2,101,9.9
2,102,9.9
2,103,9.9
2,104,55
2,105,55
2,106,55
2,107,0.0
2,108,55
2,109,9.9
2,110,55
2,111,55
2,112,9.9
2,113,0.0
2,114,55
2,115,0.0
2,116,0.0
2,117,0.0
2,118,9.9
2,119,9.9
2,120,0.0
2,121,0.0
2,122,9.9
2,123,9.9
2,124,0.0
2,125,9.9
2,126,0.0
2,127,9.9
2,128,0.0
2,129,0.0
2,130,9.9
2,131,9.9
2,132,9.9
2,133,9.9
2,134,9.9
2,135,9.9
2,136,9.9
2,137,9.9
2,138,9.9
2,139,0.0
2,140,0.0
2,141,9.9
2,142,9.9
2,143,0.0
2,144,0.0
2,145,0.0
2,146,9.9
2,147,0.0
2,148,0.0
2,149,9.9
2,150,0.0
2,151,0.0
2,152,9.9
2,153,9.9
2,154,9.9
2,155,0.0
2,156,0.0
2,157,0.0
2,158,9.9
2,159,9.9
2,160,9.9
2,161,9.9
2,162,0.0
2,163,9.9
2,164,0.0
2,165,0.0
2,166,9.9
2,167,0.0
2,168,0.0
2,169,9.9
2,170,0.0
2,171,0.0
2,172,9.9
2,173,9.9
2,174,9.9
2,175,9.9
2,176,0.0
2,177,0.0
2,178,0.0
2,179,0.0
2,180,0.0
2,181,0.0
2,182,0.0
2,183,9.9
2,184,9.9
2,185,9.9
2,186,9.9
2,187,0.0
2,188,9.9
2,189,0.0
2,190,0.0
2,191,9.9
2,192,0.0
2,193,9.9
2,194,9.9
2,195,9.9
2,196,9.9
2,197,0.0
2,198,0.0
2,199,0.0
2,200,9.9
2,201,9.9
3,0,0.0
3,1,55
3,2,55
3,3,0.0
3,4,9.9
3,5,55
3,6,9.9
3,7,9.9
3,8,55
3,9,0.0
3,10,55
3,11,55
3,12,9.9
3,13,0.0
3,14,55
3,15,55
3,16,55
3,17,55
3,18,9.9
3,19,55
3,20,9.9
3,21,55
3,22,0.0
3,23,0.0
3,24,9.9
3,25,55
3,26,55
3,27,0.0
3,28,9.9
3,29,55
3,30,9.9
3,31,55
3,32,55
3,33,0.0
3,34,55
3,35,0.0
3,36,55
3,37,55
3,38,55
3,39,9.9
3,40,55
3,41,55
3,42,55
3,43,9.9
3,44,0.0
3,45,55
3,46,9.9
3,47,55
3,48,0.0
3,49,9.9
3,50,0.0
3,51,0.0
3,52,55
3,53,55
3,54,9.9
3,55,55
3,56,55
3,57,55
3,58,9.9
3,59,9.9
3,60,55
3,61,9.9
3,62,0.0
3,63,55
3,64,9.9
3,65,0.0
3,66,9.9
3,67,0.0
3,68,0.0
3,69,9.9
3,70,0.0
3,71,0.0
3,72,9.9
3,73,9.9
3,74,9.9
3,75,0.0
3,76,55
3,77,9.9
3,78,0.0
3,79,55
3,80,55
3,81,0.0
3,82,55
3,83,55
3,84,9.9
3,85,55
3,86,55
3,87,9.9
3,88,0.0
3,89,55
3,90,55
3,91,9.9
3,92,55
3,93,55
3,94,0.0
3,95,55
3,96,0.0
3,97,0.0
3,98,9.9
3,99,55
3,100,0.0
3,101,9.9
3,102,0.0
3,103,0.0
3,104,0.0
3,105,0.0
3,106,55
3,107,9.9
3,108,55
3,109,55
3,110,0.0
3,111,9.9
3,112,55
3,113,55
3,114,9.9
3,115,55
3,116,9.9
3,117,9.9
3,118,9.9
3,119,0.0
3,120,0.0
3,121,0.0
3,122,9.9
3,123,0.0
3,124,9.9
3,125,9.9
3,126,9.9
3,127,9.9
3,128,0.0
3,129,0.0
3,130,9.9
3,131,0.0
3,132,0.0
3,133,0.0
3,134,0.0
3,135,0.0
3,136,0.0
3,137,0.0
3,138,0.0
3,139,0.0
3,140,0.0
3,141,9.9
3,142,0.0
3,143,0.0
3,144,0.0
3,145,0.0
3,146,9.9
3,147,9.9
3,148,0.0
3,149,9.9
3,150,0.0
3,151,0.0
3,152,9.9
3,153,0.0
3,154,0.0
3,155,0.0
3,156,9.9
3,157,0.0
3,158,9.9
3,159,0.0
3,160,0.0
3,161,0.0
3,162,9.9
3,163,9.9
3,164,0.0
3,165,0.0
3,166,9.9
3,167,0.0
3,168,0.0
3,169,9.9
3,170,0.0
3,171,9.9
3,172,9.9
3,173,0.0
3,174,0.0
3,175,0.0
3,176,0.0
3,177,9.9
3,178,9.9
3,179,9.9
3,180,9.9
3,181,0.0
3,182,0.0
3,183,9.9
3,184,0.0
3,185,0.0
3,186,0.0
3,187,9.9
3,188,9.9
3,189,9.9
3,190,0.0
3,191,9.9
3,192,0.0
3,193,9.9
3,194,0.0
3,195,0.0
3,196,0.0
3,197,0.0
3,198,9.9
3,199,9.9
3,200,9.9
3,201,0.0
4,0,55
4,1,55
4,2,0.0
4,3,55
4,4,9.9
4,5,55
4,6,55
4,7,0.0
4,8,55
4,9,55
4,10,55
4,11,0.0
4,12,55
4,13,55
4,14,55
4,15,0.0
4,16,9.9
4,17,0.0
4,18,55
4,19,55
4,20,55
4,21,0.0
4,22,0.0
4,23,0.0
4,24,9.9
4,25,55
4,26,55
4,27,0.0
4,28,9.9
4,29,55
4,30,55
4,31,0.0
4,32,55
4,33,55
4,34,55
4,35,55
4,36,55
4,37,55
4,38,0.0
4,39,55
4,40,55
4,41,55
4,42,0.0
4,43,55
4,44,55
4,45,55
4,46,55
4,47,55
4,48,55
4,49,9.9
4,50,55
4,51,55
4,52,55
4,53,9.9
4,54,55
4,55,0.0
4,56,0.0
4,57,55
4,58,55
4,59,0.0
4,60,55
4,61,55
4,62,55
4,63,55
4,64,55
4,65,9.9
4,66,9.9
4,67,0.0
4,68,55
4,69,9.9
4,70,55
4,71,0.0
4,72,9.9
4,73,0.0
4,74,0.0
4,75,55
4,76,55
4,77,55
4,78,55
4,79,9.9
4,80,55
4,81,9.9
4,82,9.9
4,83,55
4,84,55
4,85,55
4,86,0.0
4,87,55
4,88,55
4,89,9.9
4,90,0.0
4,91,55
4,92,0.0
4,93,0.0
4,94,0.0
4,95,55
4,96,55
4,97,0.0
4,98,9.9
4,99,55
4,100,55
4,101,9.9
4,102,0.0
4,103,9.9
4,104,55
4,105,55
4,106,55
4,107,55
4,108,55
4,109,55
4,110,9.9
4,111,9.9
4,112,0.0
4,113,9.9
4,114,55
4,115,55
4,116,55
4,117,0.0
4,118,0.0
4,119,0.0
4,120,0.0
4,121,0.0
4,122,9.9
4,123,0.0
4,124,9.9
4,125,0.0
4,126,0.0
4,127,0.0
4,128,9.9
4,129,0.0
4,130,9.9
4,131,0.0
4,132,9.9
4,133,9.9
4,134,9.9
4,135,9.9
4,136,9.9
4,137,9.9
4,138,9.9
4,139,0.0
4,140,0.0
4,141,9.9
4,142,0.0
4,143,0.0
4,144,0.0
4,145,0.0
4,146,9.9
4,147,0.0
4,148,9.9
4,149,9.9
4,150,9.9
4,151,0.0
4,152,9.9
4,153,0.0
4,154,9.9
4,155,0.0
4,156,9.9
4,157,9.9
4,158,9.9
4,159,0.0
4,160,9.9
4,161,9.9
4,162,9.9
4,163,0.0
4,164,9.9
4,165,0.0
4,166,9.9
4,167,9.9
4,168,0.0
4,169,9.9
4,170,9.9
4,171,9.9
4,172,0.0
4,173,0.0
4,174,9.9
4,175,9.9
4,176,0.0
4,177,9.9
4,178,0.0
4,179,0.0
4,180,0.0
4,181,9.9
4,182,0.0
4,183,9.9
4,184,0.0
4,185,9.9
4,186,9.9
4,187,9.9
4,188,0.0
4,189,0.0
4,190,9.9
4,191,9.9
4,192,9.9
4,193,9.9
4,194,0.0
4,195,9.9
4,196,9.9
4,197,0.0
4,198,9.9
4,199,0.0
4,200,0.0
4,201,0.0
5,0,0.0
5,1,0.0
5,2,0.0
5,3,55
5,4,55
5,5,0.0
5,6,55
5,7,55
5,8,9.9
5,9,9.9
5,10,9.9
5,11,0.0
5,12,9.9
5,13,0.0
5,14,0.0
5,15,0.0
5,16,9.9
5,17,55
5,18,9.9
5,19,55
5,20,55
5,21,0.0
5,22,0.0
5,23,0.0
5,24,9.9
5,25,0.0
5,26,0.0
5,27,55
5,28,9.9
5,29,0.0
5,30,55
5,31,9.9
5,32,9.9
5,33,9.9
5,34,9.9
5,35,0.0
5,36,0.0
5,37,9.9
5,38,0.0
5,39,9.9
5,40,55
5,41,0.0
5,42,0.0
5,43,9.9
5,44,0.0
5,45,9.9
5,46,55
5,47,55
5,48,9.9
5,49,55
5,50,55
5,51,9.9
5,52,9.9
5,53,55
5,54,0.0
5,55,9.9
5,56,55
5,57,55
5,58,55
5,59,55
5,60,9.9
5,61,55
5,62,9.9
5,63,0.0
5,64,55
5,65,55
5,66,0.0
5,67,9.9
5,68,55
5,69,55
5,70,55
5,71,55
5,72,9.9
5,73,0.0
5,74,9.9
5,75,55
5,76,9.9
5,77,55
5,78,9.9
5,79,55
5,80,55
5,81,55
5,82,0.0
5,83,55
5,84,55
5,85,55
5,86,9.9
5,87,9.9
5,88,0.0
5,89,55
5,90,55
5,91,9.9
5,92,9.9
5,93,55
5,94,0.0
5,95,55
5,96,0.0
5,97,55
5,98,9.9
5,99,0.0
5,100,9.9
5,101,55
5,102,9.9
5,103,9.9
5,104,55
5,105,0.0
5,106,9.9
5,107,55
5,108,55
5,109,0.0
5,110,55
5,111,0.0
5,112,55
5,113,9.9
5,114,0.0
5,115,55
5,116,55
5,117,55
5,118,9.9
5,119,0.0
5,120,0.0
5,121,0.0
5,122,9.9
5,123,9.9
5,124,9.9
5,125,0.0
5,126,9.9
5,127,9.9
5,128,9.9
5,129,9.9
5,130,9.9
5,131,9.9
5,132,9.9
5,133,0.0
5,134,0.0
5,135,0.0
5,136,0.0
5,137,0.0
5,138,0.0
5,139,9.9
5,140,0.0
5,141,9.9
5,142,9.9
5,143,0.0
5,144,0.0
5,145,0.0
5,146,9.9
5,147,0.0
5,148,9.9
5,149,0.0
5,150,0.0
5,151,9.9
5,152,9.9
5,153,9.9
5,154,9.9
5,155,9.9
5,156,9.9
5,157,0.0
5,158,0.0
5,159,9.9
5,160,9.9
5,161,0.0
5,162,0.0
5,163,0.0
5,164,9.9
5,165,9.9
5,166,9.9
5,167,0.0
5,168,9.9
5,169,9.9
5,170,0.0
5,171,0.0
5,172,0.0
5,173,0.0
5,174,9.9
5,175,0.0
5,176,9.9
5,177,9.9
5,178,0.0
5,179,9.9
5,180,9.9
5,181,9.9
5,182,9.9
5,183,9.9
5,184,9.9
5,185,9.9
5,186,0.0
5,187,0.0
5,188,0.0
5,189,9.9
5,190,9.9
5,191,0.0
5,192,0.0
5,193,0.0
5,194,9.9
5,195,9.9
5,196,0.0
5,197,9.9
5,198,9.9
5,199,0.0
5,200,9.9
5,201,0.0
6,0,9.9
6,1,55
6,2,0.0
6,3,55
6,4,55
6,5,9.9
6,6,9.9
6,7,0.0
6,8,55
6,9,0.0
6,10,0.0
6,11,9.9
6,12,9.9
6,13,55
6,14,55
6,15,0.0
6,16,9.9
6,17,55
6,18,55
6,19,0.0
6,20,55
6,21,55
6,22,0.0
6,23,0.0
6,24,9.9
6,25,55
6,26,55
6,27,55
6,28,55
6,29,55
6,30,9.9
6,31,55
6,32,0.0
6,33,0.0
6,34,0.0
6,35,55
6,36,55
6,37,9.9
6,38,9.9
6,39,9.9
6,40,55
6,41,0.0
6,42,0.0
6,43,9.9
6,44,55
6,45,9.9
6,46,55
6,47,9.9
6,48,55
6,49,0.0
6,50,55
6,51,55
6,52,0.0
6,53,0.0
6,54,9.9
6,55,9.9
6,56,55
6,57,9.9
6,58,9.9
6,59,9.9
6,60,55
6,61,0.0
6,62,55
6,63,55
6,64,55
6,65,55
6,66,55
6,67,9.9
6,68,55
6,69,55
6,70,55
6,71,9.9
6,72,55
6,73,9.9
6,74,9.9
6,75,55
6,76,55
6,77,55
6,78,55
6,79,0.0
6,80,55
6,81,55
6,82,55
6,83,9.9
6,84,0.0
6,85,9.9
6,86,55
6,87,0.0
6,88,55
6,89,9.9
6,90,0.0
6,91,55
6,92,0.0
6,93,55
6,94,55
6,95,55
6,96,0.0
6,97,55
6,98,55
6,99,55
6,100,9.9
6,101,0.0
6,102,55
6,103,0.0
6,104,0.0
6,105,9.9
6,106,9.9
6,107,55
6,108,55
6,109,9.9
6,110,9.9
6,111,55
6,112,55
6,113,55
6,114,55
6,115,55
6,116,55
6,117,0.0
6,118,55
6,119,9.9
6,120,0.0
6,121,0.0
6,122,9.9
6,123,0.0
6,124,0.0
6,125,9.9
6,126,9.9
6,127,0.0
6,128,0.0
6,129,0.0
6,130,0.0
6,131,0.0
6,132,0.0
6,133,0.0
6,134,9.9
6,135,9.9
6,136,9.9
6,137,9.9
6,138,9.9
6,139,9.9
6,140,9.9
6,141,9.9
6,142,0.0
6,143,9.9
6,144,0.0
6,145,0.0
6,146,9.9
6,147,9.9
6,148,9.9
6,149,0.0
6,150,9.9
6,151,9.9
6,152,0.0
6,153,0.0
6,154,0.0
6,155,0.0
6,156,0.0
6,157,0.0
6,158,9.9
6,159,9.9
6,160,0.0
6,161,0.0
6,162,9.9
6,163,0.0
6,164,9.9
6,165,0.0
6,166,0.0
6,167,0.0
6,168,9.9
6,169,0.0
6,170,0.0
6,171,9.9
6,172,0.0
6,173,0.0
6,174,9.9
6,175,0.0
6,176,9.9
6,177,0.0
6,178,9.9
6,179,9.9
6,180,0.0
6,181,0.0
6,182,0.0
6,183,0.0
6,184,0.0
6,185,0.0
6,186,0.0
6,187,9.9
6,188,0.0
6,189,9.9
6,190,0.0
6,191,0.0
6,192,9.9
6,193,9.9
6,194,9.9
6,195,0.0
6,196,0.0
6,197,9.9
6,198,0.0
6,199,9.9
6,200,9.9
6,201,9.9
7,0,9.9
7,1,55
7,2,55
7,3,55
7,4,9.9
7,5,55
7,6,0.0
7,7,55
7,8,9.9
7,9,55
7,10,9.9
7,11,9.9
7,12,0.0
7,13,55
7,14,9.9
7,15,55
7,16,9.9
7,17,0.0
7,18,55
7,19,0.0
7,20,9.9
7,21,9.9
7,22,55
7,23,0.0
7,24,9.9
7,25,55
7,26,9.9
7,27,0.0
7,28,55
7,29,0.0
7,30,55
7,31,0.0
7,32,55
7,33,9.9
7,34,9.9
7,35,55
7,36,9.9
7,37,55
7,38,0.0
7,39,0.0
7,40,0.0
7,41,55
7,42,0.0
7,43,9.9
7,44,55
7,45,55
7,46,0.0
7,47,55
7,48,0.0
7,49,9.9
7,50,9.9
7,51,55
7,52,55
7,53,55
7,54,9.9
7,55,0.0
7,56,0.0
7,57,55
7,58,0.0
7,59,0.0
7,60,0.0
7,61,9.9
7,62,9.9
7,63,0.0
7,64,0.0
7,65,9.9
7,66,9.9
7,67,55
7,68,0.0
7,69,0.0
7,70,55
7,71,55
7,72,0.0
7,73,55
7,74,0.0
7,75,0.0
7,76,55
7,77,55
7,78,55
7,79,9.9
7,80,55
7,81,55
7,82,0.0
7,83,55
7,84,55
7,85,9.9
7,86,0.0
7,87,55
7,88,55
7,89,55
7,90,55
7,91,9.9
7,92,55
7,93,9.9
7,94,9.9
7,95,9.9
7,96,55
7,97,55
7,98,55
7,99,0.0
7,100,55
7,101,55
7,102,9.9
7,103,55
7,104,55
7,105,9.9
7,106,0.0
7,107,0.0
7,108,0.0
7,109,55
7,110,0.0
7,111,55
7,112,0.0
7,113,55
7,114,9.9
7,115,0.0
7,116,9.9
7,117,0.0
7,118,9.9
7,119,55
7,120,9.9
7,121,0.0
7,122,9.9
7,123,0.0
7,124,9.9
7,125,9.9
7,126,0.0
7,127,0.0
7,128,9.9
7,129,9.9
7,130,9.9
7,131,9.9
7,132,9.9
7,133,0.0
7,134,9.9
7,135,0.0
7,136,0.0
7,137,0.0
7,138,0.0
7,139,0.0
7,140,0.0
7,141,0.0
7,142,0.0
7,143,9.9
7,144,9.9
7,145,0.0
7,146,9.9
7,147,0.0
7,148,0.0
7,149,9.9
7,150,9.9
7,151,0.0
7,152,0.0
7,153,9.9
7,154,9.9
7,155,9.9
7,156,9.9
7,157,0.0
7,158,9.9
7,159,0.0
7,160,0.0
7,161,0.0
7,162,9.9
7,163,9.9
7,164,9.9
7,165,0.0
7,166,9.9
7,167,0.0
7,168,9.9
7,169,0.0
7,170,0.0
7,171,9.9
7,172,9.9
7,173,0.0
7,174,9.9
7,175,9.9
7,176,9.9
7,177,0.0
7,178,9.9
7,179,0.0
7,180,0.0
7,181,9.9
7,182,9.9
7,183,9.9
7,184,9.9
7,185,9.9
7,186,0.0
7,187,9.9
7,188,9.9
7,189,9.9
7,190,0.0
7,191,0.0
7,192,9.9
7,193,0.0
7,194,0.0
7,195,0.0
7,196,0.0
7,197,9.9
7,198,0.0
7,199,9.9
7,200,0.0
7,201,0.0
8,0,9.9
8,1,0.0
8,2,9.9
8,3,0.0
8,4,55
8,5,0.0
8,6,55
8,7,55
8,8,55
8,9,55
8,10,55
8,11,0.0
8,12,0.0
8,13,9.9
8,14,55
8,15,55
8,16,55
8,17,55
8,18,9.9
8,19,55
8,20,9.9
8,21,0.0
8,22,55
8,23,55
8,24,9.9
8,25,0.0
8,26,55
8,27,55
8,28,55
8,29,0.0
8,30,9.9
8,31,0.0
8,32,55
8,33,55
8,34,0.0
8,35,55
8,36,55
8,37,0.0
8,38,55
8,39,9.9
8,40,55
8,41,55
8,42,55
8,43,9.9
8,44,0.0
8,45,55
8,46,9.9
8,47,9.9
8,48,0.0
8,49,9.9
8,50,0.0
8,51,0.0
8,52,0.0
8,53,0.0
8,54,55
8,55,0.0
8,56,55
8,57,9.9
8,58,55
8,59,9.9
8,60,55
8,61,9.9
8,62,0.0
8,63,55
8,64,55
8,65,9.9
8,66,0.0
8,67,0.0
8,68,9.9
8,69,55
8,70,55
8,71,55
8,72,0.0
8,73,9.9
8,74,55
8,75,55
8,76,9.9
8,77,55
8,78,55
8,79,55
8,80,55
8,81,9.9
8,82,0.0
8,83,9.9
8,84,0.0
8,85,55
8,86,55
8,87,55
8,88,9.9
8,89,55
8,90,0.0
8,91,55
8,92,55
8,93,55
8,94,0.0
8,95,0.0
8,96,55
8,97,0.0
8,98,9.9
8,99,0.0
8,100,9.9
8,101,9.9
8,102,55
8,103,55
8,104,0.0
8,105,55
8,106,0.0
8,107,55
8,108,55
8,109,9.9
8,110,55
8,111,9.9
8,112,9.9
8,113,55
8,114,55
8,115,55
8,116,9.9
8,117,9.9
8,118,9.9
8,119,0.0
8,120,55
8,121,9.9
8,122,9.9
8,123,9.9
8,124,9.9
8,125,0.0
8,126,0.0
8,127,0.0
8,128,9.9
8,129,0.0
8,130,0.0
8,131,0.0
8,132,0.0
8,133,9.9
8,134,9.9
8,135,0.0
8,136,9.9
8,137,9.9
8,138,9.9
8,139,9.9
8,140,9.9
8,141,9.9
8,142,0.0
8,143,9.9
8,144,0.0
8,145,9.9
8,146,9.9
8,147,0.0
8,148,9.9
8,149,9.9
8,150,0.0
8,151,0.0
8,152,0.0
8,153,9.9
8,154,0.0
8,155,0.0
8,156,0.0
8,157,9.9
8,158,9.9
8,159,0.0
8,160,0.0
8,161,0.0
8,162,9.9
8,163,0.0
8,164,0.0
8,165,9.9
8,166,9.9
8,167,9.9
8,168,9.9
8,169,9.9
8,170,0.0
8,171,9.9
8,172,0.0
8,173,9.9
8,174,9.9
8,175,0.0
8,176,0.0
8,177,9.9
8,178,9.9
8,179,0.0
8,180,0.0
8,181,9.9
8,182,0.0
8,183,0.0
8,184,0.0
8,185,0.0
8,186,9.9
8,187,9.9
8,188,0.0
8,189,0.0
8,190,9.9
8,191,0.0
8,192,9.9
8,193,0.0
8,194,9.9
8,195,0.0
8,196,0.0
8,197,9.9
8,198,9.9
8,199,9.9
8,200,0.0
8,201,9.9
9,0,55
9,1,55
9,2,9.9
9,3,55
9,4,9.9
9,5,9.9
9,6,55
9,7,9.9
9,8,55
9,9,55
9,10,55
9,11,55
9,12,0.0
9,13,9.9
9,14,0.0
9,15,55
9,16,55
9,17,9.9
9,18,55
9,19,55
9,20,55
9,21,0.0
9,22,9.9
9,23,9.9
9,24,55
9,25,55
9,26,9.9
9,27,0.0
9,28,0.0
9,29,55
9,30,9.9
9,31,9.9
9,32,55
9,33,55
9,34,55
9,35,9.9
9,36,55
9,37,9.9
9,38,55
9,39,55
9,40,55
9,41,0.0
9,42,0.0
9,43,55
9,44,55
9,45,9.9
9,46,55
9,47,0.0
9,48,9.9
9,49,9.9
9,50,0.0
9,51,55
9,52,55
9,53,55
9,54,9.9
9,55,55
9,56,55
9,57,55
9,58,55
9,59,55
9,60,55
9,61,55
9,62,0.0
9,63,55
9,64,9.9
9,65,55
9,66,0.0
9,67,55
9,68,9.9
9,69,55
9,70,9.9
9,71,9.9
9,72,55
9,73,9.9
9,74,55
9,75,0.0
9,76,55
9,77,0.0
9,78,55
9,79,55
9,80,55
9,81,55
9,82,9.9
9,83,9.9
9,84,55
9,85,9.9
9,86,9.9
9,87,0.0
9,88,55
9,89,55
9,90,0.0
9,91,9.9
9,92,55
9,93,55
9,94,55
9,95,9.9
9,96,9.9
9,97,9.9
9,98,9.9
9,99,9.9
9,100,9.9
9,101,0.0
9,102,0.0
9,103,55
9,104,9.9
9,105,9.9
9,106,55
9,107,55
9,108,0.0
9,109,55
9,110,55
9,111,55
9,112,0.0
9,113,55
9,114,55
9,115,9.9
9,116,55
9,117,0.0
9,118,0.0
9,119,55
9,120,9.9
9,121,55
9,122,0.0
9,123,0.0
9,124,0.0
9,125,0.0
9,126,0.0
9,127,0.0
9,128,9.9
9,129,0.0
9,130,9.9
9,131,9.9
9,132,9.9
9,133,9.9
9,134,0.0
9,135,9.9
9,136,9.9
9,137,0.0
9,138,0.0
9,139,0.0
9,140,0.0
9,141,0.0
9,142,9.9
9,143,9.9
9,144,0.0
9,145,9.9
9,146,0.0
9,147,9.9
9,148,9.9
9,149,0.0
9,150,0.0
9,151,0.0
9,152,0.0
9,153,9.9
9,154,0.0
9,155,9.9
9,156,9.9
9,157,9.9
9,158,0.0
9,159,9.9
9,160,0.0
9,161,0.0
9,162,9.9
9,163,0.0
9,164,9.9
9,165,9.9
9,166,0.0
9,167,0.0
9,168,0.0
9,169,0.0
9,170,9.9
9,171,9.9
9,172,0.0
9,173,9.9
9,174,0.0
9,175,0.0
9,176,9.9
9,177,9.9
9,178,0.0
9,179,9.9
9,180,0.0
9,181,9.9
9,182,0.0
9,183,9.9
9,184,9.9
9,185,9.9
9,186,9.9
9,187,0.0
9,188,0.0
9,189,9.9
9,190,9.9
9,191,9.9
9,192,9.9
9,193,9.9
9,194,9.9
9,195,9.9
9,196,0.0
9,197,9.9
9,198,0.0
9,199,0.0
9,200,9.9
9,201,9.9
10,0,55
10,1,0.0
10,2,55
10,3,55
10,4,55
10,5,0.0
10,6,55
10,7,55
10,8,55
10,9,9.9
10,10,55
10,11,0.0
10,12,55
10,13,9.9
10,14,55
10,15,9.9
10,16,55
10,17,55
10,18,0.0
10,19,55
10,20,55
10,21,55
10,22,9.9
10,23,0.0
10,24,0.0
10,25,0.0
10,26,55
10,27,55
10,28,55
10,29,55
10,30,55
10,31,0.0
10,32,55
10,33,9.9
10,34,9.9
10,35,55
10,36,0.0
10,37,55
10,38,55
10,39,55
10,40,55
10,41,9.9
10,42,55
10,43,9.9
10,44,0.0
10,45,55
10,46,0.0
10,47,55
10,48,9.9
10,49,0.0
10,50,9.9
10,51,55
10,52,0.0
10,53,0.0
10,54,55
10,55,55
10,56,0.0
10,57,55
10,58,55
10,59,55
10,60,55
10,61,55
10,62,55
10,63,55
10,64,55
10,65,0.0
10,66,55
10,67,55
10,68,55
10,69,0.0
10,70,55
10,71,0.0
10,72,55
10,73,55
10,74,0.0
10,75,9.9
10,76,9.9
10,77,9.9
10,78,9.9
10,79,55
10,80,0.0
10,81,55
10,82,55
10,83,0.0
10,84,55
10,85,55
10,86,0.0
10,87,55
10,88,9.9
10,89,55
10,90,55
10,91,9.9
10,92,55
10,93,55
10,94,0.0
10,95,55
10,96,0.0
10,97,0.0
10,98,0.0
10,99,0.0
10,100,0.0
10,101,0.0
10,102,55
10,103,55
10,104,55
10,105,0.0
10,106,55
10,107,9.9
10,108,0.0
10,109,9.9
10,110,55
10,111,55
10,112,55
10,113,9.9
10,114,0.0
10,115,55
10,116,0.0
10,117,55
10,118,9.9
10,119,55
10,120,55
10,121,0.0
10,122,55
10,123,9.9
10,124,9.9
10,125,0.0
10,126,0.0
10,127,0.0
10,128,9.9
10,129,9.9
10,130,9.9
10,131,0.0
10,132,0.0
10,133,0.0
10,134,0.0
10,135,9.9
10,136,0.0
10,137,0.0
10,138,9.9
10,139,9.9
10,140,9.9
10,141,9.9
10,142,9.9
10,143,0.0
10,144,9.9
10,145,9.9
10,146,0.0
10,147,9.9
10,148,0.0
10,149,0.0
10,150,0.0
10,151,0.0
10,152,0.0
10,153,9.9
10,154,9.9
10,155,9.9
10,156,0.0
10,157,0.0
10,158,0.0
10,159,9.9
10,160,9.9
10,161,0.0
10,162,9.9
10,163,9.9
10,164,9.9
10,165,0.0
10,166,0.0
10,167,9.9
10,168,9.9
10,169,9.9
10,170,9.9
10,171,0.0
10,172,9.9
10,173,9.9
10,174,0.0
10,175,0.0
10,176,9.9
10,177,0.0
10,178,0.0
10,179,9.9
10,180,9.9
10,181,9.9
10,182,9.9
10,183,9.9
10,184,0.0
10,185,0.0
10,186,0.0
10,187,0.0
10,188,0.0
10,189,9.9
10,190,0.0
10,191,0.0
10,192,0.0
10,193,0.0
10,194,0.0
10,195,0.0
10,196,9.9
10,197,9.9
10,198,0.0
10,199,9.9
10,200,9.9
10,201,0.0
11,0,9.9
11,1,9.9
11,2,9.9
11,3,55
11,4,55
11,5,55
11,6,9.9
11,7,55
11,8,55
11,9,55
11,10,55
11,11,0.0
11,12,55
11,13,55
11,14,55
11,15,55
11,16,0.0
11,17,55
11,18,0.0
11,19,9.9
11,20,55
11,21,9.9
11,22,55
11,23,0.0
11,24,55
11,25,55
11,26,9.9
11,27,0.0
11,28,9.9
11,29,0.0
11,30,55
11,31,55
11,32,9.9
11,33,55
11,34,0.0
11,35,0.0
11,36,9.9
11,37,9.9
11,38,55
11,39,0.0
11,40,55
11,41,55
11,42,55
11,43,55
11,44,55
11,45,9.9
11,46,0.0
11,47,55
11,48,55
11,49,0.0
11,50,9.9
11,51,55
11,52,0.0
11,53,55
11,54,9.9
11,55,55
11,56,9.9
11,57,55
11,58,55
11,59,55
11,60,0.0
11,61,55
11,62,9.9
11,63,0.0
11,64,55
11,65,9.9
11,66,55
11,67,0.0
11,68,55
11,69,9.9
11,70,9.9
11,71,55
11,72,9.9
11,73,55
11,74,0.0
11,75,9.9
11,76,0.0
11,77,0.0
11,78,0.0
11,79,0.0
11,80,9.9
11,81,55
11,82,55
11,83,55
11,84,9.9
11,85,55
11,86,55
11,87,55
11,88,55
11,89,0.0
11,90,9.9
11,91,55
11,92,0.0
11,93,0.0
11,94,0.0
11,95,9.9
11,96,55
11,97,9.9
11,98,9.9
11,99,9.9
11,100,9.9
11,101,0.0
11,102,55
11,103,9.9
11,104,55
11,105,55
11,106,9.9
11,107,55
11,108,9.9
11,109,9.9
11,110,0.0
11,111,55
11,112,0.0
11,113,55
11,114,55
11,115,9.9
11,116,9.9
11,117,55
11,118,55
11,119,55
11,120,55
11,121,0.0
11,122,55
11,123,55
11,124,0.0
11,125,9.9
11,126,0.0
11,127,0.0
11,128,9.9
11,129,0.0
11,130,0.0
11,131,0.0
11,132,9.9
11,133,9.9
11,134,0.0
11,135,9.9
11,136,0.0
11,137,0.0
11,138,9.9
11,139,0.0
11,140,0.0
11,141,0.0
11,142,0.0
11,143,0.0
11,144,9.9
11,145,0.0
11,146,9.9
11,147,9.9
11,148,0.0
11,149,0.0
11,150,0.0
11,151,0.0
11,152,0.0
11,153,9.9
11,154,0.0
11,155,0.0
11,156,0.0
11,157,9.9
11,158,0.0
11,159,9.9
11,160,0.0
11,161,9.9
11,162,9.9
11,163,0.0
11,164,0.0
11,165,0.0
11,166,0.0
11,167,9.9
11,168,0.0
11,169,0.0
11,170,0.0
11,171,0.0
11,172,9.9
11,173,0.0
11,174,9.9
11,175,0.0
11,176,9.9
11,177,0.0
11,178,0.0
11,179,9.9
11,180,0.0
11,181,0.0
11,182,0.0
11,183,0.0
11,184,0.0
11,185,9.9
11,186,9.9
11,187,0.0
11,188,0.0
11,189,9.9
11,190,0.0
11,191,9.9
11,192,9.9
11,193,9.9
11,194,9.9
11,195,9.9
11,196,9.9
11,197,0.0
11,198,9.9
11,199,9.9
11,200,0.0
11,201,0.0
12,0,0.0
12,1,0.0
12,2,0.0
12,3,55
12,4,55
12,5,0.0
12,6,55
12,7,0.0
12,8,55
12,9,55
12,10,55
12,11,55
12,12,55
12,13,55
12,14,55
12,15,55
12,16,0.0
12,17,9.9
12,18,55
12,19,9.9
12,20,0.0
12,21,55
12,22,0.0
12,23,55
12,24,55
12,25,0.0
12,26,55
12,27,55
12,28,9.9
12,29,55
12,30,55
12,31,9.9
12,32,55
12,33,0.0
12,34,55
12,35,55
12,36,9.9
12,37,0.0
12,38,55
12,39,0.0
12,40,55
12,41,55
12,42,55
12,43,55
12,44,9.9
12,45,55
12,46,9.9
12,47,55
12,48,55
12,49,55
12,50,9.9
12,51,0.0
12,52,55
12,53,55
12,54,55
12,55,55
12,56,55
12,57,55
12,58,9.9
12,59,55
12,60,9.9
12,61,55
12,62,55
12,63,55
12,64,55
12,65,55
12,66,55
12,67,0.0
12,68,55
12,69,55
12,70,0.0
12,71,55
12,72,55
12,73,0.0
12,74,55
12,75,9.9
12,76,0.0
12,77,9.9
12,78,9.9
12,79,55
12,80,9.9
12,81,55
12,82,9.9
12,83,9.9
12,84,55
12,85,0.0
12,86,0.0
12,87,0.0
12,88,55
12,89,0.0
12,90,9.9
12,91,0.0
12,92,9.9
12,93,55
12,94,0.0
12,95,9.9
12,96,55
12,97,55
12,98,0.0
12,99,0.0
12,100,0.0
12,101,9.9
12,102,55
12,103,55
12,104,55
12,105,9.9
12,106,55
12,107,0.0
12,108,55
12,109,0.0
12,110,55
12,111,9.9
12,112,9.9
12,113,9.9
12,114,9.9
12,115,55
12,116,0.0
12,117,55
12,118,55
12,119,55
12,120,0.0
12,121,55
12,122,55
12,123,55
12,124,55
12,125,9.9
12,126,9.9
12,127,0.0
12,128,9.9
12,129,0.0
12,130,9.9
12,131,0.0
12,132,9.9
12,133,0.0
12,134,9.9
12,135,9.9
12,136,9.9
12,137,0.0
12,138,9.9
12,139,0.0
12,140,9.9
12,141,9.9
12,142,9.9
12,143,0.0
12,144,9.9
12,145,0.0
12,146,9.9
12,147,0.0
12,148,9.9
12,149,0.0
12,150,0.0
12,151,0.0
12,152,0.0
12,153,9.9
12,154,0.0
12,155,9.9
12,156,0.0
12,157,9.9
12,158,9.9
12,159,9.9
12,160,0.0
12,161,9.9
12,162,0.0
12,163,0.0
12,164,9.9
12,165,0.0
12,166,0.0
12,167,9.9
12,168,0.0
12,169,9.9
12,170,9.9
12,171,0.0
12,172,9.9
12,173,0.0
12,174,9.9
12,175,9.9
12,176,9.9
12,177,9.9
12,178,0.0
12,179,9.9
12,180,0.0
12,181,9.9
12,182,9.9
12,183,9.9
12,184,0.0
12,185,9.9
12,186,0.0
12,187,9.9
12,188,0.0
12,189,9.9
12,190,9.9
12,191,9.9
12,192,0.0
12,193,0.0
12,194,0.0
12,195,0.0
12,196,0.0
12,197,0.0
12,198,9.9
12,199,0.0
12,200,0.0
12,201,0.0
13,0,55
13,1,9.9
13,2,9.9
13,3,9.9
13,4,0.0
13,5,0.0
13,6,9.9
13,7,9.9
13,8,9.9
13,9,55
13,10,0.0
13,11,0.0
13,12,9.9
13,13,9.9
13,14,55
13,15,55
13,16,55
13,17,9.9
13,18,55
13,19,55
13,20,55
13,21,9.9
13,22,0.0
13,23,55
13,24,0.0
13,25,0.0
13,26,9.9
13,27,9.9
13,28,55
13,29,55
13,30,0.0
13,31,55
13,32,0.0
13,33,9.9
13,34,55
13,35,0.0
13,36,55
13,37,0.0
13,38,9.9
13,39,55
13,40,55
13,41,9.9
13,42,55
13,43,55
13,44,55
13,45,0.0
13,46,55
13,47,55
13,48,9.9
13,49,0.0
13,50,55
13,51,55
13,52,55
13,53,9.9
13,54,55
13,55,55
13,56,55
13,57,55
13,58,55
13,59,55
13,60,55
13,61,55
13,62,55
13,63,9.9
13,64,0.0
13,65,55
13,66,55
13,67,55
13,68,55
13,69,55
13,70,55
13,71,9.9
13,72,55
13,73,0.0
13,74,55
13,75,55
13,76,9.9
13,77,9.9
13,78,0.0
13,79,55
13,80,55
13,81,0.0
13,82,55
13,83,0.0
13,84,0.0
13,85,0.0
13,86,55
13,87,55
13,88,55
13,89,55
13,90,9.9
13,91,55
13,92,9.9
13,93,55
13,94,55
13,95,9.9
13,96,0.0
13,97,55
13,98,55
13,99,9.9
13,100,9.9
13,101,9.9
13,102,55
13,103,55
13,104,55
13,105,55
13,106,0.0
13,107,9.9
13,108,9.9
13,109,55
13,110,55
13,111,55
13,112,0.0
13,113,0.0
13,114,0.0
13,115,0.0
13,116,55
13,117,9.9
13,118,0.0
13,119,9.9
13,120,0.0
13,121,55
13,122,9.9
13,123,9.9
13,124,9.9
13,125,55
13,126,0.0
13,127,9.9
13,128,9.9
13,129,9.9
13,130,9.9
13,131,9.9
13,132,9.9
13,133,0.0
13,134,9.9
13,135,0.0
13,136,0.0
13,137,9.9
13,138,9.9
13,139,9.9
13,140,9.9
13,141,0.0
13,142,0.0
13,143,9.9
13,144,9.9
13,145,9.9
13,146,9.9
13,147,0.0
13,148,9.9
13,149,9.9
13,150,0.0
13,151,0.0
13,152,0.0
13,153,9.9
13,154,9.9
13,155,9.9
13,156,9.9
13,157,9.9
13,158,0.0
13,159,0.0
13,160,9.9
13,161,9.9
13,162,0.0
13,163,0.0
13,164,9.9
13,165,9.9
13,166,0.0
13,167,9.9
13,168,9.9
13,169,9.9
13,170,0.0
13,171,9.9
13,172,9.9
13,173,9.9
13,174,9.9
13,175,0.0
13,176,0.0
13,177,0.0
13,178,9.9
13,179,9.9
13,180,9.9
13,181,9.9
13,182,0.0
13,183,0.0
13,184,9.9
13,185,9.9
13,186,0.0
13,187,9.9
13,188,9.9
13,189,9.9
13,190,0.0
13,191,0.0
13,192,0.0
13,193,9.9
13,194,9.9
13,195,9.9
13,196,9.9
13,197,0.0
13,198,9.9
13,199,0.0
13,200,0.0
13,201,0.0
14,0,0.0
14,1,55
14,2,0.0
14,3,0.0
14,4,55
14,5,0.0
14,6,9.9
14,7,0.0
14,8,0.0
14,9,0.0
14,10,9.9
14,11,55
14,12,9.9
14,13,0.0
14,14,55
14,15,55
14,16,9.9
14,17,55
14,18,0.0
14,19,55
14,20,9.9
14,21,55
14,22,9.9
14,23,55
14,24,0.0
14,25,0.0
14,26,9.9
14,27,0.0
14,28,0.0
14,29,55
14,30,9.9
14,31,9.9
14,32,9.9
14,33,9.9
14,34,55
14,35,0.0
14,36,9.9
14,37,55
14,38,9.9
14,39,55
14,40,0.0
14,41,55
14,42,55
14,43,55
14,44,55
14,45,0.0
14,46,9.9
14,47,55
14,48,55
14,49,55
14,50,9.9
14,51,0.0
14,52,9.9
14,53,55
14,54,55
14,55,55
14,56,55
14,57,55
14,58,55
14,59,55
14,60,55
14,61,55
14,62,0.0
14,63,55
14,64,55
14,65,55
14,66,9.9
14,67,0.0
14,68,0.0
14,69,9.9
14,70,9.9
14,71,55
14,72,0.0
14,73,55
14,74,55
14,75,55
14,76,55
14,77,0.0
14,78,0.0
14,79,9.9
14,80,55
14,81,0.0
14,82,9.9
14,83,55
14,84,55
14,85,0.0
14,86,55
14,87,0.0
14,88,9.9
14,89,0.0
14,90,55
14,91,55
14,92,55
14,93,0.0
14,94,9.9
14,95,55
14,96,55
14,97,9.9
14,98,0.0
14,99,55
14,100,0.0
14,101,0.0
14,102,0.0
14,103,0.0
14,104,55
14,105,55
14,106,0.0
14,107,9.9
14,108,0.0
14,109,55
14,110,0.0
14,111,55
14,112,55
14,113,9.9
14,114,9.9
14,115,55
14,116,55
14,117,55
14,118,55
14,119,9.9
14,120,9.9
14,121,55
14,122,55
14,123,0.0
14,124,0.0
14,125,0.0
14,126,55
14,127,9.9
14,128,0.0
14,129,0.0
14,130,0.0
14,131,0.0
14,132,0.0
14,133,9.9
14,134,9.9
14,135,0.0
14,136,9.9
14,137,9.9
14,138,0.0
14,139,0.0
14,140,0.0
14,141,0.0
14,142,9.9
14,143,9.9
14,144,0.0
14,145,0.0
14,146,0.0
14,147,9.9
14,148,9.9
14,149,0.0
14,150,9.9
14,151,0.0
14,152,0.0
14,153,9.9
14,154,0.0
14,155,0.0
14,156,0.0
14,157,0.0
14,158,0.0
14,159,9.9
14,160,9.9
14,161,0.0
14,162,9.9
14,163,0.0
14,164,9.9
14,165,0.0
14,166,9.9
14,167,9.9
14,168,0.0
14,169,0.0
14,170,0.0
14,171,9.9
14,172,0.0
14,173,0.0
14,174,0.0
14,175,0.0
14,176,9.9
14,177,9.9
14,178,9.9
14,179,0.0
14,180,0.0
14,181,0.0
14,182,0.0
14,183,9.9
14,184,9.9
14,185,0.0
14,186,9.9
14,187,9.9
14,188,0.0
14,189,0.0
14,190,0.0
14,191,9.9
14,192,0.0
14,193,9.9
14,194,0.0
14,195,0.0
14,196,0.0
14,197,9.9
14,198,9.9
14,199,9.9
14,200,0.0
14,201,0.0
15,0,9.9
15,1,9.9
15,2,55
15,3,9.9
15,4,55
15,5,55
15,6,9.9
15,7,0.0
15,8,9.9
15,9,55
15,10,9.9
15,11,55
15,12,55
15,13,0.0
15,14,9.9
15,15,0.0
15,16,55
15,17,0.0
15,18,0.0
15,19,9.9
15,20,55
15,21,0.0
15,22,55
15,23,55
15,24,55
15,25,0.0
15,26,9.9
15,27,0.0
15,28,55
15,29,55
15,30,55
15,31,0.0
15,32,0.0
15,33,0.0
15,34,0.0
15,35,55
15,36,9.9
15,37,55
15,38,55
15,39,0.0
15,40,9.9
15,41,9.9
15,42,55
15,43,0.0
15,44,55
15,45,55
15,46,9.9
15,47,0.0
15,48,55
15,49,0.0
15,50,55
15,51,55
15,52,9.9
15,53,0.0
15,54,55
15,55,0.0
15,56,55
15,57,55
15,58,55
15,59,0.0
15,60,55
15,61,55
15,62,9.9
15,63,9.9
15,64,9.9
15,65,0.0
15,66,55
15,67,55
15,68,55
15,69,9.9
15,70,0.0
15,71,0.0
15,72,0.0
15,73,55
15,74,9.9
15,75,9.9
15,76,55
15,77,55
15,78,0.0
15,79,9.9
15,80,0.0
15,81,55
15,82,9.9
15,83,55
15,84,0.0
15,85,55
15,86,55
15,87,0.0
15,88,9.9
15,89,55
15,90,9.9
15,91,55
15,92,55
15,93,0.0
15,94,9.9
15,95,0.0
15,96,9.9
15,97,55
15,98,55
15,99,9.9
15,100,55
15,101,9.9
15,102,55
15,103,55
15,104,55
15,105,55
15,106,55
15,107,9.9
15,108,0.0
15,109,9.9
15,110,9.9
15,111,55
15,112,9.9
15,113,55
15,114,0.0
15,115,55
15,116,9.9
15,117,55
15,118,9.9
15,119,55
15,120,0.0
15,121,55
15,122,55
15,123,55
15,124,9.9
15,125,55
15,126,55
15,127,55
15,128,0.0
15,129,9.9
15,130,9.9
15,131,9.9
15,132,9.9
15,133,9.9
15,134,0.0
15,135,9.9
15,136,9.9
15,137,0.0
15,138,0.0
15,139,9.9
15,140,9.9
15,141,0.0
15,142,9.9
15,143,0.0
15,144,0.0
15,145,9.9
15,146,9.9
15,147,9.9
15,148,0.0
15,149,0.0
15,150,9.9
15,151,9.9
15,152,0.0
15,153,9.9
15,154,0.0
15,155,9.9
15,156,9.9
15,157,9.9
15,158,0.0
15,159,9.9
15,160,0.0
15,161,0.0
15,162,9.9
15,163,9.9
15,164,9.9
15,165,0.0
15,166,9.9
15,167,0.0
15,168,0.0
15,169,9.9
15,170,0.0
15,171,9.9
15,172,0.0
15,173,9.9
15,174,9.9
15,175,0.0
15,176,9.9
15,177,0.0
15,178,0.0
15,179,0.0
15,180,9.9
15,181,9.9
15,182,0.0
15,183,9.9
15,184,0.0
15,185,0.0
15,186,9.9
15,187,0.0
15,188,0.0
15,189,9.9
15,190,0.0
15,191,9.9
15,192,9.9
15,193,9.9
15,194,0.0
15,195,9.9
15,196,9.9
15,197,9.9
15,198,0.0
15,199,0.0
15,200,9.9
15,201,0.0
16,0,55
16,1,0.0
16,2,55
16,3,55
16,4,55
16,5,0.0
16,6,55
16,7,9.9
16,8,9.9
16,9,55
16,10,55
16,11,0.0
16,12,55
16,13,55
16,14,9.9
16,15,55
16,16,9.9
16,17,9.9
16,18,0.0
16,19,9.9
16,20,0.0
16,21,0.0
16,22,9.9
16,23,55
16,24,9.9
16,25,55
16,26,9.9
16,27,9.9
16,28,55
16,29,9.9
16,30,55
16,31,55
16,32,9.9
16,33,9.9
16,34,55
16,35,55
16,36,55
16,37,0.0
16,38,55
16,39,9.9
16,40,9.9
16,41,0.0
16,42,0.0
16,43,9.9
16,44,55
16,45,0.0
16,46,55
16,47,55
16,48,9.9
16,49,9.9
16,50,9.9
16,51,0.0
16,52,55
16,53,55
16,54,9.9
16,55,9.9
16,56,55
16,57,55
16,58,55
16,59,9.9
16,60,55
16,61,55
16,62,55
16,63,0.0
16,64,0.0
16,65,55
16,66,9.9
16,67,9.9
16,68,9.9
16,69,55
16,70,0.0
16,71,55
16,72,0.0
16,73,55
16,74,55
16,75,0.0
16,76,55
16,77,9.9
16,78,55
16,79,9.9
16,80,55
16,81,55
16,82,55
16,83,0.0
16,84,9.9
16,85,55
16,86,0.0
16,87,55
16,88,9.9
16,89,55
16,90,55
16,91,55
16,92,55
16,93,55
16,94,9.9
16,95,55
16,96,9.9
16,97,0.0
16,98,0.0
16,99,55
16,100,55
16,101,55
16,102,55
16,103,0.0
16,104,9.9
16,105,9.9
16,106,0.0
16,107,55
16,108,9.9
16,109,9.9
16,110,0.0
16,111,55
16,112,55
16,113,0.0
16,114,55
16,115,9.9
16,116,55
16,117,55
16,118,55
16,119,0.0
16,120,55
16,121,9.9
16,122,0.0
16,123,9.9
16,124,55
16,125,55
16,126,9.9
16,127,55
16,128,55
16,129,9.9
16,130,0.0
16,131,0.0
16,132,0.0
16,133,0.0
16,134,0.0
16,135,9.9
16,136,0.0
16,137,0.0
16,138,0.0
16,139,9.9
16,140,0.0
16,141,9.9
16,142,9.9
16,143,0.0
16,144,0.0
16,145,9.9
16,146,0.0
16,147,0.0
16,148,0.0
16,149,0.0
16,150,9.9
16,151,0.0
16,152,9.9
16,153,9.9
16,154,9.9
16,155,9.9
16,156,0.0
16,157,0.0
16,158,9.9
16,159,9.9
16,160,0.0
16,161,0.0
16,162,9.9
16,163,0.0
16,164,0.0
16,165,9.9
16,166,9.9
16,167,0.0
16,168,0.0
16,169,9.9
16,170,9.9
16,171,9.9
16,172,9.9
16,173,9.9
16,174,0.0
16,175,9.9
16,176,9.9
16,177,0.0
16,178,9.9
16,179,0.0
16,180,9.9
16,181,0.0
16,182,9.9
16,183,9.9
16,184,0.0
16,185,0.0
16,186,9.9
16,187,0.0
16,188,0.0
16,189,9.9
16,190,9.9
16,191,9.9
16,192,0.0
16,193,0.0
16,194,9.9
16,195,9.9
16,196,0.0
16,197,0.0
16,198,0.0
16,199,9.9
16,200,9.9
16,201,9.9
17,0,55
17,1,55
17,2,9.9
17,3,55
17,4,55
17,5,9.9
17,6,9.9
17,7,55
17,8,0.0
17,9,0.0
17,10,55
17,11,9.9
17,12,9.9
17,13,9.9
17,14,55
17,15,55
17,16,55
17,17,0.0
17,18,9.9
17,19,9.9
17,20,55
17,21,0.0
17,22,9.9
17,23,55
17,24,55
17,25,55
17,26,55
17,27,0.0
17,28,55
17,29,55
17,30,55
17,31,9.9
17,32,55
17,33,0.0
17,34,55
17,35,0.0
17,36,55
17,37,0.0
17,38,9.9
17,39,55
17,40,0.0
17,41,0.0
17,42,55
17,43,9.9
17,44,55
17,45,0.0
17,46,9.9
17,47,9.9
17,48,55
17,49,0.0
17,50,0.0
17,51,55
17,52,9.9
17,53,9.9
17,54,55
17,55,0.0
17,56,55
17,57,9.9
17,58,55
17,59,55
17,60,55
17,61,9.9
17,62,55
17,63,55
17,64,9.9
17,65,55
17,66,55
17,67,0.0
17,68,0.0
17,69,0.0
17,70,55
17,71,55
17,72,55
17,73,55
17,74,55
17,75,55
17,76,9.9
17,77,55
17,78,55
17,79,55
17,80,55
17,81,9.9
17,82,55
17,83,9.9
17,84,9.9
17,85,55
17,86,0.0
17,87,55
17,88,55
17,89,0.0
17,90,55
17,91,55
17,92,0.0
17,93,0.0
17,94,55
17,95,55
17,96,55
17,97,55
17,98,55
17,99,9.9
17,100,55
17,101,55
17,102,55
17,103,9.9
17,104,9.9
17,105,0.0
17,106,55
17,107,9.9
17,108,55
17,109,0.0
17,110,0.0
17,111,9.9
17,112,55
17,113,9.9
17,114,55
17,115,55
17,116,0.0
17,117,55
17,118,55
17,119,9.9
17,120,55
17,121,55
17,122,55
17,123,9.9
17,124,0.0
17,125,55
17,126,55
17,127,55
17,128,0.0
17,129,55
17,130,0.0
17,131,9.9
17,132,9.9
17,133,9.9
17,134,0.0
17,135,9.9
17,136,0.0
17,137,0.0
17,138,0.0
17,139,9.9
17,140,0.0
17,141,9.9
17,142,0.0
17,143,9.9
17,144,0.0
17,145,9.9
17,146,0.0
17,147,9.9
17,148,0.0
17,149,0.0
17,150,9.9
17,151,0.0
17,152,9.9
17,153,0.0
17,154,0.0
17,155,0.0
17,156,0.0
17,157,9.9
17,158,9.9
17,159,0.0
17,160,9.9
17,161,0.0
17,162,9.9
17,163,0.0
17,164,9.9
17,165,9.9
17,166,0.0
17,167,9.9
17,168,0.0
17,169,9.9
17,170,0.0
17,171,0.0
17,172,0.0
17,173,0.0
17,174,0.0
17,175,9.9
17,176,0.0
17,177,9.9
17,178,9.9
17,179,9.9
17,180,9.9
17,181,0.0
17,182,9.9
17,183,0.0
17,184,9.9
17,185,0.0
17,186,9.9
17,187,9.9
17,188,0.0
17,189,9.9
17,190,0.0
17,191,0.0
17,192,0.0
17,193,9.9
17,194,9.9
17,195,0.0
17,196,0.0
17,197,9.9
17,198,0.0
17,199,9.9
17,200,0.0
17,201,0.0
18,0,9.9
18,1,0.0
18,2,55
18,3,0.0
18,4,0.0
18,5,55
18,6,0.0
18,7,0.0
18,8,55
18,9,55
18,10,9.9
18,11,55
18,12,0.0
18,13,0.0
18,14,0.0
18,15,55
18,16,55
18,17,55
18,18,9.9
18,19,0.0
18,20,55
18,21,55
18,22,9.9
18,23,0.0
18,24,55
18,25,55
18,26,55
18,27,55
18,28,9.9
18,29,55
18,30,55
18,31,55
18,32,0.0
18,33,55
18,34,9.9
18,35,9.9
18,36,55
18,37,55
18,38,9.9
18,39,0.0
18,40,55
18,41,0.0
18,42,55
18,43,55
18,44,0.0
18,45,55
18,46,9.9
18,47,0.0
18,48,0.0
18,49,55
18,50,9.9
18,51,55
18,52,55
18,53,0.0
18,54,0.0
18,55,55
18,56,9.9
18,57,55
18,58,55
18,59,55
18,60,55
18,61,55
18,62,55
18,63,9.9
18,64,55
18,65,55
18,66,55
18,67,55
18,68,9.9
18,69,55
18,70,55
18,71,0.0
18,72,0.0
18,73,0.0
18,74,9.9
18,75,9.9
18,76,55
18,77,0.0
18,78,55
18,79,55
18,80,55
18,81,55
18,82,55
18,83,55
18,84,0.0
18,85,0.0
18,86,55
18,87,55
18,88,55
18,89,0.0
18,90,9.9
18,91,0.0
18,92,0.0
18,93,55
18,94,9.9
18,95,55
18,96,55
18,97,9.9
18,98,9.9
18,99,55
18,100,55
18,101,55
18,102,0.0
18,103,55
18,104,0.0
18,105,0.0
18,106,55
18,107,55
18,108,0.0
18,109,55
18,110,0.0
18,111,9.9
18,112,0.0
18,113,55
18,114,55
18,115,55
18,116,9.9
18,117,55
18,118,55
18,119,55
18,120,55
18,121,55
18,122,9.9
18,123,55
18,124,55
18,125,9.9
18,126,55
18,127,55
18,128,9.9
18,129,9.9
18,130,55
18,131,9.9
18,132,0.0
18,133,0.0
18,134,9.9
18,135,9.9
18,136,9.9
18,137,0.0
18,138,0.0
18,139,9.9
18,140,9.9
18,141,9.9
18,142,0.0
18,143,9.9
18,144,9.9
18,145,9.9
18,146,9.9
18,147,9.9
18,148,9.9
18,149,0.0
18,150,9.9
18,151,9.9
18,152,9.9
18,153,0.0
18,154,9.9
18,155,9.9
18,156,0.0
18,157,9.9
18,158,0.0
18,159,0.0
18,160,9.9
18,161,9.9
18,162,9.9
18,163,9.9
18,164,9.9
18,165,0.0
18,166,0.0
18,167,9.9
18,168,9.9
18,169,9.9
18,170,0.0
18,171,9.9
18,172,9.9
18,173,9.9
18,174,0.0
18,175,9.9
18,176,0.0
18,177,9.9
18,178,0.0
18,179,0.0
18,180,0.0
18,181,9.9
18,182,9.9
18,183,0.0
18,184,9.9
18,185,9.9
18,186,9.9
18,187,0.0
18,188,9.9
18,189,9.9
18,190,0.0
18,191,9.9
18,192,0.0
18,193,9.9
18,194,0.0
18,195,0.0
18,196,0.0
18,197,9.9
18,198,9.9
18,199,9.9
18,200,0.0
18,201,9.9
19,0,55
19,1,55
19,2,9.9
19,3,9.9
19,4,55
19,5,9.9
19,6,55
19,7,55
19,8,55
19,9,9.9
19,10,55
19,11,0.0
19,12,55
19,13,9.9
19,14,55
19,15,9.9
19,16,55
19,17,0.0
19,18,55
19,19,0.0
19,20,9.9
19,21,9.9
19,22,55
19,23,55
19,24,9.9
19,25,0.0
19,26,55
19,27,0.0
19,28,55
19,29,0.0
19,30,55
19,31,55
19,32,0.0
19,33,55
19,34,55
19,35,0.0
19,36,55
19,37,0.0
19,38,55
19,39,55
19,40,55
19,41,55
19,42,55
19,43,55
19,44,0.0
19,45,55
19,46,55
19,47,0.0
19,48,55
19,49,55
19,50,55
19,51,55
19,52,55
19,53,55
19,54,55
19,55,55
19,56,55
19,57,0.0
19,58,55
19,59,0.0
19,60,9.9
19,61,55
19,62,55
19,63,55
19,64,0.0
19,65,55
19,66,0.0
19,67,9.9
19,68,55
19,69,55
19,70,0.0
19,71,0.0
19,72,55
19,73,55
19,74,9.9
19,75,0.0
19,76,0.0
19,77,0.0
19,78,9.9
19,79,55
19,80,55
19,81,55
19,82,55
19,83,55
19,84,55
19,85,55
19,86,55
19,87,9.9
19,88,9.9
19,89,55
19,90,9.9
19,91,55
19,92,0.0
19,93,55
19,94,55
19,95,0.0
19,96,55
19,97,55
19,98,0.0
19,99,0.0
19,100,55
19,101,0.0
19,102,0.0
19,103,9.9
19,104,55
19,105,0.0
19,106,55
19,107,55
19,108,0.0
19,109,55
19,110,55
19,111,9.9
19,112,55
19,113,9.9
19,114,55
19,115,0.0
19,116,55
19,117,55
19,118,9.9
19,119,55
19,120,55
19,121,0.0
19,122,55
19,123,0.0
19,124,9.9
19,125,55
19,126,0.0
19,127,0.0
19,128,55
19,129,0.0
19,130,55
19,131,55
19,132,0.0
19,133,9.9
19,134,9.9
19,135,0.0
19,136,0.0
19,137,9.9
19,138,0.0
19,139,9.9
19,140,0.0
19,141,0.0
19,142,9.9
19,143,9.9
19,144,0.0
19,145,0.0
19,146,0.0
19,147,0.0
19,148,0.0
19,149,9.9
19,150,9.9
19,151,0.0
19,152,0.0
19,153,9.9
19,154,9.9
19,155,0.0
19,156,9.9
19,157,9.9
19,158,0.0
19,159,0.0
19,160,9.9
19,161,0.0
19,162,0.0
19,163,0.0
19,164,0.0
19,165,0.0
19,166,0.0
19,167,9.9
19,168,0.0
19,169,0.0
19,170,9.9
19,171,9.9
19,172,0.0
19,173,0.0
19,174,9.9
19,175,9.9
19,176,9.9
19,177,9.9
19,178,0.0
19,179,9.9
19,180,9.9
19,181,9.9
19,182,0.0
19,183,9.9
19,184,9.9
19,185,0.0
19,186,0.0
19,187,0.0
19,188,9.9
19,189,0.0
19,190,9.9
19,191,9.9
19,192,9.9
19,193,9.9
19,194,0.0
19,195,0.0
19,196,0.0
19,197,9.9
19,198,0.0
19,199,0.0
19,200,9.9
19,201,9.9
20,0,9.9
20,1,9.9
20,2,55
20,3,0.0
20,4,55
20,5,55
20,6,55
20,7,9.9
20,8,9.9
20,9,55
20,10,0.0
20,11,9.9
20,12,55
20,13,55
20,14,55
20,15,55
20,16,0.0
20,17,9.9
20,18,9.9
20,19,55
20,20,9.9
20,21,0.0
20,22,0.0
20,23,0.0
20,24,55
20,25,55
20,26,55
20,27,0.0
20,28,9.9
20,29,0.0
20,30,9.9
20,31,55
20,32,55
20,33,55
20,34,55
20,35,55
20,36,9.9
20,37,9.9
20,38,9.9
20,39,0.0
20,40,0.0
20,41,0.0
20,42,9.9
20,43,9.9
20,44,55
20,45,55
20,46,55
20,47,55
20,48,55
20,49,9.9
20,50,55
20,51,55
20,52,0.0
20,53,9.9
20,54,0.0
20,55,9.9
20,56,55
20,57,9.9
20,58,55
20,59,0.0
20,60,9.9
20,61,55
20,62,9.9
20,63,55
20,64,0.0
20,65,55
20,66,0.0
20,67,9.9
20,68,0.0
20,69,55
20,70,9.9
20,71,0.0
20,72,55
20,73,0.0
20,74,55
20,75,0.0
20,76,55
20,77,0.0
20,78,9.9
20,79,0.0
20,80,55
20,81,55
20,82,0.0
20,83,55
20,84,0.0
20,85,9.9
20,86,0.0
20,87,55
20,88,0.0
20,89,55
20,90,55
20,91,55
20,92,55
20,93,55
20,94,55
20,95,9.9
20,96,9.9
20,97,55
20,98,55
20,99,55
20,100,9.9
20,101,9.9
20,102,0.0
20,103,9.9
20,104,55
20,105,55
20,106,55
20,107,9.9
20,108,55
20,109,55
20,110,0.0
20,111,55
20,112,55
20,113,55
20,114,55
20,115,0.0
20,116,9.9
20,117,55
20,118,55
20,119,55
20,120,9.9
20,121,0.0
20,122,9.9
20,123,9.9
20,124,9.9
20,125,0.0
20,126,0.0
20,127,55
20,128,9.9
20,129,55
20,130,9.9
20,131,55
20,132,55
20,133,9.9
20,134,0.0
20,135,0.0
20,136,9.9
20,137,9.9
20,138,9.9
20,139,9.9
20,140,0.0
20,141,9.9
20,142,9.9
20,143,0.0
20,144,0.0
20,145,9.9
20,146,9.9
20,147,9.9
20,148,9.9
20,149,9.9
20,150,0.0
20,151,0.0
20,152,9.9
20,153,9.9
20,154,0.0
20,155,0.0
20,156,9.9
20,157,0.0
20,158,9.9
20,159,0.0
20,160,9.9
20,161,0.0
20,162,9.9
20,163,9.9
20,164,9.9
20,165,0.0
20,166,0.0
20,167,9.9
20,168,0.0
20,169,9.9
20,170,9.9
20,171,0.0
20,172,0.0
20,173,9.9
20,174,9.9
20,175,0.0
20,176,0.0
20,177,0.0
20,178,9.9
20,179,9.9
20,180,0.0
20,181,0.0
20,182,0.0
20,183,9.9
20,184,0.0
20,185,0.0
20,186,9.9
20,187,0.0
20,188,9.9
20,189,0.0
20,190,9.9
20,191,0.0
20,192,0.0
20,193,0.0
20,194,9.9
20,195,0.0
20,196,0.0
20,197,9.9
20,198,0.0
20,199,9.9
20,200,9.9
20,201,0.0
21,0,9.9
21,1,0.0
21,2,0.0
21,3,55
21,4,9.9
21,5,55
21,6,55
21,7,55
21,8,0.0
21,9,0.0
21,10,9.9
21,11,9.9
21,12,55
21,13,55
21,14,55
21,15,55
21,16,9.9
21,17,9.9
21,18,0.0
21,19,55
21,20,55
21,21,0.0
21,22,55
21,23,55
21,24,9.9
21,25,0.0
21,26,0.0
21,27,55
21,28,9.9
21,29,9.9
21,30,9.9
21,31,0.0
21,32,9.9
21,33,0.0
21,34,9.9
21,35,9.9
21,36,55
21,37,0.0
21,38,0.0
21,39,55
21,40,55
21,41,55
21,42,9.9
21,43,0.0
21,44,55
21,45,0.0
21,46,9.9
21,47,0.0
21,48,9.9
21,49,55
21,50,55
21,51,9.9
21,52,0.0
21,53,9.9
21,54,55
21,55,9.9
21,56,55
21,57,55
21,58,55
21,59,55
21,60,9.9
21,61,0.0
21,62,55
21,63,55
21,64,55
21,65,55
21,66,55
21,67,9.9
21,68,55
21,69,55
21,70,55
21,71,9.9
21,72,55
21,73,0.0
21,74,9.9
21,75,55
21,76,55
21,77,55
21,78,9.9
21,79,55
21,80,9.9
21,81,55
21,82,9.9
21,83,55
21,84,0.0
21,85,9.9
21,86,55
21,87,9.9
21,88,55
21,89,9.9
21,90,55
21,91,55
21,92,9.9
21,93,9.9
21,94,9.9
21,95,55
21,96,0.0
21,97,0.0
21,98,0.0
21,99,0.0
21,100,55
21,101,0.0
21,102,9.9
21,103,9.9
21,104,0.0
21,105,9.9
21,106,0.0
21,107,55
21,108,55
21,109,9.9
21,110,0.0
21,111,9.9
21,112,55
21,113,55
21,114,55
21,115,55
21,116,9.9
21,117,0.0
21,118,55
21,119,55
21,120,55
21,121,9.9
21,122,9.9
21,123,0.0
21,124,0.0
21,125,55
21,126,0.0
21,127,55
21,128,55
21,129,55
21,130,55
21,131,0.0
21,132,9.9
21,133,55
21,134,0.0
21,135,0.0
21,136,9.9
21,137,0.0
21,138,0.0
21,139,0.0
21,140,9.9
21,141,9.9
21,142,0.0
21,143,0.0
21,144,0.0
21,145,9.9
21,146,0.0
21,147,0.0
21,148,0.0
21,149,0.0
21,150,0.0
21,151,0.0
21,152,9.9
21,153,0.0
21,154,0.0
21,155,0.0
21,156,9.9
21,157,0.0
21,158,9.9
21,159,9.9
21,160,9.9
21,161,9.9
21,162,9.9
21,163,0.0
21,164,0.0
21,165,9.9
21,166,0.0
21,167,9.9
21,168,9.9
21,169,9.9
21,170,0.0
21,171,0.0
21,172,0.0
21,173,9.9
21,174,0.0
21,175,0.0
21,176,9.9
21,177,9.9
21,178,9.9
21,179,0.0
21,180,0.0
21,181,9.9
21,182,0.0
21,183,9.9
21,184,0.0
21,185,0.0
21,186,9.9
21,187,9.9
21,188,9.9
21,189,9.9
21,190,9.9
21,191,0.0
21,192,9.9
21,193,9.9
21,194,9.9
21,195,9.9
21,196,0.0
21,197,9.9
21,198,9.9
21,199,9.9
21,200,0.0
21,201,0.0
22,0,55
22,1,0.0
22,2,55
22,3,55
22,4,55
22,5,0.0
22,6,55
22,7,55
22,8,55
22,9,55
22,10,9.9
22,11,0.0
22,12,0.0
22,13,0.0
22,14,9.9
22,15,55
22,16,55
22,17,0.0
22,18,0.0
22,19,9.9
22,20,55
22,21,55
22,22,55
22,23,0.0
22,24,55
22,25,55
22,26,55
22,27,55
22,28,55
22,29,0.0
22,30,0.0
22,31,55
22,32,9.9
22,33,55
22,34,9.9
22,35,0.0
22,36,0.0
22,37,55
22,38,9.9
22,39,55
22,40,9.9
22,41,0.0
22,42,55
22,43,0.0
22,44,9.9
22,45,9.9
22,46,9.9
22,47,55
22,48,9.9
22,49,0.0
22,50,55
22,51,55
22,52,9.9
22,53,9.9
22,54,55
22,55,55
22,56,0.0
22,57,55
22,58,55
22,59,9.9
22,60,55
22,61,55
22,62,9.9
22,63,55
22,64,9.9
22,65,9.9
22,66,0.0
22,67,55
22,68,55
22,69,0.0
22,70,55
22,71,55
22,72,55
22,73,55
22,74,9.9
22,75,55
22,76,0.0
22,77,0.0
22,78,55
22,79,55
22,80,55
22,81,0.0
22,82,55
22,83,55
22,84,55
22,85,9.9
22,86,55
22,87,55
22,88,55
22,89,55
22,90,0.0
22,91,55
22,92,55
22,93,0.0
22,94,0.0
22,95,0.0
22,96,55
22,97,55
22,98,55
22,99,55
22,100,9.9
22,101,55
22,102,9.9
22,103,0.0
22,104,55
22,105,9.9
22,106,55
22,107,9.9
22,108,55
22,109,55
22,110,9.9
22,111,9.9
22,112,55
22,113,55
22,114,0.0
22,115,0.0
22,116,55
22,117,55
22,118,9.9
22,119,0.0
22,120,55
22,121,55
22,122,0.0
22,123,0.0
22,124,9.9
22,125,55
22,126,55
22,127,55
22,128,55
22,129,55
22,130,55
22,131,9.9
22,132,9.9
22,133,0.0
22,134,55
22,135,0.0
22,136,9.9
22,137,0.0
22,138,9.9
22,139,9.9
22,140,9.9
22,141,0.0
22,142,0.0
22,143,0.0
22,144,0.0
22,145,9.9
22,146,0.0
22,147,9.9
22,148,9.9
22,149,9.9
22,150,0.0
22,151,0.0
22,152,9.9
22,153,0.0
22,154,0.0
22,155,0.0
22,156,9.9
22,157,9.9
22,158,9.9
22,159,0.0
22,160,0.0
22,161,0.0
22,162,0.0
22,163,0.0
22,164,9.9
22,165,9.9
22,166,9.9
22,167,9.9
22,168,0.0
22,169,0.0
22,170,0.0
22,171,0.0
22,172,0.0
22,173,9.9
22,174,0.0
22,175,0.0
22,176,9.9
22,177,0.0
22,178,0.0
22,179,0.0
22,180,0.0
22,181,9.9
22,182,9.9
22,183,9.9
22,184,9.9
22,185,0.0
22,186,9.9
22,187,0.0
22,188,0.0
22,189,0.0
22,190,0.0
22,191,9.9
22,192,9.9
22,193,0.0
22,194,0.0
22,195,0.0
22,196,9.9
22,197,9.9
22,198,0.0
22,199,0.0
22,200,0.0
22,201,0.0
23,0,9.9
23,1,55
23,2,55
23,3,9.9
23,4,55
23,5,0.0
23,6,9.9
23,7,55
23,8,0.0
23,9,0.0
23,10,55
23,11,0.0
23,12,55
23,13,55
23,14,9.9
23,15,55
23,16,55
23,17,55
23,18,0.0
23,19,9.9
23,20,0.0
23,21,9.9
23,22,9.9
23,23,0.0
23,24,9.9
23,25,9.9
23,26,9.9
23,27,0.0
23,28,55
23,29,55
23,30,9.9
23,31,55
23,32,55
23,33,55
23,34,55
23,35,0.0
23,36,55
23,37,55
23,38,55
23,39,55
23,40,55
23,41,55
23,42,9.9
23,43,55
23,44,9.9
23,45,0.0
23,46,0.0
23,47,55
23,48,55
23,49,55
23,50,9.9
23,51,55
23,52,55
23,53,0.0
23,54,0.0
23,55,55
23,56,9.9
23,57,9.9
23,58,55
23,59,55
23,60,0.0
23,61,9.9
23,62,55
23,63,55
23,64,55
23,65,0.0
23,66,55
23,67,9.9
23,68,55
23,69,9.9
23,70,55
23,71,55
23,72,55
23,73,9.9
23,74,55
23,75,0.0
23,76,9.9
23,77,55
23,78,9.9
23,79,55
23,80,55
23,81,0.0
23,82,9.9
23,83,55
23,84,9.9
23,85,55
23,86,0.0
23,87,55
23,88,55
23,89,55
23,90,9.9
23,91,9.9
23,92,55
23,93,55
23,94,9.9
23,95,55
23,96,55
23,97,9.9
23,98,0.0
23,99,0.0
23,100,55
23,101,55
23,102,55
23,103,0.0
23,104,55
23,105,55
23,106,55
23,107,55
23,108,55
23,109,55
23,110,55
23,111,0.0
23,112,0.0
23,113,0.0
23,114,0.0
23,115,55
23,116,9.9
23,117,9.9
23,118,55
23,119,55
23,120,55
23,121,55
23,122,55
23,123,0.0
23,124,9.9
23,125,55
23,126,0.0
23,127,9.9
23,128,9.9
23,129,55
23,130,55
23,131,55
23,132,0.0
23,133,55
23,134,55
23,135,55
23,136,9.9
23,137,9.9
23,138,9.9
23,139,0.0
23,140,0.0
23,141,0.0
23,142,0.0
23,143,0.0
23,144,0.0
23,145,9.9
23,146,9.9
23,147,9.9
23,148,0.0
23,149,0.0
23,150,9.9
23,151,0.0
23,152,9.9
23,153,9.9
23,154,0.0
23,155,0.0
23,156,9.9
23,157,0.0
23,158,0.0
23,159,0.0
23,160,9.9
23,161,9.9
23,162,9.9
23,163,0.0
23,164,9.9
23,165,0.0
23,166,0.0
23,167,0.0
23,168,0.0
23,169,9.9
23,170,0.0
23,171,0.0
23,172,0.0
23,173,9.9
23,174,9.9
23,175,0.0
23,176,9.9
23,177,0.0
23,178,9.9
23,179,0.0
23,180,0.0
23,181,9.9
23,182,0.0
23,183,0.0
23,184,0.0
23,185,9.9
23,186,9.9
23,187,0.0
23,188,9.9
23,189,9.9
23,190,9.9
23,191,9.9
23,192,0.0
23,193,0.0
23,194,9.9
23,195,9.9
23,196,9.9
23,197,0.0
23,198,0.0
23,199,9.9
23,200,0.0
23,201,0.0
24,0,55
24,1,55
24,2,9.9
24,3,55
24,4,55
24,5,55
24,6,9.9
24,7,0.0
24,8,9.9
24,9,55
24,10,9.9
24,11,55
24,12,55
24,13,0.0
24,14,55
24,15,0.0
24,16,0.0
24,17,9.9
24,18,55
24,19,9.9
24,20,55
24,21,9.9
24,22,0.0
24,23,9.9
24,24,9.9
24,25,0.0
24,26,0.0
24,27,55
24,28,55
24,29,9.9
24,30,55
24,31,55
24,32,55
24,33,55
24,34,55
24,35,55
24,36,55
24,37,9.9
24,38,55
24,39,55
24,40,55
24,41,9.9
24,42,55
24,43,55
24,44,55
24,45,0.0
24,46,9.9
24,47,9.9
24,48,55
24,49,9.9
24,50,55
24,51,0.0
24,52,55
24,53,55
24,54,55
24,55,9.9
24,56,55
24,57,0.0
24,58,0.0
24,59,55
24,60,0.0
24,61,9.9
24,62,0.0
24,63,55
24,64,55
24,65,55
24,66,55
24,67,55
24,68,55
24,69,55
24,70,55
24,71,9.9
24,72,55
24,73,55
24,74,0.0
24,75,9.9
24,76,9.9
24,77,55
24,78,55
24,79,55
24,80,55
24,81,55
24,82,9.9
24,83,55
24,84,55
24,85,0.0
24,86,0.0
24,87,9.9
24,88,0.0
24,89,55
24,90,55
24,91,0.0
24,92,0.0
24,93,0.0
24,94,55
24,95,55
24,96,9.9
24,97,55
24,98,55
24,99,55
24,100,9.9
24,101,55
24,102,55
24,103,55
24,104,55
24,105,55
24,106,55
24,107,55
24,108,55
24,109,0.0
24,110,55
24,111,55
24,112,55
24,113,55
24,114,0.0
24,115,55
24,116,55
24,117,0.0
24,118,0.0
24,119,0.0
24,120,0.0
24,121,9.9
24,122,9.9
24,123,55
24,124,9.9
24,125,0.0
24,126,9.9
24,127,9.9
24,128,0.0
24,129,55
24,130,55
24,131,55
24,132,55
24,133,55
24,134,9.9
24,135,0.0
24,136,55
24,137,0.0
24,138,0.0
24,139,0.0
24,140,9.9
24,141,0.0
24,142,0.0
24,143,0.0
24,144,0.0
24,145,9.9
24,146,0.0
24,147,0.0
24,148,0.0
24,149,9.9
24,150,9.9
24,151,9.9
24,152,9.9
24,153,0.0
24,154,9.9
24,155,0.0
24,156,9.9
24,157,0.0
24,158,9.9
24,159,0.0
24,160,9.9
24,161,0.0
24,162,0.0
24,163,9.9
24,164,9.9
24,165,0.0
24,166,9.9
24,167,9.9
24,168,0.0
24,169,9.9
24,170,9.9
24,171,0.0
24,172,0.0
24,173,9.9
24,174,0.0
24,175,9.9
24,176,9.9
24,177,9.9
24,178,9.9
24,179,9.9
24,180,0.0
24,181,9.9
24,182,0.0
24,183,9.9
24,184,9.9
24,185,9.9
24,186,0.0
24,187,9.9
24,188,9.9
24,189,0.0
24,190,0.0
24,191,0.0
24,192,0.0
24,193,0.0
24,194,9.9
24,195,0.0
24,196,0.0
24,197,0.0
24,198,0.0
24,199,9.9
24,200,9.9
24,201,0.0
25,0,55
25,1,55
25,2,55
25,3,0.0
25,4,55
25,5,9.9
25,6,55
25,7,55
25,8,9.9
25,9,55
25,10,55
25,11,55
25,12,9.9
25,13,0.0
25,14,9.9
25,15,0.0
25,16,55
25,17,9.9
25,18,55
25,19,55
25,20,55
25,21,55
25,22,0.0
25,23,9.9
25,24,0.0
25,25,0.0
25,26,9.9
25,27,55
25,28,0.0
25,29,55
25,30,0.0
25,31,55
25,32,0.0
25,33,9.9
25,34,55
25,35,9.9
25,36,9.9
25,37,55
25,38,55
25,39,9.9
25,40,55
25,41,55
25,42,0.0
25,43,55
25,44,55
25,45,55
25,46,9.9
25,47,0.0
25,48,0.0
25,49,55
25,50,0.0
25,51,0.0
25,52,9.9
25,53,0.0
25,54,0.0
25,55,55
25,56,0.0
25,57,55
25,58,55
25,59,9.9
25,60,55
25,61,9.9
25,62,55
25,63,55
25,64,55
25,65,0.0
25,66,9.9
25,67,55
25,68,55
25,69,55
25,70,55
25,71,55
25,72,55
25,73,55
25,74,0.0
25,75,9.9
25,76,0.0
25,77,0.0
25,78,55
25,79,55
25,80,0.0
25,81,0.0
25,82,55
25,83,0.0
25,84,55
25,85,9.9
25,86,0.0
25,87,9.9
25,88,55
25,89,55
25,90,55
25,91,55
25,92,55
25,93,55
25,94,9.9
25,95,55
25,96,55
25,97,0.0
25,98,9.9
25,99,9.9
25,100,55
25,101,0.0
25,102,55
25,103,9.9
25,104,9.9
25,105,9.9
25,106,9.9
25,107,55
25,108,0.0
25,109,0.0
25,110,55
25,111,9.9
25,112,0.0
25,113,0.0
25,114,55
25,115,55
25,116,55
25,117,55
25,118,55
25,119,55
25,120,55
25,121,9.9
25,122,0.0
25,123,55
25,124,55
25,125,55
25,126,9.9
25,127,0.0
25,128,0.0
25,129,9.9
25,130,0.0
25,131,55
25,132,0.0
25,133,9.9
25,134,55
25,135,55
25,136,9.9
25,137,55
25,138,9.9
25,139,0.0
25,140,9.9
25,141,9.9
25,142,0.0
25,143,0.0
25,144,0.0
25,145,9.9
25,146,0.0
25,147,9.9
25,148,0.0
25,149,9.9
25,150,0.0
25,151,0.0
25,152,0.0
25,153,0.0
25,154,9.9
25,155,9.9
25,156,9.9
25,157,9.9
25,158,9.9
25,159,9.9
25,160,9.9
25,161,0.0
25,162,9.9
25,163,9.9
25,164,0.0
25,165,9.9
25,166,9.9
25,167,0.0
25,168,9.9
25,169,9.9
25,170,0.0
25,171,9.9
25,172,0.0
25,173,9.9
25,174,0.0
25,175,9.9
25,176,0.0
25,177,0.0
25,178,0.0
25,179,0.0
25,180,9.9
25,181,9.9
25,182,9.9
25,183,9.9
25,184,0.0
25,185,0.0
25,186,0.0
25,187,9.9
25,188,0.0
25,189,0.0
25,190,9.9
25,191,9.9
25,192,0.0
25,193,0.0
25,194,9.9
25,195,0.0
25,196,9.9
25,197,0.0
25,198,0.0
25,199,9.9
25,200,0.0
25,201,9.9
26,0,9.9
26,1,9.9
26,2,55
26,3,0.0
26,4,9.9
26,5,55
26,6,0.0
26,7,0.0
26,8,55
26,9,0.0
26,10,55
26,11,55
26,12,55
26,13,9.9
26,14,9.9
26,15,9.9
26,16,55
26,17,55
26,18,0.0
26,19,55
26,20,55
26,21,55
26,22,55
26,23,9.9
26,24,0.0
26,25,0.0
26,26,9.9
26,27,55
26,28,0.0
26,29,9.9
26,30,9.9
26,31,9.9
26,32,9.9
26,33,9.9
26,34,55
26,35,55
26,36,0.0
26,37,0.0
26,38,55
26,39,55
26,40,55
26,41,55
26,42,0.0
26,43,9.9
26,44,55
26,45,9.9
26,46,55
26,47,0.0
26,48,55
26,49,9.9
26,50,0.0
26,51,0.0
26,52,9.9
26,53,55
26,54,55
26,55,9.9
26,56,9.9
26,57,55
26,58,0.0
26,59,55
26,60,55
26,61,55
26,62,55
26,63,0.0
26,64,9.9
26,65,0.0
26,66,9.9
26,67,55
26,68,9.9
26,69,55
26,70,55
26,71,55
26,72,55
26,73,0.0
26,74,55
26,75,9.9
26,76,0.0
26,77,55
26,78,9.9
26,79,55
26,80,9.9
26,81,55
26,82,9.9
26,83,9.9
26,84,9.9
26,85,55
26,86,9.9
26,87,9.9
26,88,55
26,89,0.0
26,90,9.9
26,91,9.9
26,92,0.0
26,93,0.0
26,94,55
26,95,55
26,96,55
26,97,0.0
26,98,9.9
26,99,0.0
26,100,0.0
26,101,9.9
26,102,9.9
26,103,55
26,104,0.0
26,105,0.0
26,106,0.0
26,107,55
26,108,0.0
26,109,0.0
26,110,55
26,111,55
26,112,55
26,113,55
26,114,55
26,115,0.0
26,116,9.9
26,117,9.9
26,118,9.9
26,119,0.0
26,120,0.0
26,121,55
26,122,0.0
26,123,9.9
26,124,55
26,125,9.9
26,126,55
26,127,0.0
26,128,0.0
26,129,9.9
26,130,55
26,131,55
26,132,0.0
26,133,9.9
26,134,0.0
26,135,9.9
26,136,55
26,137,55
26,138,55
26,139,9.9
26,140,9.9
26,141,0.0
26,142,9.9
26,143,0.0
26,144,0.0
26,145,9.9
26,146,9.9
26,147,9.9
26,148,9.9
26,149,9.9
26,150,0.0
26,151,9.9
26,152,9.9
26,153,0.0
26,154,9.9
26,155,0.0
26,156,0.0
26,157,0.0
26,158,0.0
26,159,0.0
26,160,0.0
26,161,9.9
26,162,9.9
26,163,0.0
26,164,0.0
26,165,9.9
26,166,0.0
26,167,0.0
26,168,9.9
26,169,0.0
26,170,0.0
26,171,9.9
26,172,9.9
26,173,9.9
26,174,9.9
26,175,9.9
26,176,0.0
26,177,9.9
26,178,9.9
26,179,9.9
26,180,9.9
26,181,0.0
26,182,0.0
26,183,0.0
26,184,0.0
26,185,9.9
26,186,0.0
26,187,9.9
26,188,0.0
26,189,0.0
26,190,9.9
26,191,0.0
26,192,9.9
26,193,0.0
26,194,9.9
26,195,9.9
26,196,9.9
26,197,9.9
26,198,0.0
26,199,9.9
26,200,0.0
26,201,9.9
27,0,55
27,1,0.0
27,2,55
27,3,55
27,4,9.9
27,5,0.0
27,6,0.0
27,7,55
27,8,9.9
27,9,0.0
27,10,9.9
27,11,0.0
27,12,55
27,13,55
27,14,0.0
27,15,0.0
27,16,55
27,17,55
27,18,9.9
27,19,9.9
27,20,0.0
27,21,55
27,22,9.9
27,23,55
27,24,9.9
27,25,0.0
27,26,9.9
27,27,0.0
27,28,55
27,29,9.9
27,30,0.0
27,31,0.0
27,32,0.0
27,33,0.0
27,34,0.0
27,35,55
27,36,55
27,37,55
27,38,9.9
27,39,55
27,40,55
27,41,0.0
27,42,55
27,43,9.9
27,44,0.0
27,45,55
27,46,0.0
27,47,55
27,48,55
27,49,55
27,50,9.9
27,51,0.0
27,52,9.9
27,53,55
27,54,9.9
27,55,55
27,56,0.0
27,57,55
27,58,0.0
27,59,9.9
27,60,55
27,61,55
27,62,55
27,63,9.9
27,64,9.9
27,65,9.9
27,66,9.9
27,67,0.0
27,68,55
27,69,55
27,70,55
27,71,55
27,72,0.0
27,73,0.0
27,74,55
27,75,55
27,76,9.9
27,77,55
27,78,55
27,79,0.0
27,80,55
27,81,55
27,82,55
27,83,0.0
27,84,0.0
27,85,0.0
27,86,55
27,87,0.0
27,88,0.0
27,89,9.9
27,90,9.9
27,91,0.0
27,92,55
27,93,55
27,94,9.9
27,95,55
27,96,0.0
27,97,55
27,98,9.9
27,99,0.0
27,100,55
27,101,9.9
27,102,0.0
27,103,0.0
27,104,55
27,105,9.9
27,106,9.9
27,107,9.9
27,108,55
27,109,0.0
27,110,55
27,111,55
27,112,9.9
27,113,9.9
27,114,0.0
27,115,0.0
27,116,9.9
27,117,0.0
27,118,0.0
27,119,55
27,120,55
27,121,9.9
27,122,55
27,123,9.9
27,124,0.0
27,125,55
27,126,0.0
27,127,55
27,128,0.0
27,129,9.9
27,130,55
27,131,0.0
27,132,55
27,133,9.9
27,134,55
27,135,9.9
27,136,0.0
27,137,55
27,138,55
27,139,55
27,140,0.0
27,141,0.0
27,142,9.9
27,143,9.9
27,144,0.0
27,145,9.9
27,146,0.0
27,147,0.0
27,148,0.0
27,149,0.0
27,150,9.9
27,151,9.9
27,152,0.0
27,153,9.9
27,154,9.9
27,155,0.0
27,156,9.9
27,157,9.9
27,158,9.9
27,159,9.9
27,160,9.9
27,161,9.9
27,162,0.0
27,163,0.0
27,164,0.0
27,165,9.9
27,166,0.0
27,167,0.0
27,168,9.9
27,169,0.0
27,170,0.0
27,171,9.9
27,172,0.0
27,173,0.0
27,174,0.0
27,175,0.0
27,176,9.9
27,177,9.9
27,178,0.0
27,179,0.0
27,180,0.0
27,181,0.0
27,182,9.9
27,183,9.9
27,184,0.0
27,185,9.9
27,186,9.9
27,187,9.9
27,188,9.9
27,189,0.0
27,190,9.9
27,191,0.0
27,192,9.9
27,193,9.9
27,194,9.9
27,195,0.0
27,196,0.0
27,197,0.0
27,198,9.9
27,199,9.9
27,200,9.9
27,201,9.9
28,0,9.9
28,1,55
28,2,9.9
28,3,9.9
28,4,55
28,5,55
28,6,0.0
28,7,55
28,8,55
28,9,9.9
28,10,9.9
28,11,55
28,12,55
28,13,55
28,14,55
28,15,9.9
28,16,9.9
28,17,0.0
28,18,55
28,19,0.0
28,20,55
28,21,55
28,22,55
28,23,0.0
28,24,55
28,25,9.9
28,26,9.9
28,27,55
28,28,55
28,29,55
28,30,0.0
28,31,9.9
28,32,9.9
28,33,9.9
28,34,55
28,35,9.9
28,36,0.0
28,37,9.9
28,38,55
28,39,0.0
28,40,0.0
28,41,0.0
28,42,55
28,43,55
28,44,55
28,45,9.9
28,46,0.0
28,47,55
28,48,9.9
28,49,55
28,50,55
28,51,9.9
28,52,9.9
28,53,0.0
28,54,55
28,55,0.0
28,56,55
28,57,9.9
28,58,55
28,59,9.9
28,60,55
28,61,55
28,62,55
28,63,55
28,64,0.0
28,65,0.0
28,66,0.0
28,67,55
28,68,9.9
28,69,55
28,70,0.0
28,71,55
28,72,9.9
28,73,0.0
28,74,55
28,75,55
28,76,55
28,77,55
28,78,55
28,79,9.9
28,80,9.9
28,81,55
28,82,55
28,83,55
28,84,9.9
28,85,55
28,86,9.9
28,87,55
28,88,55
28,89,9.9
28,90,0.0
28,91,0.0
28,92,55
28,93,9.9
28,94,55
28,95,0.0
28,96,9.9
28,97,55
28,98,55
28,99,9.9
28,100,55
28,101,55
28,102,0.0
28,103,55
28,104,55
28,105,55
28,106,0.0
28,107,0.0
28,108,55
28,109,55
28,110,55
28,111,9.9
28,112,55
28,113,0.0
28,114,55
28,115,0.0
28,116,9.9
28,117,0.0
28,118,9.9
28,119,55
28,120,9.9
28,121,55
28,122,55
28,123,55
28,124,55
28,125,9.9
28,126,0.0
28,127,55
28,128,55
28,129,9.9
28,130,0.0
28,131,9.9
28,132,55
28,133,55
28,134,55
28,135,55
28,136,55
28,137,55
28,138,55
28,139,55
28,140,55
28,141,0.0
28,142,9.9
28,143,0.0
28,144,9.9
28,145,9.9
28,146,0.0
28,147,9.9
28,148,9.9
28,149,9.9
28,150,9.9
28,151,0.0
28,152,0.0
28,153,9.9
28,154,0.0
28,155,9.9
28,156,9.9
28,157,0.0
28,158,0.0
28,159,0.0
28,160,0.0
28,161,0.0
28,162,0.0
28,163,0.0
28,164,0.0
28,165,9.9
28,166,9.9
28,167,0.0
28,168,9.9
28,169,9.9
28,170,0.0
28,171,9.9
28,172,0.0
28,173,9.9
28,174,9.9
28,175,9.9
28,176,9.9
28,177,0.0
28,178,0.0
28,179,9.9
28,180,9.9
28,181,0.0
28,182,9.9
28,183,0.0
28,184,9.9
28,185,9.9
28,186,0.0
28,187,0.0
28,188,0.0
28,189,9.9
28,190,9.9
28,191,9.9
28,192,9.9
28,193,0.0
28,194,0.0
28,195,0.0
28,196,9.9
28,197,9.9
28,198,9.9
28,199,0.0
28,200,0.0
28,201,0.0
29,0,55
29,1,55
29,2,55
29,3,0.0
29,4,0.0
29,5,0.0
29,6,55
29,7,55
29,8,55
29,9,55
29,10,0.0
29,11,55
29,12,0.0
29,13,9.9
29,14,9.9
29,15,55
29,16,0.0
29,17,55
29,18,9.9
29,19,55
29,20,55
29,21,0.0
29,22,55
29,23,9.9
29,24,9.9
29,25,55
29,26,0.0
29,27,55
29,28,9.9
29,29,55
29,30,55
29,31,9.9
29,32,0.0
29,33,0.0
29,34,55
29,35,55
29,36,55
29,37,9.9
29,38,0.0
29,39,9.9
29,40,55
29,41,0.0
29,42,55
29,43,55
29,44,0.0
29,45,55
29,46,9.9
29,47,55
29,48,55
29,49,55
29,50,55
29,51,55
29,52,0.0
29,53,55
29,54,9.9
29,55,0.0
29,56,55
29,57,55
29,58,55
29,59,55
29,60,0.0
29,61,0.0
29,62,55
29,63,55
29,64,55
29,65,9.9
29,66,9.9
29,67,55
29,68,55
29,69,55
29,70,0.0
29,71,55
29,72,55
29,73,9.9
29,74,55
29,75,9.9
29,76,55
29,77,55
29,78,0.0
29,79,55
29,80,0.0
29,81,0.0
29,82,55
29,83,0.0
29,84,55
29,85,55
29,86,55
29,87,55
29,88,0.0
29,89,55
29,90,0.0
29,91,0.0
29,92,55
29,93,55
29,94,0.0
29,95,9.9
29,96,9.9
29,97,55
29,98,55
29,99,55
29,100,55
29,101,55
29,102,55
29,103,55
29,104,9.9
29,105,55
29,106,55
29,107,9.9
29,108,9.9
29,109,9.9
29,110,0.0
29,111,55
29,112,0.0
29,113,55
29,114,55
29,115,55
29,116,9.9
29,117,9.9
29,118,9.9
29,119,55
29,120,55
29,121,0.0
29,122,55
29,123,55
29,124,9.9
29,125,55
29,126,9.9
29,127,55
29,128,0.0
29,129,55
29,130,55
29,131,9.9
29,132,55
29,133,55
29,134,55
29,135,55
29,136,9.9
29,137,0.0
29,138,9.9
29,139,55
29,140,0.0
29,141,55
29,142,9.9
29,143,0.0
29,144,9.9
29,145,0.0
29,146,9.9
29,147,9.9
29,148,0.0
29,149,0.0
29,150,0.0
29,151,0.0
29,152,0.0
29,153,9.9
29,154,0.0
29,155,9.9
29,156,0.0
29,157,0.0
29,158,9.9
29,159,9.9
29,160,9.9
29,161,9.9
29,162,0.0
29,163,0.0
29,164,0.0
29,165,9.9
29,166,0.0
29,167,9.9
29,168,9.9
29,169,0.0
29,170,9.9
29,171,9.9
29,172,9.9
29,173,9.9
29,174,0.0
29,175,0.0
29,176,0.0
29,177,0.0
29,178,0.0
29,179,9.9
29,180,0.0
29,181,9.9
29,182,9.9
29,183,0.0
29,184,9.9
29,185,0.0
29,186,0.0
29,187,9.9
29,188,9.9
29,189,9.9
29,190,0.0
29,191,0.0
29,192,0.0
29,193,0.0
29,194,9.9
29,195,0.0
29,196,9.9
29,197,0.0
29,198,0.0
29,199,0.0
29,200,9.9
29,201,9.9
30,0,55
30,1,55
30,2,55
30,3,55
30,4,55
30,5,55
30,6,55
30,7,9.9
30,8,9.9
30,9,55
30,10,55
30,11,9.9
30,12,9.9
30,13,9.9
30,14,0.0
30,15,0.0
30,16,55
30,17,55
30,18,55
30,19,55
30,20,9.9
30,21,0.0
30,22,55
30,23,55
30,24,0.0
30,25,0.0
30,26,55
30,27,9.9
30,28,55
30,29,55
30,30,0.0
30,31,55
30,32,0.0
30,33,9.9
30,34,9.9
30,35,55
30,36,9.9
30,37,55
30,38,55
30,39,9.9
30,40,55
30,41,55
30,42,55
30,43,9.9
30,44,0.0
30,45,9.9
30,46,55
30,47,55
30,48,55
30,49,55
30,50,0.0
30,51,55
30,52,55
30,53,55
30,54,55
30,55,9.9
30,56,55
30,57,55
30,58,55
30,59,55
30,60,9.9
30,61,55
30,62,55
30,63,55
30,64,0.0
30,65,55
30,66,0.0
30,67,55
30,68,55
30,69,55
30,70,55
30,71,55
30,72,55
30,73,55
30,74,55
30,75,55
30,76,55
30,77,55
30,78,9.9
30,79,9.9
30,80,55
30,81,55
30,82,9.9
30,83,9.9
30,84,9.9
30,85,55
30,86,55
30,87,55
30,88,9.9
30,89,9.9
30,90,55
30,91,0.0
30,92,55
30,93,55
30,94,9.9
30,95,9.9
30,96,0.0
30,97,0.0
30,98,0.0
30,99,55
30,100,55
30,101,0.0
30,102,0.0
30,103,0.0
30,104,55
30,105,55
30,106,9.9
30,107,55
30,108,0.0
30,109,0.0
30,110,55
30,111,9.9
30,112,9.9
30,113,55
30,114,9.9
30,115,0.0
30,116,55
30,117,0.0
30,118,0.0
30,119,0.0
30,120,55
30,121,9.9
30,122,55
30,123,55
30,124,55
30,125,0.0
30,126,55
30,127,55
30,128,0.0
30,129,9.9
30,130,9.9
30,131,55
30,132,0.0
30,133,0.0
30,134,9.9
30,135,55
30,136,55
30,137,55
30,138,9.9
30,139,55
30,140,0.0
30,141,55
30,142,55
30,143,9.9
30,144,9.9
30,145,0.0
30,146,9.9
30,147,0.0
30,148,0.0
30,149,9.9
30,150,9.9
30,151,0.0
30,152,0.0
30,153,9.9
30,154,9.9
30,155,9.9
30,156,0.0
30,157,0.0
30,158,9.9
30,159,0.0
30,160,0.0
30,161,0.0
30,162,9.9
30,163,0.0
30,164,0.0
30,165,9.9
30,166,0.0
30,167,9.9
30,168,0.0
30,169,0.0
30,170,9.9
30,171,0.0
30,172,0.0
30,173,0.0
30,174,0.0
30,175,9.9
30,176,9.9
30,177,0.0
30,178,0.0
30,179,9.9
30,180,0.0
30,181,9.9
30,182,0.0
30,183,9.9
30,184,9.9
30,185,0.0
30,186,0.0
30,187,9.9
30,188,0.0
30,189,0.0
30,190,0.0
30,191,9.9
30,192,9.9
30,193,0.0
30,194,9.9
30,195,9.9
30,196,9.9
30,197,0.0
30,198,9.9
30,199,0.0
30,200,9.9
30,201,0.0
31,0,9.9
31,1,55
31,2,55
31,3,0.0
31,4,0.0
31,5,0.0
31,6,0.0
31,7,55
31,8,0.0
31,9,55
31,10,9.9
31,11,55
31,12,0.0
31,13,0.0
31,14,0.0
31,15,55
31,16,55
31,17,0.0
31,18,55
31,19,55
31,20,55
31,21,9.9
31,22,55
31,23,55
31,24,55
31,25,55
31,26,55
31,27,55
31,28,0.0
31,29,55
31,30,9.9
31,31,9.9
31,32,55
31,33,9.9
31,34,0.0
31,35,0.0
31,36,55
31,37,0.0
31,38,9.9
31,39,55
31,40,0.0
31,41,9.9
31,42,0.0
31,43,55
31,44,9.9
31,45,9.9
31,46,0.0
31,47,55
31,48,0.0
31,49,55
31,50,9.9
31,51,55
31,52,9.9
31,53,9.9
31,54,55
31,55,55
31,56,55
31,57,9.9
31,58,55
31,59,55
31,60,55
31,61,55
31,62,9.9
31,63,9.9
31,64,0.0
31,65,9.9
31,66,55
31,67,9.9
31,68,0.0
31,69,9.9
31,70,0.0
31,71,0.0
31,72,9.9
31,73,55
31,74,55
31,75,55
31,76,55
31,77,0.0
31,78,55
31,79,0.0
31,80,55
31,81,9.9
31,82,55
31,83,0.0
31,84,0.0
31,85,0.0
31,86,55
31,87,55
31,88,55
31,89,0.0
31,90,55
31,91,55
31,92,55
31,93,9.9
31,94,55
31,95,0.0
31,96,0.0
31,97,55
31,98,55
31,99,55
31,100,55
31,101,9.9
31,102,55
31,103,55
31,104,9.9
31,105,55
31,106,55
31,107,0.0
31,108,55
31,109,9.9
31,110,55
31,111,55
31,112,0.0
31,113,55
31,114,55
31,115,55
31,116,9.9
31,117,55
31,118,9.9
31,119,55
31,120,9.9
31,121,55
31,122,55
31,123,9.9
31,124,55
31,125,0.0
31,126,9.9
31,127,55
31,128,55
31,129,9.9
31,130,0.0
31,131,0.0
31,132,0.0
31,133,55
31,134,9.9
31,135,55
31,136,55
31,137,0.0
31,138,55
31,139,0.0
31,140,55
31,141,55
31,142,55
31,143,55
31,144,0.0
31,145,9.9
31,146,9.9
31,147,0.0
31,148,0.0
31,149,9.9
31,150,0.0
31,151,9.9
31,152,0.0
31,153,9.9
31,154,0.0
31,155,0.0
31,156,9.9
31,157,0.0
31,158,9.9
31,159,0.0
31,160,9.9
31,161,9.9
31,162,9.9
31,163,9.9
31,164,0.0
31,165,9.9
31,166,9.9
31,167,9.9
31,168,0.0
31,169,0.0
31,170,9.9
31,171,0.0
31,172,9.9
31,173,9.9
31,174,0.0
31,175,9.9
31,176,0.0
31,177,9.9
31,178,0.0
31,179,9.9
31,180,9.9
31,181,9.9
31,182,0.0
31,183,9.9
31,184,0.0
31,185,9.9
31,186,0.0
31,187,9.9
31,188,0.0
31,189,9.9
31,190,0.0
31,191,9.9
31,192,0.0
31,193,9.9
31,194,9.9
31,195,0.0
31,196,0.0
31,197,9.9
31,198,9.9
31,199,9.9
31,200,9.9
31,201,0.0
32,0,9.9
32,1,0.0
32,2,55
32,3,9.9
32,4,55
32,5,55
32,6,55
32,7,9.9
32,8,55
32,9,9.9
32,10,55
32,11,0.0
32,12,55
32,13,9.9
32,14,0.0
32,15,55
32,16,9.9
32,17,0.0
32,18,55
32,19,9.9
32,20,55
32,21,55
32,22,55
32,23,9.9
32,24,9.9
32,25,9.9
32,26,9.9
32,27,55
32,28,9.9
32,29,55
32,30,55
32,31,0.0
32,32,55
32,33,55
32,34,0.0
32,35,55
32,36,9.9
32,37,0.0
32,38,9.9
32,39,0.0
32,40,0.0
32,41,9.9
32,42,55
32,43,9.9
32,44,55
32,45,0.0
32,46,55
32,47,55
32,48,0.0
32,49,55
32,50,55
32,51,55
32,52,55
32,53,0.0
32,54,55
32,55,55
32,56,55
32,57,55
32,58,55
32,59,55
32,60,55
32,61,55
32,62,55
32,63,0.0
32,64,9.9
32,65,9.9
32,66,55
32,67,55
32,68,55
32,69,9.9
32,70,55
32,71,55
32,72,9.9
32,73,55
32,74,55
32,75,55
32,76,55
32,77,9.9
32,78,9.9
32,79,55
32,80,9.9
32,81,55
32,82,0.0
32,83,55
32,84,9.9
32,85,55
32,86,9.9
32,87,55
32,88,55
32,89,55
32,90,9.9
32,91,9.9
32,92,9.9
32,93,55
32,94,0.0
32,95,55
32,96,0.0
32,97,55
32,98,0.0
32,99,9.9
32,100,9.9
32,101,55
32,102,55
32,103,0.0
32,104,55
32,105,0.0
32,106,55
32,107,0.0
32,108,55
32,109,55
32,110,55
32,111,55
32,112,55
32,113,9.9
32,114,55
32,115,9.9
32,116,55
32,117,55
32,118,55
32,119,55
32,120,55
32,121,0.0
32,122,55
32,123,55
32,124,55
32,125,55
32,126,9.9
32,127,55
32,128,0.0
32,129,55
32,130,0.0
32,131,55
32,132,0.0
32,133,55
32,134,55
32,135,0.0
32,136,0.0
32,137,0.0
32,138,9.9
32,139,9.9
32,140,55
32,141,9.9
32,142,9.9
32,143,55
32,144,55
32,145,9.9
32,146,0.0
32,147,9.9
32,148,0.0
32,149,9.9
32,150,0.0
32,151,9.9
32,152,9.9
32,153,9.9
32,154,0.0
32,155,9.9
32,156,9.9
32,157,9.9
32,158,9.9
32,159,9.9
32,160,9.9
32,161,0.0
32,162,0.0
32,163,0.0
32,164,9.9
32,165,9.9
32,166,0.0
32,167,0.0
32,168,9.9
32,169,0.0
32,170,9.9
32,171,9.9
32,172,9.9
32,173,0.0
32,174,9.9
32,175,9.9
32,176,0.0
32,177,9.9
32,178,9.9
32,179,9.9
32,180,0.0
32,181,0.0
32,182,9.9
32,183,9.9
32,184,0.0
32,185,9.9
32,186,9.9
32,187,9.9
32,188,9.9
32,189,9.9
32,190,9.9
32,191,9.9
32,192,0.0
32,193,9.9
32,194,0.0
32,195,0.0
32,196,9.9
32,197,9.9
32,198,0.0
32,199,0.0
32,200,0.0
32,201,9.9
33,0,55
33,1,55
33,2,9.9
33,3,55
33,4,55
33,5,0.0
33,6,0.0
33,7,55
33,8,55
33,9,55
33,10,0.0
33,11,0.0
33,12,55
33,13,55
33,14,9.9
33,15,55
33,16,55
33,17,9.9
33,18,55
33,19,55
33,20,55
33,21,55
33,22,55
33,23,55
33,24,0.0
33,25,0.0
33,26,0.0
33,27,55
33,28,55
33,29,55
33,30,55
33,31,55
33,32,9.9
33,33,55
33,34,55
33,35,55
33,36,55
33,37,9.9
33,38,9.9
33,39,55
33,40,0.0
33,41,9.9
33,42,55
33,43,55
33,44,0.0
33,45,55
33,46,55
33,47,0.0
33,48,55
33,49,55
33,50,55
33,51,55
33,52,55
33,53,55
33,54,9.9
33,55,0.0
33,56,55
33,57,55
33,58,55
33,59,0.0
33,60,55
33,61,55
33,62,55
33,63,55
33,64,9.9
33,65,0.0
33,66,0.0
33,67,55
33,68,0.0
33,69,55
33,70,55
33,71,9.9
33,72,55
33,73,0.0
33,74,0.0
33,75,55
33,76,55
33,77,55
33,78,0.0
33,79,55
33,80,55
33,81,0.0
33,82,0.0
33,83,55
33,84,55
33,85,55
33,86,55
33,87,0.0
33,88,55
33,89,0.0
33,90,55
33,91,0.0
33,92,0.0
33,93,0.0
33,94,9.9
33,95,55
33,96,55
33,97,55
33,98,0.0
33,99,9.9
33,100,0.0
33,101,0.0
33,102,55
33,103,9.9
33,104,9.9
33,105,9.9
33,106,9.9
33,107,55
33,108,55
33,109,55
33,110,55
33,111,0.0
33,112,9.9
33,113,55
33,114,0.0
33,115,55
33,116,0.0
33,117,55
33,118,55
33,119,55
33,120,55
33,121,9.9
33,122,55
33,123,55
33,124,55
33,125,9.9
33,126,55
33,127,0.0
33,128,9.9
33,129,9.9
33,130,55
33,131,55
33,132,55
33,133,55
33,134,55
33,135,0.0
33,136,55
33,137,0.0
33,138,9.9
33,139,0.0
33,140,55
33,141,55
33,142,0.0
33,143,55
33,144,9.9
33,145,55
33,146,0.0
33,147,9.9
33,148,9.9
33,149,9.9
33,150,9.9
33,151,9.9
33,152,0.0
33,153,0.0
33,154,9.9
33,155,9.9
33,156,0.0
33,157,0.0
33,158,0.0
33,159,0.0
33,160,0.0
33,161,0.0
33,162,9.9
33,163,9.9
33,164,9.9
33,165,0.0
33,166,0.0
33,167,9.9
33,168,9.9
33,169,9.9
33,170,9.9
33,171,0.0
33,172,0.0
33,173,0.0
33,174,9.9
33,175,0.0
33,176,9.9
33,177,9.9
33,178,0.0
33,179,0.0
33,180,0.0
33,181,9.9
33,182,9.9
33,183,0.0
33,184,9.9
33,185,9.9
33,186,0.0
33,187,0.0
33,188,0.0
33,189,0.0
33,190,0.0
33,191,0.0
33,192,9.9
33,193,9.9
33,194,0.0
33,195,0.0
33,196,9.9
33,197,0.0
33,198,0.0
33,199,9.9
33,200,9.9
33,201,9.9
34,0,9.9
34,1,9.9
34,2,55
34,3,0.0
34,4,55
34,5,9.9
34,6,55
34,7,9.9
34,8,55
34,9,55
34,10,0.0
34,11,0.0
34,12,55
34,13,55
34,14,55
34,15,55
34,16,55
34,17,55
34,18,55
34,19,55
34,20,55
34,21,0.0
34,22,55
34,23,55
34,24,55
34,25,9.9
34,26,9.9
34,27,9.9
34,28,55
34,29,55
34,30,0.0
34,31,9.9
34,32,55
34,33,0.0
34,34,9.9
34,35,9.9
34,36,55
34,37,55
34,38,0.0
34,39,55
34,40,55
34,41,9.9
34,42,0.0
34,43,55
34,44,0.0
34,45,55
34,46,9.9
34,47,0.0
34,48,55
34,49,9.9
34,50,9.9
34,51,55
34,52,55
34,53,0.0
34,54,55
34,55,55
34,56,55
34,57,55
34,58,0.0
34,59,0.0
34,60,55
34,61,55
34,62,55
34,63,0.0
34,64,55
34,65,0.0
34,66,55
34,67,9.9
34,68,9.9
34,69,9.9
34,70,55
34,71,55
34,72,0.0
34,73,0.0
34,74,55
34,75,55
34,76,55
34,77,55
34,78,55
34,79,9.9
34,80,55
34,81,0.0
34,82,0.0
34,83,55
34,84,55
34,85,55
34,86,55
34,87,9.9
34,88,9.9
34,89,9.9
34,90,9.9
34,91,55
34,92,9.9
34,93,55
34,94,9.9
34,95,55
34,96,0.0
34,97,0.0
34,98,55
34,99,9.9
34,100,0.0
34,101,55
34,102,55
34,103,55
34,104,0.0
34,105,0.0
34,106,0.0
34,107,55
34,108,0.0
34,109,9.9
34,110,55
34,111,9.9
34,112,9.9
34,113,0.0
34,114,9.9
34,115,9.9
34,116,0.0
34,117,55
34,118,55
34,119,55
34,120,55
34,121,55
34,122,55
34,123,9.9
34,124,9.9
34,125,55
34,126,0.0
34,127,0.0
34,128,9.9
34,129,0.0
34,130,55
34,131,9.9
34,132,0.0
34,133,0.0
34,134,9.9
34,135,55
34,136,55
34,137,55
34,138,9.9
34,139,0.0
34,140,9.9
34,141,55
34,142,55
34,143,9.9
34,144,55
34,145,0.0
34,146,55
34,147,9.9
34,148,0.0
34,149,0.0
34,150,0.0
34,151,0.0
34,152,0.0
34,153,9.9
34,154,9.9
34,155,0.0
34,156,0.0
34,157,9.9
34,158,9.9
34,159,9.9
34,160,9.9
34,161,0.0
34,162,9.9
34,163,0.0
34,164,0.0
34,165,0.0
34,166,0.0
34,167,9.9
34,168,0.0
34,169,0.0
34,170,0.0
34,171,0.0
34,172,9.9
34,173,0.0
34,174,9.9
34,175,0.0
34,176,9.9
34,177,0.0
34,178,0.0
34,179,9.9
34,180,0.0
34,181,9.9
34,182,0.0
34,183,0.0
34,184,9.9
34,185,0.0
34,186,0.0
34,187,9.9
34,188,9.9
34,189,9.9
34,190,9.9
34,191,9.9
34,192,9.9
34,193,0.0
34,194,9.9
34,195,0.0
34,196,9.9
34,197,0.0
34,198,0.0
34,199,9.9
34,200,0.0
34,201,0.0
35,0,9.9
35,1,0.0
35,2,0.0
35,3,0.0
35,4,9.9
35,5,55
35,6,55
35,7,55
35,8,0.0
35,9,55
35,10,55
35,11,0.0
35,12,55
35,13,9.9
35,14,55
35,15,55
35,16,0.0
35,17,55
35,18,55
35,19,0.0
35,20,55
35,21,9.9
35,22,55
35,23,55
35,24,0.0
35,25,55
35,26,0.0
35,27,0.0
35,28,0.0
35,29,55
35,30,9.9
35,31,9.9
35,32,0.0
35,33,9.9
35,34,9.9
35,35,0.0
35,36,55
35,37,55
35,38,55
35,39,9.9
35,40,9.9
35,41,55
35,42,55
35,43,9.9
35,44,55
35,45,55
35,46,55
35,47,9.9
35,48,55
35,49,55
35,50,0.0
35,51,55
35,52,55
35,53,9.9
35,54,9.9
35,55,0.0
35,56,0.0
35,57,9.9
35,58,0.0
35,59,0.0
35,60,55
35,61,9.9
35,62,55
35,63,9.9
35,64,9.9
35,65,55
35,66,55
35,67,55
35,68,0.0
35,69,0.0
35,70,55
35,71,55
35,72,0.0
35,73,0.0
35,74,55
35,75,9.9
35,76,9.9
35,77,55
35,78,0.0
35,79,55
35,80,0.0
35,81,55
35,82,0.0
35,83,55
35,84,9.9
35,85,55
35,86,55
35,87,55
35,88,0.0
35,89,0.0
35,90,0.0
35,91,55
35,92,55
35,93,55
35,94,55
35,95,0.0
35,96,9.9
35,97,55
35,98,55
35,99,55
35,100,9.9
35,101,55
35,102,9.9
35,103,55
35,104,55
35,105,9.9
35,106,9.9
35,107,9.9
35,108,9.9
35,109,9.9
35,110,55
35,111,55
35,112,0.0
35,113,55
35,114,9.9
35,115,0.0
35,116,9.9
35,117,55
35,118,9.9
35,119,55
35,120,55
35,121,55
35,122,55
35,123,55
35,124,0.0
35,125,0.0
35,126,9.9
35,127,0.0
35,128,9.9
35,129,0.0
35,130,9.9
35,131,55
35,132,55
35,133,55
35,134,9.9
35,135,55
35,136,0.0
35,137,0.0
35,138,55
35,139,9.9
35,140,9.9
35,141,0.0
35,142,0.0
35,143,55
35,144,0.0
35,145,0.0
35,146,55
35,147,55
35,148,0.0
35,149,9.9
35,150,9.9
35,151,9.9
35,152,0.0
35,153,9.9
35,154,0.0
35,155,0.0
35,156,0.0
35,157,9.9
35,158,0.0
35,159,0.0
35,160,0.0
35,161,9.9
35,162,9.9
35,163,0.0
35,164,9.9
35,165,0.0
35,166,0.0
35,167,9.9
35,168,0.0
35,169,9.9
35,170,9.9
35,171,0.0
35,172,9.9
35,173,9.9
35,174,9.9
35,175,9.9
35,176,9.9
35,177,0.0
35,178,0.0
35,179,9.9
35,180,9.9
35,181,9.9
35,182,0.0
35,183,0.0
35,184,9.9
35,185,0.0
35,186,0.0
35,187,9.9
35,188,0.0
35,189,0.0
35,190,0.0
35,191,0.0
35,192,0.0
35,193,0.0
35,194,9.9
35,195,9.9
35,196,9.9
35,197,9.9
35,198,0.0
35,199,9.9
35,200,0.0
35,201,9.9
36,0,9.9
36,1,0.0
36,2,55
36,3,0.0
36,4,9.9
36,5,0.0
36,6,55
36,7,55
36,8,9.9
36,9,9.9
36,10,9.9
36,11,55
36,12,55
36,13,55
36,14,55
36,15,55
36,16,9.9
36,17,55
36,18,9.9
36,19,0.0
36,20,55
36,21,55
36,22,55
36,23,9.9
36,24,0.0
36,25,9.9
36,26,55
36,27,9.9
36,28,55
36,29,9.9
36,30,55
36,31,0.0
36,32,55
36,33,9.9
36,34,0.0
36,35,0.0
36,36,9.9
36,37,0.0
36,38,9.9
36,39,55
36,40,0.0
36,41,0.0
36,42,0.0
36,43,55
36,44,55
36,45,0.0
36,46,55
36,47,55
36,48,55
36,49,55
36,50,55
36,51,9.9
36,52,0.0
36,53,55
36,54,0.0
36,55,55
36,56,55
36,57,9.9
36,58,9.9
36,59,0.0
36,60,55
36,61,55
36,62,55
36,63,55
36,64,0.0
36,65,55
36,66,9.9
36,67,55
36,68,55
36,69,9.9
36,70,9.9
36,71,0.0
36,72,55
36,73,0.0
36,74,55
36,75,55
36,76,0.0
36,77,55
36,78,0.0
36,79,9.9
36,80,9.9
36,81,55
36,82,55
36,83,55
36,84,55
36,85,55
36,86,55
36,87,55
36,88,55
36,89,9.9
36,90,9.9
36,91,9.9
36,92,55
36,93,55
36,94,55
36,95,0.0
36,96,9.9
36,97,55
36,98,0.0
36,99,55
36,100,55
36,101,55
36,102,55
36,103,55
36,104,9.9
36,105,55
36,106,0.0
36,107,0.0
36,108,0.0
36,109,0.0
36,110,0.0
36,111,55
36,112,55
36,113,55
36,114,55
36,115,0.0
36,116,9.9
36,117,55
36,118,55
36,119,55
36,120,55
36,121,55
36,122,0.0
36,123,55
36,124,55
36,125,55
36,126,9.9
36,127,9.9
36,128,9.9
36,129,9.9
36,130,9.9
36,131,0.0
36,132,0.0
36,133,9.9
36,134,55
36,135,0.0
36,136,9.9
36,137,55
36,138,9.9
36,139,55
36,140,0.0
36,141,55
36,142,55
36,143,9.9
36,144,0.0
36,145,0.0
36,146,55
36,147,55
36,148,55
36,149,9.9
36,150,0.0
36,151,0.0
36,152,9.9
36,153,9.9
36,154,0.0
36,155,0.0
36,156,0.0
36,157,9.9
36,158,0.0
36,159,9.9
36,160,9.9
36,161,9.9
36,162,0.0
36,163,9.9
36,164,9.9
36,165,9.9
36,166,0.0
36,167,9.9
36,168,9.9
36,169,9.9
36,170,0.0
36,171,9.9
36,172,9.9
36,173,0.0
36,174,0.0
36,175,0.0
36,176,0.0
36,177,9.9
36,178,0.0
36,179,9.9
36,180,0.0
36,181,0.0
36,182,9.9
36,183,0.0
36,184,9.9
36,185,9.9
36,186,0.0
36,187,9.9
36,188,0.0
36,189,9.9
36,190,9.9
36,191,9.9
36,192,9.9
36,193,0.0
36,194,9.9
36,195,0.0
36,196,0.0
36,197,0.0
36,198,9.9
36,199,9.9
36,200,9.9
36,201,9.9
37,0,55
37,1,9.9
37,2,55
37,3,55
37,4,9.9
37,5,55
37,6,9.9
37,7,55
37,8,55
37,9,0.0
37,10,0.0
37,11,55
37,12,0.0
37,13,55
37,14,55
37,15,0.0
37,16,55
37,17,55
37,18,55
37,19,9.9
37,20,55
37,21,55
37,22,55
37,23,55
37,24,9.9
37,25,9.9
37,26,55
37,27,55
37,28,55
37,29,55
37,30,0.0
37,31,55
37,32,55
37,33,55
37,34,0.0
37,35,0.0
37,36,9.9
37,37,55
37,38,9.9
37,39,0.0
37,40,55
37,41,55
37,42,55
37,43,9.9
37,44,55
37,45,9.9
37,46,55
37,47,55
37,48,55
37,49,0.0
37,50,9.9
37,51,55
37,52,55
37,53,9.9
37,54,55
37,55,55
37,56,9.9
37,57,55
37,58,0.0
37,59,9.9
37,60,55
37,61,55
37,62,55
37,63,55
37,64,55
37,65,9.9
37,66,55
37,67,55
37,68,9.9
37,69,55
37,70,0.0
37,71,55
37,72,55
37,73,55
37,74,55
37,75,55
37,76,55
37,77,9.9
37,78,55
37,79,9.9
37,80,0.0
37,81,55
37,82,0.0
37,83,0.0
37,84,55
37,85,55
37,86,0.0
37,87,55
37,88,0.0
37,89,55
37,90,0.0
37,91,0.0
37,92,0.0
37,93,0.0
37,94,55
37,95,55
37,96,9.9
37,97,0.0
37,98,9.9
37,99,55
37,100,55
37,101,55
37,102,55
37,103,55
37,104,55
37,105,0.0
37,106,55
37,107,9.9
37,108,9.9
37,109,9.9
37,110,55
37,111,9.9
37,112,0.0
37,113,0.0
37,114,55
37,115,55
37,116,9.9
37,117,0.0
37,118,55
37,119,55
37,120,0.0
37,121,55
37,122,9.9
37,123,55
37,124,9.9
37,125,0.0
37,126,55
37,127,0.0
37,128,0.0
37,129,0.0
37,130,0.0
37,131,55
37,132,55
37,133,9.9
37,134,0.0
37,135,9.9
37,136,9.9
37,137,55
37,138,55
37,139,0.0
37,140,55
37,141,55
37,142,9.9
37,143,55
37,144,9.9
37,145,0.0
37,146,55
37,147,9.9
37,148,0.0
37,149,55
37,150,0.0
37,151,9.9
37,152,9.9
37,153,0.0
37,154,9.9
37,155,0.0
37,156,0.0
37,157,9.9
37,158,9.9
37,159,9.9
37,160,0.0
37,161,0.0
37,162,0.0
37,163,9.9
37,164,0.0
37,165,0.0
37,166,9.9
37,167,9.9
37,168,0.0
37,169,0.0
37,170,0.0
37,171,9.9
37,172,0.0
37,173,0.0
37,174,9.9
37,175,9.9
37,176,9.9
37,177,9.9
37,178,9.9
37,179,9.9
37,180,0.0
37,181,9.9
37,182,9.9
37,183,9.9
37,184,9.9
37,185,0.0
37,186,9.9
37,187,9.9
37,188,9.9
37,189,9.9
37,190,0.0
37,191,0.0
37,192,0.0
37,193,9.9
37,194,9.9
37,195,0.0
37,196,9.9
37,197,9.9
37,198,9.9
37,199,0.0
37,200,0.0
37,201,0.0
38,0,55
38,1,55
38,2,55
38,3,0.0
38,4,55
38,5,55
38,6,55
38,7,0.0
38,8,55
38,9,55
38,10,9.9
38,11,9.9
38,12,9.9
38,13,55
38,14,55
38,15,9.9
38,16,9.9
38,17,55
38,18,55
38,19,55
38,20,55
38,21,9.9
38,22,55
38,23,55
38,24,55
38,25,0.0
38,26,0.0
38,27,55
38,28,55
38,29,55
38,30,9.9
38,31,55
38,32,9.9
38,33,55
38,34,55
38,35,0.0
38,36,9.9
38,37,55
38,38,55
38,39,55
38,40,55
38,41,0.0
38,42,0.0
38,43,55
38,44,0.0
38,45,55
38,46,55
38,47,9.9
38,48,55
38,49,9.9
38,50,9.9
38,51,0.0
38,52,0.0
38,53,55
38,54,55
38,55,9.9
38,56,55
38,57,0.0
38,58,55
38,59,9.9
38,60,55
38,61,9.9
38,62,55
38,63,55
38,64,0.0
38,65,55
38,66,0.0
38,67,55
38,68,55
38,69,0.0
38,70,55
38,71,55
38,72,9.9
38,73,0.0
38,74,0.0
38,75,9.9
38,76,9.9
38,77,55
38,78,55
38,79,55
38,80,0.0
38,81,9.9
38,82,9.9
38,83,55
38,84,55
38,85,55
38,86,9.9
38,87,55
38,88,0.0
38,89,9.9
38,90,55
38,91,9.9
38,92,55
38,93,55
38,94,55
38,95,0.0
38,96,55
38,97,55
38,98,9.9
38,99,55
38,100,9.9
38,101,55
38,102,55
38,103,55
38,104,55
38,105,0.0
38,106,55
38,107,55
38,108,0.0
38,109,0.0
38,110,55
38,111,55
38,112,55
38,113,55
38,114,55
38,115,0.0
38,116,55
38,117,55
38,118,9.9
38,119,55
38,120,9.9
38,121,55
38,122,55
38,123,55
38,124,55
38,125,55
38,126,9.9
38,127,55
38,128,9.9
38,129,9.9
38,130,9.9
38,131,55
38,132,9.9
38,133,55
38,134,55
38,135,9.9
38,136,0.0
38,137,0.0
38,138,55
38,139,9.9
38,140,55
38,141,0.0
38,142,55
38,143,0.0
38,144,55
38,145,9.9
38,146,55
38,147,55
38,148,55
38,149,9.9
38,150,55
38,151,9.9
38,152,0.0
38,153,0.0
38,154,9.9
38,155,9.9
38,156,0.0
38,157,9.9
38,158,0.0
38,159,0.0
38,160,0.0
38,161,9.9
38,162,0.0
38,163,9.9
38,164,0.0
38,165,9.9
38,166,9.9
38,167,0.0
38,168,0.0
38,169,9.9
38,170,0.0
38,171,9.9
38,172,0.0
38,173,0.0
38,174,9.9
38,175,0.0
38,176,0.0
38,177,0.0
38,178,0.0
38,179,0.0
38,180,9.9
38,181,9.9
38,182,0.0
38,183,0.0
38,184,0.0
38,185,0.0
38,186,9.9
38,187,0.0
38,188,0.0
38,189,0.0
38,190,0.0
38,191,9.9
38,192,9.9
38,193,9.9
38,194,0.0
38,195,9.9
38,196,9.9
38,197,0.0
38,198,0.0
38,199,0.0
38,200,9.9
38,201,9.9
39,0,55
39,1,55
39,2,55
39,3,9.9
39,4,9.9
39,5,55
39,6,55
39,7,0.0
39,8,9.9
39,9,0.0
39,10,55
39,11,0.0
39,12,0.0
39,13,55
39,14,9.9
39,15,55
39,16,0.0
39,17,0.0
39,18,55
39,19,55
39,20,55
39,21,55
39,22,55
39,23,55
39,24,55
39,25,55
39,26,55
39,27,9.9
39,28,55
39,29,55
39,30,55
39,31,55
39,32,55
39,33,55
39,34,0.0
39,35,55
39,36,9.9
39,37,0.0
39,38,55
39,39,9.9
39,40,0.0
39,41,0.0
39,42,55
39,43,9.9
39,44,9.9
39,45,9.9
39,46,55
39,47,55
39,48,55
39,49,55
39,50,0.0
39,51,55
39,52,55
39,53,9.9
39,54,55
39,55,55
39,56,0.0
39,57,9.9
39,58,55
39,59,55
39,60,0.0
39,61,55
39,62,55
39,63,55
39,64,9.9
39,65,9.9
39,66,9.9
39,67,55
39,68,55
39,69,0.0
39,70,55
39,71,0.0
39,72,55
39,73,55
39,74,55
39,75,9.9
39,76,0.0
39,77,0.0
39,78,55
39,79,55
39,80,55
39,81,9.9
39,82,0.0
39,83,55
39,84,9.9
39,85,9.9
39,86,55
39,87,55
39,88,55
39,89,9.9
39,90,55
39,91,55
39,92,55
39,93,0.0
39,94,9.9
39,95,0.0
39,96,9.9
39,97,9.9
39,98,55
39,99,0.0
39,100,55
39,101,55
39,102,55
39,103,55
39,104,55
39,105,55
39,106,55
39,107,55
39,108,55
39,109,9.9
39,110,9.9
39,111,55
39,112,9.9
39,113,9.9
39,114,9.9
39,115,0.0
39,116,9.9
39,117,0.0
39,118,55
39,119,0.0
39,120,55
39,121,55
39,122,55
39,123,55
39,124,55
39,125,9.9
39,126,55
39,127,55
39,128,55
39,129,0.0
39,130,0.0
39,131,55
39,132,55
39,133,0.0
39,134,0.0
39,135,55
39,136,0.0
39,137,55
39,138,9.9
39,139,55
39,140,55
39,141,0.0
39,142,9.9
39,143,9.9
39,144,9.9
39,145,55
39,146,55
39,147,55
39,148,9.9
39,149,55
39,150,55
39,151,55
39,152,0.0
39,153,0.0
39,154,9.9
39,155,0.0
39,156,9.9
39,157,9.9
39,158,0.0
39,159,9.9
39,160,0.0
39,161,9.9
39,162,9.9
39,163,9.9
39,164,9.9
39,165,9.9
39,166,0.0
39,167,0.0
39,168,0.0
39,169,9.9
39,170,9.9
39,171,9.9
39,172,9.9
39,173,0.0
39,174,9.9
39,175,0.0
39,176,9.9
39,177,9.9
39,178,9.9
39,179,9.9
39,180,9.9
39,181,0.0
39,182,0.0
39,183,9.9
39,184,9.9
39,185,0.0
39,186,9.9
39,187,0.0
39,188,9.9
39,189,9.9
39,190,0.0
39,191,9.9
39,192,0.0
39,193,0.0
39,194,0.0
39,195,9.9
39,196,0.0
39,197,0.0
39,198,9.9
39,199,0.0
39,200,9.9
39,201,0.0
40,0,9.9
40,1,0.0
40,2,55
40,3,55
40,4,0.0
40,5,55
40,6,55
40,7,55
40,8,9.9
40,9,55
40,10,9.9
40,11,55
40,12,9.9
40,13,9.9
40,14,55
40,15,0.0
40,16,55
40,17,55
40,18,9.9
40,19,55
40,20,0.0
40,21,55
40,22,55
40,23,0.0
40,24,55
40,25,0.0
40,26,0.0
40,27,55
40,28,0.0
40,29,55
40,30,55
40,31,55
40,32,55
40,33,55
40,34,9.9
40,35,55
40,36,55
40,37,55
40,38,9.9
40,39,55
40,40,55
40,41,0.0
40,42,55
40,43,55
40,44,0.0
40,45,0.0
40,46,55
40,47,55
40,48,55
40,49,55
40,50,55
40,51,55
40,52,9.9
40,53,55
40,54,55
40,55,55
40,56,0.0
40,57,9.9
40,58,55
40,59,55
40,60,0.0
40,61,9.9
40,62,55
40,63,0.0
40,64,55
40,65,0.0
40,66,0.0
40,67,55
40,68,9.9
40,69,55
40,70,55
40,71,0.0
40,72,9.9
40,73,9.9
40,74,9.9
40,75,55
40,76,0.0
40,77,55
40,78,9.9
40,79,55
40,80,9.9
40,81,55
40,82,0.0
40,83,9.9
40,84,55
40,85,0.0
40,86,0.0
40,87,55
40,88,9.9
40,89,55
40,90,0.0
40,91,55
40,92,55
40,93,9.9
40,94,9.9
40,95,9.9
40,96,9.9
40,97,0.0
40,98,0.0
40,99,9.9
40,100,9.9
40,101,55
40,102,0.0
40,103,55
40,104,55
40,105,9.9
40,106,0.0
40,107,9.9
40,108,9.9
40,109,55
40,110,0.0
40,111,0.0
40,112,55
40,113,0.0
40,114,0.0
40,115,9.9
40,116,9.9
40,117,55
40,118,9.9
40,119,0.0
40,120,9.9
40,121,55
40,122,0.0
40,123,55
40,124,55
40,125,55
40,126,0.0
40,127,55
40,128,55
40,129,55
40,130,9.9
40,131,9.9
40,132,55
40,133,9.9
40,134,55
40,135,9.9
40,136,55
40,137,55
40,138,55
40,139,0.0
40,140,55
40,141,55
40,142,9.9
40,143,0.0
40,144,0.0
40,145,0.0
40,146,55
40,147,0.0
40,148,55
40,149,0.0
40,150,55
40,151,55
40,152,55
40,153,0.0
40,154,9.9
40,155,0.0
40,156,9.9
40,157,0.0
40,158,9.9
40,159,9.9
40,160,9.9
40,161,9.9
40,162,0.0
40,163,0.0
40,164,0.0
40,165,0.0
40,166,0.0
40,167,0.0
40,168,0.0
40,169,9.9
40,170,0.0
40,171,0.0
40,172,0.0
40,173,9.9
40,174,9.9
40,175,9.9
40,176,9.9
40,177,0.0
40,178,0.0
40,179,0.0
40,180,0.0
40,181,0.0
40,182,0.0
40,183,9.9
40,184,0.0
40,185,9.9
40,186,9.9
40,187,9.9
40,188,9.9
40,189,0.0
40,190,9.9
40,191,9.9
40,192,0.0
40,193,9.9
40,194,0.0
40,195,9.9
40,196,0.0
40,197,0.0
40,198,9.9
40,199,9.9
40,200,9.9
40,201,0.0
41,0,9.9
41,1,55
41,2,55
41,3,55
41,4,55
41,5,9.9
41,6,0.0
41,7,0.0
41,8,55
41,9,55
41,10,55
41,11,55
41,12,55
41,13,0.0
41,14,0.0
41,15,0.0
41,16,55
41,17,9.9
41,18,55
41,19,0.0
41,20,9.9
41,21,55
41,22,9.9
41,23,0.0
41,24,55
41,25,0.0
41,26,55
41,27,9.9
41,28,9.9
41,29,9.9
41,30,55
41,31,0.0
41,32,55
41,33,55
41,34,55
41,35,55
41,36,55
41,37,9.9
41,38,55
41,39,0.0
41,40,0.0
41,41,55
41,42,55
41,43,55
41,44,55
41,45,9.9
41,46,9.9
41,47,0.0
41,48,9.9
41,49,55
41,50,0.0
41,51,0.0
41,52,55
41,53,0.0
41,54,55
41,55,0.0
41,56,55
41,57,9.9
41,58,0.0
41,59,0.0
41,60,55
41,61,9.9
41,62,55
41,63,0.0
41,64,9.9
41,65,55
41,66,9.9
41,67,9.9
41,68,55
41,69,55
41,70,9.9
41,71,55
41,72,9.9
41,73,0.0
41,74,0.0
41,75,0.0
41,76,55
41,77,55
41,78,55
41,79,0.0
41,80,55
41,81,0.0
41,82,55
41,83,9.9
41,84,0.0
41,85,55
41,86,55
41,87,9.9
41,88,55
41,89,0.0
41,90,0.0
41,91,9.9
41,92,55
41,93,55
41,94,0.0
41,95,0.0
41,96,0.0
41,97,0.0
41,98,55
41,99,9.9
41,100,0.0
41,101,55
41,102,0.0
41,103,55
41,104,55
41,105,55
41,106,55
41,107,9.9
41,108,0.0
41,109,0.0
41,110,55
41,111,55
41,112,9.9
41,113,55
41,114,9.9
41,115,9.9
41,116,0.0
41,117,55
41,118,55
41,119,9.9
41,120,9.9
41,121,55
41,122,0.0
41,123,55
41,124,55
41,125,55
41,126,0.0
41,127,55
41,128,55
41,129,0.0
41,130,55
41,131,0.0
41,132,0.0
41,133,55
41,134,55
41,135,55
41,136,55
41,137,9.9
41,138,55
41,139,9.9
41,140,55
41,141,0.0
41,142,55
41,143,0.0
41,144,9.9
41,145,55
41,146,55
41,147,0.0
41,148,9.9
41,149,9.9
41,150,9.9
41,151,55
41,152,9.9
41,153,55
41,154,9.9
41,155,9.9
41,156,9.9
41,157,0.0
41,158,9.9
41,159,0.0
41,160,0.0
41,161,0.0
41,162,0.0
41,163,9.9
41,164,9.9
41,165,9.9
41,166,0.0
41,167,0.0
41,168,0.0
41,169,9.9
41,170,0.0
41,171,9.9
41,172,9.9
41,173,9.9
41,174,0.0
41,175,0.0
41,176,0.0
41,177,0.0
41,178,9.9
41,179,9.9
41,180,9.9
41,181,0.0
41,182,0.0
41,183,9.9
41,184,0.0
41,185,9.9
41,186,0.0
41,187,0.0
41,188,0.0
41,189,0.0
41,190,9.9
41,191,0.0
41,192,9.9
41,193,9.9
41,194,9.9
41,195,9.9
41,196,9.9
41,197,0.0
41,198,9.9
41,199,0.0
41,200,0.0
41,201,9.9
42,0,0.0
42,1,55
42,2,0.0
42,3,9.9
42,4,9.9
42,5,55
42,6,55
42,7,55
42,8,9.9
42,9,55
42,10,55
42,11,55
42,12,55
42,13,55
42,14,55
42,15,0.0
42,16,55
42,17,55
42,18,0.0
42,19,9.9
42,20,9.9
42,21,55
42,22,55
42,23,9.9
42,24,55
42,25,55
42,26,55
42,27,55
42,28,0.0
42,29,0.0
42,30,0.0
42,31,9.9
42,32,55
42,33,55
42,34,55
42,35,55
42,36,0.0
42,37,55
42,38,0.0
42,39,0.0
42,40,55
42,41,55
42,42,9.9
42,43,9.9
42,44,9.9
42,45,55
42,46,0.0
42,47,55
42,48,9.9
42,49,55
42,50,0.0
42,51,55
42,52,9.9
42,53,9.9
42,54,9.9
42,55,9.9
42,56,55
42,57,55
42,58,55
42,59,55
42,60,55
42,61,55
42,62,0.0
42,63,55
42,64,9.9
42,65,55
42,66,55
42,67,0.0
42,68,0.0
42,69,55
42,70,55
42,71,55
42,72,55
42,73,0.0
42,74,9.9
42,75,55
42,76,55
42,77,0.0
42,78,55
42,79,9.9
42,80,9.9
42,81,0.0
42,82,55
42,83,55
42,84,55
42,85,55
42,86,0.0
42,87,55
42,88,0.0
42,89,0.0
42,90,0.0
42,91,9.9
42,92,0.0
42,93,55
42,94,55
42,95,9.9
42,96,9.9
42,97,0.0
42,98,55
42,99,55
42,100,0.0
42,101,9.9
42,102,55
42,103,55
42,104,9.9
42,105,55
42,106,0.0
42,107,55
42,108,0.0
42,109,55
42,110,55
42,111,9.9
42,112,55
42,113,55
42,114,55
42,115,0.0
42,116,0.0
42,117,9.9
42,118,55
42,119,55
42,120,0.0
42,121,0.0
42,122,55
42,123,55
42,124,9.9
42,125,55
42,126,55
42,127,55
42,128,9.9
42,129,0.0
42,130,9.9
42,131,55
42,132,55
42,133,9.9
42,134,55
42,135,55
42,136,55
42,137,55
42,138,55
42,139,55
42,140,55
42,141,0.0
42,142,9.9
42,143,55
42,144,9.9
42,145,55
42,146,9.9
42,147,55
42,148,9.9
42,149,0.0
42,150,0.0
42,151,0.0
42,152,55
42,153,55
42,154,55
42,155,0.0
42,156,0.0
42,157,9.9
42,158,9.9
42,159,0.0
42,160,9.9
42,161,9.9
42,162,0.0
42,163,9.9
42,164,0.0
42,165,0.0
42,166,9.9
42,167,0.0
42,168,0.0
42,169,9.9
42,170,9.9
42,171,9.9
42,172,0.0
42,173,0.0
42,174,0.0
42,175,9.9
42,176,9.9
42,177,0.0
42,178,9.9
42,179,0.0
42,180,0.0
42,181,9.9
42,182,0.0
42,183,9.9
42,184,9.9
42,185,9.9
42,186,0.0
42,187,9.9
42,188,9.9
42,189,0.0
42,190,9.9
42,191,0.0
42,192,9.9
42,193,0.0
42,194,0.0
42,195,0.0
42,196,0.0
42,197,9.9
42,198,9.9
42,199,0.0
42,200,9.9
42,201,9.9
43,0,9.9
43,1,9.9
43,2,9.9
43,3,9.9
43,4,0.0
43,5,0.0
43,6,9.9
43,7,9.9
43,8,55
43,9,55
43,10,55
43,11,0.0
43,12,55
43,13,0.0
43,14,9.9
43,15,55
43,16,55
43,17,55
43,18,9.9
43,19,9.9
43,20,0.0
43,21,0.0
43,22,55
43,23,55
43,24,55
43,25,0.0
43,26,0.0
43,27,55
43,28,55
43,29,9.9
43,30,55
43,31,9.9
43,32,55
43,33,9.9
43,34,55
43,35,55
43,36,9.9
43,37,9.9
43,38,9.9
43,39,0.0
43,40,55
43,41,0.0
43,42,55
43,43,0.0
43,44,0.0
43,45,0.0
43,46,55
43,47,55
43,48,55
43,49,0.0
43,50,55
43,51,55
43,52,55
43,53,0.0
43,54,0.0
43,55,0.0
43,56,55
43,57,55
43,58,9.9
43,59,9.9
43,60,0.0
43,61,55
43,62,0.0
43,63,55
43,64,55
43,65,0.0
43,66,55
43,67,55
43,68,55
43,69,9.9
43,70,55
43,71,55
43,72,55
43,73,55
43,74,9.9
43,75,55
43,76,0.0
43,77,0.0
43,78,55
43,79,55
43,80,0.0
43,81,9.9
43,82,55
43,83,55
43,84,9.9
43,85,0.0
43,86,0.0
43,87,9.9
43,88,9.9
43,89,0.0
43,90,0.0
43,91,9.9
43,92,55
43,93,9.9
43,94,0.0
43,95,55
43,96,0.0
43,97,9.9
43,98,55
43,99,55
43,100,55
43,101,9.9
43,102,55
43,103,0.0
43,104,55
43,105,55
43,106,0.0
43,107,9.9
43,108,55
43,109,55
43,110,9.9
43,111,55
43,112,0.0
43,113,55
43,114,55
43,115,55
43,116,0.0
43,117,9.9
43,118,0.0
43,119,55
43,120,55
43,121,55
43,122,55
43,123,0.0
43,124,55
43,125,55
43,126,0.0
43,127,0.0
43,128,55
43,129,9.9
43,130,9.9
43,131,55
43,132,0.0
43,133,55
43,134,0.0
43,135,55
43,136,0.0
43,137,55
43,138,55
43,139,55
43,140,55
43,141,55
43,142,9.9
43,143,55
43,144,55
43,145,0.0
43,146,55
43,147,55
43,148,55
43,149,0.0
43,150,9.9
43,151,55
43,152,9.9
43,153,55
43,154,55
43,155,55
43,156,9.9
43,157,9.9
43,158,0.0
43,159,9.9
43,160,9.9
43,161,0.0
43,162,9.9
43,163,9.9
43,164,0.0
43,165,9.9
43,166,9.9
43,167,9.9
43,168,0.0
43,169,9.9
43,170,0.0
43,171,0.0
43,172,0.0
43,173,9.9
43,174,0.0
43,175,9.9
43,176,0.0
43,177,9.9
43,178,9.9
43,179,0.0
43,180,9.9
43,181,9.9
43,182,9.9
43,183,9.9
43,184,0.0
43,185,0.0
43,186,9.9
43,187,9.9
43,188,0.0
43,189,9.9
43,190,9.9
43,191,9.9
43,192,9.9
43,193,0.0
43,194,9.9
43,195,9.9
43,196,9.9
43,197,9.9
43,198,0.0
43,199,9.9
43,200,9.9
43,201,0.0
44,0,55
44,1,0.0
44,2,0.0
44,3,0.0
44,4,0.0
44,5,55
44,6,9.9
44,7,0.0
44,8,0.0
44,9,55
44,10,0.0
44,11,0.0
44,12,55
44,13,0.0
44,14,9.9
44,15,55
44,16,9.9
44,17,9.9
44,18,55
44,19,0.0
44,20,0.0
44,21,55
44,22,9.9
44,23,55
44,24,55
44,25,9.9
44,26,55
44,27,55
44,28,9.9
44,29,55
44,30,55
44,31,55
44,32,0.0
44,33,55
44,34,55
44,35,55
44,36,55
44,37,0.0
44,38,0.0
44,39,9.9
44,40,55
44,41,0.0
44,42,9.9
44,43,55
44,44,9.9
44,45,55
44,46,55
44,47,0.0
44,48,55
44,49,9.9
44,50,55
44,51,9.9
44,52,55
44,53,55
44,54,9.9
44,55,9.9
44,56,9.9
44,57,0.0
44,58,55
44,59,0.0
44,60,55
44,61,55
44,62,55
44,63,55
44,64,55
44,65,9.9
44,66,9.9
44,67,0.0
44,68,0.0
44,69,55
44,70,0.0
44,71,55
44,72,55
44,73,9.9
44,74,55
44,75,0.0
44,76,9.9
44,77,0.0
44,78,55
44,79,55
44,80,55
44,81,9.9
44,82,55
44,83,9.9
44,84,55
44,85,55
44,86,0.0
44,87,9.9
44,88,0.0
44,89,9.9
44,90,0.0
44,91,9.9
44,92,55
44,93,55
44,94,55
44,95,9.9
44,96,55
44,97,9.9
44,98,55
44,99,9.9
44,100,0.0
44,101,55
44,102,0.0
44,103,9.9
44,104,9.9
44,105,55
44,106,55
44,107,9.9
44,108,55
44,109,9.9
44,110,55
44,111,0.0
44,112,9.9
44,113,9.9
44,114,55
44,115,0.0
44,116,55
44,117,9.9
44,118,55
44,119,9.9
44,120,0.0
44,121,0.0
44,122,0.0
44,123,0.0
44,124,9.9
44,125,55
44,126,9.9
44,127,55
44,128,9.9
44,129,55
44,130,0.0
44,131,0.0
44,132,9.9
44,133,9.9
44,134,9.9
44,135,9.9
44,136,9.9
44,137,55
44,138,9.9
44,139,55
44,140,55
44,141,9.9
44,142,55
44,143,0.0
44,144,55
44,145,0.0
44,146,9.9
44,147,55
44,148,55
44,149,55
44,150,9.9
44,151,55
44,152,55
44,153,0.0
44,154,55
44,155,0.0
44,156,55
44,157,0.0
44,158,0.0
44,159,9.9
44,160,0.0
44,161,0.0
44,162,9.9
44,163,0.0
44,164,9.9
44,165,9.9
44,166,0.0
44,167,0.0
44,168,9.9
44,169,9.9
44,170,0.0
44,171,9.9
44,172,0.0
44,173,9.9
44,174,9.9
44,175,9.9
44,176,0.0
44,177,9.9
44,178,0.0
44,179,9.9
44,180,9.9
44,181,0.0
44,182,0.0
44,183,0.0
44,184,0.0
44,185,9.9
44,186,9.9
44,187,0.0
44,188,0.0
44,189,9.9
44,190,0.0
44,191,0.0
44,192,0.0
44,193,9.9
44,194,9.9
44,195,0.0
44,196,0.0
44,197,0.0
44,198,0.0
44,199,9.9
44,200,0.0
44,201,0.0
45,0,9.9
45,1,55
45,2,9.9
45,3,9.9
45,4,0.0
45,5,55
45,6,55
45,7,0.0
45,8,55
45,9,9.9
45,10,9.9
45,11,0.0
45,12,55
45,13,55
45,14,9.9
45,15,0.0
45,16,55
45,17,0.0
45,18,0.0
45,19,55
45,20,0.0
45,21,55
45,22,55
45,23,0.0
45,24,0.0
45,25,55
45,26,55
45,27,9.9
45,28,55
45,29,0.0
45,30,55
45,31,55
45,32,0.0
45,33,9.9
45,34,55
45,35,0.0
45,36,55
45,37,55
45,38,9.9
45,39,9.9
45,40,55
45,41,55
45,42,9.9
45,43,55
45,44,55
45,45,55
45,46,9.9
45,47,0.0
45,48,55
45,49,55
45,50,55
45,51,55
45,52,55
45,53,9.9
45,54,55
45,55,0.0
45,56,0.0
45,57,55
45,58,9.9
45,59,55
45,60,55
45,61,0.0
45,62,0.0
45,63,0.0
45,64,9.9
45,65,55
45,66,0.0
45,67,55
45,68,55
45,69,9.9
45,70,9.9
45,71,9.9
45,72,55
45,73,55
45,74,0.0
45,75,9.9
45,76,9.9
45,77,9.9
45,78,55
45,79,9.9
45,80,9.9
45,81,55
45,82,0.0
45,83,55
45,84,0.0
45,85,9.9
45,86,55
45,87,9.9
45,88,0.0
45,89,9.9
45,90,9.9
45,91,9.9
45,92,0.0
45,93,55
45,94,0.0
45,95,55
45,96,55
45,97,55
45,98,0.0
45,99,55
45,100,55
45,101,9.9
45,102,9.9
45,103,9.9
45,104,0.0
45,105,0.0
45,106,9.9
45,107,55
45,108,0.0
45,109,55
45,110,0.0
45,111,9.9
45,112,9.9
45,113,0.0
45,114,0.0
45,115,9.9
45,116,55
45,117,55
45,118,55
45,119,55
45,120,55
45,121,55
45,122,55
45,123,0.0
45,124,9.9
45,125,0.0
45,126,55
45,127,55
45,128,55
45,129,0.0
45,130,55
45,131,55
45,132,9.9
45,133,0.0
45,134,0.0
45,135,0.0
45,136,0.0
45,137,55
45,138,55
45,139,55
45,140,55
45,141,55
45,142,0.0
45,143,0.0
45,144,9.9
45,145,55
45,146,9.9
45,147,0.0
45,148,55
45,149,9.9
45,150,55
45,151,0.0
45,152,55
45,153,9.9
45,154,9.9
45,155,9.9
45,156,9.9
45,157,55
45,158,0.0
45,159,9.9
45,160,0.0
45,161,0.0
45,162,9.9
45,163,0.0
45,164,9.9
45,165,0.0
45,166,0.0
45,167,9.9
45,168,9.9
45,169,0.0
45,170,9.9
45,171,9.9
45,172,9.9
45,173,9.9
45,174,0.0
45,175,0.0
45,176,9.9
45,177,9.9
45,178,0.0
45,179,9.9
45,180,0.0
45,181,0.0
45,182,9.9
45,183,9.9
45,184,0.0
45,185,9.9
45,186,0.0
45,187,0.0
45,188,0.0
45,189,9.9
45,190,0.0
45,191,9.9
45,192,9.9
45,193,9.9
45,194,0.0
45,195,0.0
45,196,9.9
45,197,9.9
45,198,0.0
45,199,9.9
45,200,0.0
45,201,0.0
46,0,55
46,1,55
46,2,55
46,3,0.0
46,4,9.9
46,5,55
46,6,55
46,7,55
46,8,55
46,9,55
46,10,0.0
46,11,9.9
46,12,55
46,13,0.0
46,14,55
46,15,55
46,16,9.9
46,17,55
46,18,55
46,19,55
46,20,55
46,21,55
46,22,55
46,23,9.9
46,24,55
46,25,9.9
46,26,55
46,27,55
46,28,0.0
46,29,9.9
46,30,9.9
46,31,55
46,32,55
46,33,9.9
46,34,55
46,35,0.0
46,36,55
46,37,9.9
46,38,55
46,39,0.0
46,40,0.0
46,41,9.9
46,42,55
46,43,0.0
46,44,55
46,45,55
46,46,55
46,47,9.9
46,48,55
46,49,55
46,50,55
46,51,55
46,52,55
46,53,55
46,54,0.0
46,55,55
46,56,9.9
46,57,55
46,58,55
46,59,55
46,60,9.9
46,61,0.0
46,62,55
46,63,55
46,64,9.9
46,65,0.0
46,66,55
46,67,55
46,68,9.9
46,69,55
46,70,0.0
46,71,0.0
46,72,0.0
46,73,55
46,74,0.0
46,75,9.9
46,76,0.0
46,77,0.0
46,78,55
46,79,55
46,80,0.0
46,81,0.0
46,82,0.0
46,83,9.9
46,84,0.0
46,85,9.9
46,86,55
46,87,55
46,88,9.9
46,89,9.9
46,90,0.0
46,91,0.0
46,92,55
46,93,9.9
46,94,9.9
46,95,9.9
46,96,55
46,97,55
46,98,0.0
46,99,9.9
46,100,0.0
46,101,55
46,102,0.0
46,103,0.0
46,104,0.0
46,105,55
46,106,9.9
46,107,0.0
46,108,0.0
46,109,9.9
46,110,0.0
46,111,9.9
46,112,0.0
46,113,0.0
46,114,55
46,115,9.9
46,116,55
46,117,55
46,118,55
46,119,55
46,120,0.0
46,121,9.9
46,122,0.0
46,123,55
46,124,9.9
46,125,55
46,126,9.9
46,127,55
46,128,55
46,129,9.9
46,130,55
46,131,9.9
46,132,55
46,133,0.0
46,134,9.9
46,135,9.9
46,136,9.9
46,137,9.9
46,138,55
46,139,55
46,140,0.0
46,141,55
46,142,0.0
46,143,0.0
46,144,9.9
46,145,55
46,146,55
46,147,55
46,148,9.9
46,149,55
46,150,0.0
46,151,9.9
46,152,9.9
46,153,55
46,154,0.0
46,155,0.0
46,156,0.0
46,157,55
46,158,55
46,159,9.9
46,160,9.9
46,161,0.0
46,162,9.9
46,163,9.9
46,164,9.9
46,165,0.0
46,166,0.0
46,167,9.9
46,168,0.0
46,169,0.0
46,170,9.9
46,171,0.0
46,172,0.0
46,173,0.0
46,174,0.0
46,175,9.9
46,176,9.9
46,177,0.0
46,178,9.9
46,179,9.9
46,180,0.0
46,181,0.0
46,182,9.9
46,183,0.0
46,184,9.9
46,185,9.9
46,186,0.0
46,187,0.0
46,188,0.0
46,189,9.9
46,190,9.9
46,191,9.9
46,192,0.0
46,193,0.0
46,194,0.0
46,195,0.0
46,196,9.9
46,197,0.0
46,198,9.9
46,199,9.9
46,200,9.9
46,201,0.0
47,0,0.0
47,1,55
47,2,55
47,3,55
47,4,9.9
47,5,55
47,6,9.9
47,7,0.0
47,8,0.0
47,9,55
47,10,55
47,11,9.9
47,12,55
47,13,0.0
47,14,9.9
47,15,0.0
47,16,55
47,17,55
47,18,0.0
47,19,9.9
47,20,0.0
47,21,9.9
47,22,9.9
47,23,55
47,24,55
47,25,55
47,26,55
47,27,55
47,28,0.0
47,29,9.9
47,30,0.0
47,31,0.0
47,32,9.9
47,33,55
47,34,0.0
47,35,55
47,36,55
47,37,55
47,38,0.0
47,39,55
47,40,55
47,41,9.9
47,42,0.0
47,43,0.0
47,44,9.9
47,45,55
47,46,55
47,47,55
47,48,55
47,49,9.9
47,50,9.9
47,51,55
47,52,55
47,53,55
47,54,0.0
47,55,55
47,56,55
47,57,55
47,58,55
47,59,55
47,60,55
47,61,9.9
47,62,55
47,63,0.0
47,64,55
47,65,55
47,66,55
47,67,9.9
47,68,55
47,69,0.0
47,70,55
47,71,9.9
47,72,55
47,73,9.9
47,74,55
47,75,9.9
47,76,0.0
47,77,9.9
47,78,9.9
47,79,55
47,80,55
47,81,55
47,82,0.0
47,83,9.9
47,84,9.9
47,85,9.9
47,86,0.0
47,87,55
47,88,55
47,89,0.0
47,90,0.0
47,91,9.9
47,92,55
47,93,55
47,94,0.0
47,95,0.0
47,96,55
47,97,55
47,98,55
47,99,9.9
47,100,55
47,101,9.9
47,102,55
47,103,9.9
47,104,0.0
47,105,55
47,106,55
47,107,55
47,108,0.0
47,109,9.9
47,110,9.9
47,111,9.9
47,112,0.0
47,113,0.0
47,114,55
47,115,55
47,116,0.0
47,117,0.0
47,118,9.9
47,119,55
47,120,9.9
47,121,9.9
47,122,55
47,123,55
47,124,55
47,125,55
47,126,55
47,127,0.0
47,128,55
47,129,55
47,130,55
47,131,55
47,132,0.0
47,133,55
47,134,9.9
47,135,0.0
47,136,0.0
47,137,0.0
47,138,0.0
47,139,55
47,140,9.9
47,141,55
47,142,55
47,143,0.0
47,144,9.9
47,145,0.0
47,146,55
47,147,9.9
47,148,55
47,149,0.0
47,150,0.0
47,151,9.9
47,152,0.0
47,153,0.0
47,154,55
47,155,9.9
47,156,9.9
47,157,9.9
47,158,9.9
47,159,55
47,160,0.0
47,161,9.9
47,162,9.9
47,163,0.0
47,164,0.0
47,165,9.9
47,166,0.0
47,167,9.9
47,168,0.0
47,169,0.0
47,170,9.9
47,171,0.0
47,172,9.9
47,173,9.9
47,174,0.0
47,175,9.9
47,176,0.0
47,177,0.0
47,178,9.9
47,179,0.0
47,180,9.9
47,181,0.0
47,182,9.9
47,183,0.0
47,184,9.9
47,185,0.0
47,186,9.9
47,187,0.0
47,188,0.0
47,189,9.9
47,190,0.0
47,191,0.0
47,192,0.0
47,193,9.9
47,194,0.0
47,195,0.0
47,196,9.9
47,197,0.0
47,198,9.9
47,199,0.0
47,200,0.0
47,201,9.9
48,0,55
48,1,55
48,2,55
48,3,0.0
48,4,55
48,5,0.0
48,6,55
48,7,55
48,8,55
48,9,55
48,10,9.9
48,11,55
48,12,0.0
48,13,55
48,14,9.9
48,15,55
48,16,9.9
48,17,55
48,18,9.9
48,19,9.9
48,20,55
48,21,9.9
48,22,0.0
48,23,0.0
48,24,55
48,25,55
48,26,55
48,27,0.0
48,28,55
48,29,9.9
48,30,0.0
48,31,55
48,32,9.9
48,33,0.0
48,34,9.9
48,35,55
48,36,0.0
48,37,55
48,38,9.9
48,39,55
48,40,9.9
48,41,55
48,42,55
48,43,0.0
48,44,9.9
48,45,0.0
48,46,55
48,47,55
48,48,55
48,49,55
48,50,0.0
48,51,55
48,52,55
48,53,55
48,54,55
48,55,55
48,56,55
48,57,55
48,58,0.0
48,59,9.9
48,60,55
48,61,55
48,62,55
48,63,0.0
48,64,9.9
48,65,0.0
48,66,0.0
48,67,55
48,68,0.0
48,69,9.9
48,70,55
48,71,55
48,72,55
48,73,55
48,74,55
48,75,55
48,76,9.9
48,77,9.9
48,78,0.0
48,79,0.0
48,80,0.0
48,81,9.9
48,82,55
48,83,9.9
48,84,0.0
48,85,0.0
48,86,55
48,87,9.9
48,88,55
48,89,55
48,90,0.0
48,91,9.9
48,92,55
48,93,55
48,94,55
48,95,9.9
48,96,9.9
48,97,0.0
48,98,0.0
48,99,55
48,100,55
48,101,55
48,102,55
48,103,55
48,104,9.9
48,105,55
48,106,55
48,107,0.0
48,108,55
48,109,9.9
48,110,0.0
48,111,0.0
48,112,9.9
48,113,0.0
48,114,55
48,115,55
48,116,9.9
48,117,55
48,118,9.9
48,119,55
48,120,55
48,121,0.0
48,122,55
48,123,9.9
48,124,55
48,125,55
48,126,55
48,127,0.0
48,128,9.9
48,129,55
48,130,55
48,131,55
48,132,9.9
48,133,55
48,134,55
48,135,0.0
48,136,9.9
48,137,9.9
48,138,55
48,139,9.9
48,140,55
48,141,55
48,142,0.0
48,143,55
48,144,9.9
48,145,55
48,146,9.9
48,147,55
48,148,0.0
48,149,0.0
48,150,0.0
48,151,9.9
48,152,0.0
48,153,55
48,154,55
48,155,55
48,156,0.0
48,157,0.0
48,158,0.0
48,159,0.0
48,160,55
48,161,9.9
48,162,0.0
48,163,0.0
48,164,9.9
48,165,9.9
48,166,9.9
48,167,9.9
48,168,9.9
48,169,0.0
48,170,9.9
48,171,9.9
48,172,9.9
48,173,0.0
48,174,9.9
48,175,9.9
48,176,0.0
48,177,0.0
48,178,9.9
48,179,0.0
48,180,9.9
48,181,9.9
48,182,9.9
48,183,9.9
48,184,9.9
48,185,0.0
48,186,9.9
48,187,9.9
48,188,0.0
48,189,9.9
48,190,0.0
48,191,9.9
48,192,0.0
48,193,9.9
48,194,9.9
48,195,0.0
48,196,9.9
48,197,9.9
48,198,9.9
48,199,0.0
48,200,9.9
48,201,9.9
49,0,55
49,1,0.0
49,2,9.9
49,3,0.0
49,4,9.9
49,5,0.0
49,6,9.9
49,7,0.0
49,8,9.9
49,9,9.9
49,10,55
49,11,0.0
49,12,9.9
49,13,55
49,14,55
49,15,55
49,16,55
49,17,55
49,18,55
49,19,0.0
49,20,55
49,21,55
49,22,0.0
49,23,55
49,24,55
49,25,55
49,26,55
49,27,9.9
49,28,55
49,29,55
49,30,9.9
49,31,55
49,32,55
49,33,55
49,34,9.9
49,35,55
49,36,0.0
49,37,55
49,38,55
49,39,55
49,40,55
49,41,0.0
49,42,0.0
49,43,55
49,44,9.9
49,45,55
49,46,9.9
49,47,55
49,48,55
49,49,55
49,50,55
49,51,9.9
49,52,0.0
49,53,55
49,54,9.9
49,55,0.0
49,56,9.9
49,57,55
49,58,9.9
49,59,9.9
49,60,55
49,61,55
49,62,55
49,63,55
49,64,9.9
49,65,55
49,66,55
49,67,9.9
49,68,9.9
49,69,9.9
49,70,55
49,71,55
49,72,55
49,73,55
49,74,55
49,75,55
49,76,55
49,77,0.0
49,78,0.0
49,79,55
49,80,55
49,81,9.9
49,82,55
49,83,55
49,84,0.0
49,85,9.9
49,86,55
49,87,55
49,88,0.0
49,89,0.0
49,90,55
49,91,9.9
49,92,0.0
49,93,0.0
49,94,9.9
49,95,55
49,96,0.0
49,97,55
49,98,55
49,99,9.9
49,100,55
49,101,55
49,102,55
49,103,55
49,104,55
49,105,55
49,106,9.9
49,107,0.0
49,108,55
49,109,55
49,110,0.0
49,111,9.9
49,112,9.9
49,113,9.9
49,114,55
49,115,9.9
49,116,55
49,117,55
49,118,55
49,119,0.0
49,120,55
49,121,55
49,122,9.9
49,123,55
49,124,55
49,125,9.9
49,126,55
49,127,55
49,128,9.9
49,129,0.0
49,130,0.0
49,131,55
49,132,55
49,133,55
49,134,55
49,135,55
49,136,9.9
49,137,0.0
49,138,55
49,139,55
49,140,0.0
49,141,55
49,142,9.9
49,143,55
49,144,55
49,145,55
49,146,55
49,147,0.0
49,148,0.0
49,149,0.0
49,150,0.0
49,151,9.9
49,152,9.9
49,153,55
49,154,9.9
49,155,55
49,156,55
49,157,9.9
49,158,9.9
49,159,55
49,160,55
49,161,55
49,162,0.0
49,163,0.0
49,164,9.9
49,165,0.0
49,166,0.0
49,167,0.0
49,168,0.0
49,169,9.9
49,170,9.9
49,171,0.0
49,172,0.0
49,173,0.0
49,174,9.9
49,175,0.0
49,176,9.9
49,177,0.0
49,178,9.9
49,179,9.9
49,180,9.9
49,181,0.0
49,182,0.0
49,183,0.0
49,184,0.0
49,185,9.9
49,186,9.9
49,187,0.0
49,188,9.9
49,189,9.9
49,190,9.9
49,191,9.9
49,192,9.9
49,193,9.9
49,194,0.0
49,195,9.9
49,196,9.9
49,197,0.0
49,198,0.0
49,199,9.9
49,200,9.9
49,201,0.0
50,0,9.9
50,1,9.9
50,2,9.9
50,3,9.9
50,4,9.9
50,5,9.9
50,6,9.9
50,7,55
50,8,9.9
50,9,0.0
50,10,0.0
50,11,9.9
50,12,9.9
50,13,55
50,14,55
50,15,55
50,16,55
50,17,55
50,18,55
50,19,55
50,20,9.9
50,21,55
50,22,55
50,23,55
50,24,9.9
50,25,9.9
50,26,55
50,27,55
50,28,55
50,29,55
50,30,55
50,31,55
50,32,55
50,33,0.0
50,34,55
50,35,0.0
50,36,55
50,37,55
50,38,55
50,39,55
50,40,55
50,41,9.9
50,42,55
50,43,55
50,44,55
50,45,55
50,46,55
50,47,0.0
50,48,55
50,49,55
50,50,0.0
50,51,55
50,52,55
50,53,55
50,54,55
50,55,55
50,56,9.9
50,57,55
50,58,55
50,59,0.0
50,60,0.0
50,61,0.0
50,62,9.9
50,63,0.0
50,64,55
50,65,55
50,66,9.9
50,67,55
50,68,0.0
50,69,0.0
50,70,0.0
50,71,0.0
50,72,55
50,73,55
50,74,0.0
50,75,55
50,76,55
50,77,55
50,78,0.0
50,79,55
50,80,0.0
50,81,55
50,82,0.0
50,83,55
50,84,55
50,85,9.9
50,86,55
50,87,55
50,88,0.0
50,89,55
50,90,55
50,91,55
50,92,55
50,93,55
50,94,9.9
50,95,0.0
50,96,55
50,97,55
50,98,9.9
50,99,55
50,100,55
50,101,55
50,102,0.0
50,103,55
50,104,55
50,105,55
50,106,55
50,107,9.9
50,108,55
50,109,55
50,110,55
50,111,9.9
50,112,0.0
50,113,0.0
50,114,55
50,115,55
50,116,0.0
50,117,55
50,118,55
50,119,0.0
50,120,9.9
50,121,0.0
50,122,55
50,123,0.0
50,124,55
50,125,55
50,126,55
50,127,0.0
50,128,55
50,129,55
50,130,55
50,131,55
50,132,55
50,133,55
50,134,0.0
50,135,0.0
50,136,55
50,137,0.0
50,138,9.9
50,139,55
50,140,9.9
50,141,55
50,142,55
50,143,55
50,144,55
50,145,55
50,146,55
50,147,0.0
50,148,0.0
50,149,0.0
50,150,0.0
50,151,9.9
50,152,0.0
50,153,55
50,154,55
50,155,55
50,156,9.9
50,157,55
50,158,0.0
50,159,55
50,160,9.9
50,161,55
50,162,55
50,163,0.0
50,164,9.9
50,165,0.0
50,166,9.9
50,167,9.9
50,168,9.9
50,169,9.9
50,170,0.0
50,171,0.0
50,172,9.9
50,173,0.0
50,174,9.9
50,175,0.0
50,176,9.9
50,177,9.9
50,178,9.9
50,179,0.0
50,180,0.0
50,181,0.0
50,182,9.9
50,183,9.9
50,184,9.9
50,185,9.9
50,186,0.0
50,187,0.0
50,188,9.9
50,189,0.0
50,190,0.0
50,191,0.0
50,192,0.0
50,193,0.0
50,194,0.0
50,195,9.9
50,196,0.0
50,197,0.0
50,198,9.9
50,199,9.9
50,200,0.0
50,201,0.0
51,0,0.0
51,1,0.0
51,2,0.0
51,3,0.0
51,4,0.0
51,5,0.0
51,6,0.0
51,7,55
51,8,55
51,9,0.0
51,10,55
51,11,9.9
51,12,0.0
51,13,0.0
51,14,0.0
51,15,9.9
51,16,55
51,17,0.0
51,18,55
51,19,0.0
51,20,55
51,21,0.0
51,22,9.9
51,23,9.9
51,24,55
51,25,0.0
51,26,55
51,27,55
51,28,55
51,29,0.0
51,30,55
51,31,55
51,32,0.0
51,33,0.0
51,34,9.9
51,35,0.0
51,36,55
51,37,0.0
51,38,9.9
51,39,55
51,40,55
51,41,55
51,42,55
51,43,0.0
51,44,55
51,45,55
51,46,55
51,47,0.0
51,48,9.9
51,49,55
51,50,9.9
51,51,9.9
51,52,9.9
51,53,0.0
51,54,55
51,55,9.9
51,56,55
51,57,0.0
51,58,55
51,59,55
51,60,55
51,61,55
51,62,9.9
51,63,55
51,64,9.9
51,65,55
51,66,55
51,67,0.0
51,68,55
51,69,9.9
51,70,55
51,71,55
51,72,55
51,73,55
51,74,9.9
51,75,55
51,76,55
51,77,0.0
51,78,55
51,79,55
51,80,0.0
51,81,9.9
51,82,9.9
51,83,9.9
51,84,9.9
51,85,55
51,86,0.0
51,87,0.0
51,88,55
51,89,55
51,90,0.0
51,91,55
51,92,0.0
51,93,9.9
51,94,55
51,95,55
51,96,55
51,97,9.9
51,98,55
51,99,0.0
51,100,55
51,101,0.0
51,102,0.0
51,103,55
51,104,55
51,105,0.0
51,106,55
51,107,55
51,108,55
51,109,9.9
51,110,0.0
51,111,55
51,112,0.0
51,113,9.9
51,114,9.9
51,115,55
51,116,9.9
51,117,55
51,118,55
51,119,55
51,120,9.9
51,121,55
51,122,9.9
51,123,0.0
51,124,55
51,125,55
51,126,55
51,127,9.9
51,128,9.9
51,129,9.9
51,130,9.9
51,131,9.9
51,132,9.9
51,133,55
51,134,9.9
51,135,55
51,136,9.9
51,137,55
51,138,9.9
51,139,0.0
51,140,55
51,141,55
51,142,55
51,143,55
51,144,0.0
51,145,9.9
51,146,55
51,147,55
51,148,0.0
51,149,0.0
51,150,0.0
51,151,9.9
51,152,0.0
51,153,9.9
51,154,55
51,155,55
51,156,55
51,157,0.0
51,158,55
51,159,9.9
51,160,55
51,161,55
51,162,0.0
51,163,55
51,164,9.9
51,165,9.9
51,166,9.9
51,167,0.0
51,168,0.0
51,169,0.0
51,170,0.0
51,171,0.0
51,172,9.9
51,173,9.9
51,174,9.9
51,175,9.9
51,176,9.9
51,177,0.0
51,178,0.0
51,179,0.0
51,180,9.9
51,181,0.0
51,182,9.9
51,183,0.0
51,184,0.0
51,185,0.0
51,186,0.0
51,187,0.0
51,188,9.9
51,189,0.0
51,190,9.9
51,191,9.9
51,192,9.9
51,193,9.9
51,194,0.0
51,195,9.9
51,196,0.0
51,197,0.0
51,198,9.9
51,199,0.0
51,200,0.0
51,201,0.0
52,0,0.0
52,1,9.9
52,2,9.9
52,3,9.9
52,4,9.9
52,5,9.9
52,6,9.9
52,7,9.9
52,8,55
52,9,55
52,10,55
52,11,55
52,12,0.0
52,13,55
52,14,55
52,15,9.9
52,16,55
52,17,0.0
52,18,55
52,19,0.0
52,20,9.9
52,21,0.0
52,22,9.9
52,23,0.0
52,24,0.0
52,25,55
52,26,9.9
52,27,0.0
52,28,55
52,29,9.9
52,30,55
52,31,55
52,32,9.9
52,33,0.0
52,34,9.9
52,35,9.9
52,36,55
52,37,0.0
52,38,9.9
52,39,55
52,40,55
52,41,55
52,42,55
52,43,9.9
52,44,55
52,45,55
52,46,55
52,47,55
52,48,9.9
52,49,0.0
52,50,55
52,51,0.0
52,52,0.0
52,53,55
52,54,55
52,55,55
52,56,0.0
52,57,9.9
52,58,9.9
52,59,0.0
52,60,0.0
52,61,0.0
52,62,55
52,63,55
52,64,55
52,65,55
52,66,55
52,67,0.0
52,68,55
52,69,55
52,70,55
52,71,0.0
52,72,9.9
52,73,9.9
52,74,55
52,75,55
52,76,9.9
52,77,0.0
52,78,55
52,79,9.9
52,80,55
52,81,9.9
52,82,0.0
52,83,0.0
52,84,0.0
52,85,0.0
52,86,9.9
52,87,55
52,88,55
52,89,0.0
52,90,0.0
52,91,55
52,92,0.0
52,93,9.9
52,94,0.0
52,95,0.0
52,96,0.0
52,97,55
52,98,0.0
52,99,9.9
52,100,9.9
52,101,9.9
52,102,0.0
52,103,55
52,104,9.9
52,105,0.0
52,106,55
52,107,55
52,108,55
52,109,55
52,110,55
52,111,9.9
52,112,55
52,113,9.9
52,114,0.0
52,115,0.0
52,116,55
52,117,55
52,118,9.9
52,119,0.0
52,120,55
52,121,55
52,122,55
52,123,9.9
52,124,55
52,125,9.9
52,126,9.9
52,127,55
52,128,0.0
52,129,0.0
52,130,0.0
52,131,0.0
52,132,0.0
52,133,55
52,134,55
52,135,55
52,136,55
52,137,55
52,138,55
52,139,55
52,140,9.9
52,141,55
52,142,0.0
52,143,9.9
52,144,0.0
52,145,9.9
52,146,55
52,147,0.0
52,148,55
52,149,0.0
52,150,0.0
52,151,9.9
52,152,9.9
52,153,9.9
52,154,0.0
52,155,55
52,156,55
52,157,0.0
52,158,55
52,159,55
52,160,0.0
52,161,55
52,162,9.9
52,163,55
52,164,55
52,165,0.0
52,166,0.0
52,167,0.0
52,168,9.9
52,169,9.9
52,170,0.0
52,171,0.0
52,172,9.9
52,173,0.0
52,174,0.0
52,175,0.0
52,176,0.0
52,177,0.0
52,178,9.9
52,179,0.0
52,180,9.9
52,181,9.9
52,182,9.9
52,183,0.0
52,184,9.9
52,185,9.9
52,186,0.0
52,187,0.0
52,188,9.9
52,189,9.9
52,190,9.9
52,191,0.0
52,192,0.0
52,193,0.0
52,194,9.9
52,195,9.9
52,196,9.9
52,197,0.0
52,198,9.9
52,199,0.0
52,200,0.0
52,201,0.0
53,0,55
53,1,9.9
53,2,0.0
53,3,0.0
53,4,0.0
53,5,0.0
53,6,0.0
53,7,0.0
53,8,0.0
53,9,9.9
53,10,9.9
53,11,55
53,12,55
53,13,55
53,14,0.0
53,15,55
53,16,0.0
53,17,55
53,18,55
53,19,55
53,20,9.9
53,21,9.9
53,22,9.9
53,23,0.0
53,24,55
53,25,55
53,26,55
53,27,55
53,28,55
53,29,55
53,30,55
53,31,9.9
53,32,55
53,33,9.9
53,34,9.9
53,35,0.0
53,36,55
53,37,55
53,38,9.9
53,39,0.0
53,40,0.0
53,41,55
53,42,55
53,43,55
53,44,55
53,45,9.9
53,46,55
53,47,9.9
53,48,55
53,49,55
53,50,9.9
53,51,55
53,52,9.9
53,53,55
53,54,0.0
53,55,55
53,56,9.9
53,57,9.9
53,58,0.0
53,59,55
53,60,55
53,61,55
53,62,9.9
53,63,55
53,64,55
53,65,55
53,66,0.0
53,67,55
53,68,55
53,69,55
53,70,55
53,71,9.9
53,72,9.9
53,73,0.0
53,74,0.0
53,75,55
53,76,55
53,77,9.9
53,78,55
53,79,55
53,80,55
53,81,55
53,82,0.0
53,83,9.9
53,84,9.9
53,85,55
53,86,9.9
53,87,55
53,88,0.0
53,89,0.0
53,90,0.0
53,91,55
53,92,55
53,93,9.9
53,94,55
53,95,55
53,96,55
53,97,9.9
53,98,9.9
53,99,9.9
53,100,0.0
53,101,0.0
53,102,9.9
53,103,55
53,104,55
53,105,9.9
53,106,55
53,107,9.9
53,108,9.9
53,109,55
53,110,0.0
53,111,55
53,112,55
53,113,55
53,114,0.0
53,115,55
53,116,9.9
53,117,55
53,118,55
53,119,55
53,120,9.9
53,121,55
53,122,55
53,123,55
53,124,55
53,125,55
53,126,0.0
53,127,0.0
53,128,55
53,129,9.9
53,130,9.9
53,131,9.9
53,132,9.9
53,133,9.9
53,134,55
53,135,55
53,136,55
53,137,55
53,138,55
53,139,9.9
53,140,55
53,141,55
53,142,0.0
53,143,9.9
53,144,9.9
53,145,9.9
53,146,0.0
53,147,9.9
53,148,55
53,149,55
53,150,0.0
53,151,9.9
53,152,0.0
53,153,0.0
53,154,55
53,155,9.9
53,156,55
53,157,55
53,158,55
53,159,55
53,160,0.0
53,161,55
53,162,55
53,163,55
53,164,55
53,165,55
53,166,9.9
53,167,0.0
53,168,9.9
53,169,0.0
53,170,9.9
53,171,0.0
53,172,9.9
53,173,0.0
53,174,9.9
53,175,9.9
53,176,9.9
53,177,0.0
53,178,9.9
53,179,9.9
53,180,9.9
53,181,0.0
53,182,0.0
53,183,9.9
53,184,9.9
53,185,0.0
53,186,9.9
53,187,0.0
53,188,9.9
53,189,0.0
53,190,0.0
53,191,0.0
53,192,9.9
53,193,9.9
53,194,9.9
53,195,0.0
53,196,0.0
53,197,9.9
53,198,9.9
53,199,9.9
53,200,0.0
53,201,0.0
54,0,9.9
54,1,55
54,2,0.0
54,3,9.9
54,4,9.9
54,5,9.9
54,6,9.9
54,7,9.9
54,8,55
54,9,9.9
54,10,0.0
54,11,55
54,12,0.0
54,13,0.0
54,14,0.0
54,15,9.9
54,16,0.0
54,17,55
54,18,0.0
54,19,0.0
54,20,55
54,21,0.0
54,22,0.0
54,23,9.9
54,24,55
54,25,9.9
54,26,55
54,27,0.0
54,28,0.0
54,29,55
54,30,55
54,31,55
54,32,0.0
54,33,55
54,34,0.0
54,35,0.0
54,36,9.9
54,37,9.9
54,38,55
54,39,55
54,40,55
54,41,55
54,42,55
54,43,55
54,44,55
54,45,55
54,46,55
54,47,55
54,48,0.0
54,49,9.9
54,50,55
54,51,55
54,52,55
54,53,55
54,54,0.0
54,55,55
54,56,55
54,57,0.0
54,58,0.0
54,59,55
54,60,9.9
54,61,0.0
54,62,55
54,63,0.0
54,64,55
54,65,0.0
54,66,0.0
54,67,55
54,68,9.9
54,69,9.9
54,70,9.9
54,71,55
54,72,0.0
54,73,0.0
54,74,55
54,75,9.9
54,76,55
54,77,55
54,78,55
54,79,55
54,80,55
54,81,55
54,82,55
54,83,9.9
54,84,0.0
54,85,55
54,86,55
54,87,0.0
54,88,9.9
54,89,0.0
54,90,0.0
54,91,55
54,92,0.0
54,93,55
54,94,55
54,95,9.9
54,96,0.0
54,97,55
54,98,0.0
54,99,0.0
54,100,0.0
54,101,9.9
54,102,9.9
54,103,55
54,104,55
54,105,55
54,106,55
54,107,55
54,108,0.0
54,109,55
54,110,0.0
54,111,9.9
54,112,55
54,113,55
54,114,55
54,115,55
54,116,55
54,117,55
54,118,55
54,119,0.0
54,120,55
54,121,55
54,122,55
54,123,55
54,124,55
54,125,55
54,126,55
54,127,55
54,128,55
54,129,55
54,130,0.0
54,131,0.0
54,132,0.0
54,133,0.0
54,134,0.0
54,135,0.0
54,136,55
54,137,0.0
54,138,55
54,139,55
54,140,0.0
54,141,55
54,142,55
54,143,9.9
54,144,0.0
54,145,0.0
54,146,55
54,147,9.9
54,148,55
54,149,0.0
54,150,55
54,151,9.9
54,152,0.0
54,153,9.9
54,154,55
54,155,55
54,156,0.0
54,157,9.9
54,158,0.0
54,159,9.9
54,160,55
54,161,55
54,162,55
54,163,55
54,164,0.0
54,165,9.9
54,166,55
54,167,9.9
54,168,9.9
54,169,0.0
54,170,9.9
54,171,9.9
54,172,9.9
54,173,9.9
54,174,9.9
54,175,0.0
54,176,0.0
54,177,9.9
54,178,9.9
54,179,0.0
54,180,0.0
54,181,0.0
54,182,9.9
54,183,9.9
54,184,0.0
54,185,0.0
54,186,9.9
54,187,9.9
54,188,9.9
54,189,0.0
54,190,9.9
54,191,0.0
54,192,9.9
54,193,0.0
54,194,0.0
54,195,0.0
54,196,9.9
54,197,9.9
54,198,0.0
54,199,0.0
54,200,9.9
54,201,0.0
55,0,55
55,1,0.0
55,2,55
55,3,9.9
55,4,0.0
55,5,0.0
55,6,0.0
55,7,0.0
55,8,55
55,9,55
55,10,0.0
55,11,9.9
55,12,9.9
55,13,55
55,14,0.0
55,15,9.9
55,16,9.9
55,17,55
55,18,0.0
55,19,55
55,20,9.9
55,21,55
55,22,9.9
55,23,9.9
55,24,55
55,25,55
55,26,55
55,27,0.0
55,28,55
55,29,55
55,30,55
55,31,55
55,32,0.0
55,33,9.9
55,34,55
55,35,0.0
55,36,9.9
55,37,0.0
55,38,0.0
55,39,9.9
55,40,9.9
55,41,9.9
55,42,9.9
55,43,55
55,44,0.0
55,45,55
55,46,55
55,47,55
55,48,9.9
55,49,9.9
55,50,0.0
55,51,55
55,52,55
55,53,55
55,54,55
55,55,55
55,56,55
55,57,55
55,58,0.0
55,59,55
55,60,55
55,61,55
55,62,9.9
55,63,9.9
55,64,9.9
55,65,9.9
55,66,0.0
55,67,55
55,68,55
55,69,0.0
55,70,0.0
55,71,0.0
55,72,55
55,73,0.0
55,74,55
55,75,55
55,76,0.0
55,77,55
55,78,55
55,79,0.0
55,80,9.9
55,81,55
55,82,9.9
55,83,55
55,84,0.0
55,85,9.9
55,86,55
55,87,9.9
55,88,9.9
55,89,9.9
55,90,0.0
55,91,55
55,92,0.0
55,93,9.9
55,94,55
55,95,55
55,96,55
55,97,9.9
55,98,55
55,99,9.9
55,100,0.0
55,101,9.9
55,102,0.0
55,103,0.0
55,104,0.0
55,105,55
55,106,55
55,107,55
55,108,55
55,109,9.9
55,110,55
55,111,9.9
55,112,0.0
55,113,55
55,114,9.9
55,115,9.9
55,116,55
55,117,55
55,118,0.0
55,119,0.0
55,120,9.9
55,121,55
55,122,0.0
55,123,55
55,124,55
55,125,55
55,126,0.0
55,127,9.9
55,128,9.9
55,129,55
55,130,55
55,131,9.9
55,132,9.9
55,133,9.9
55,134,55
55,135,55
55,136,55
55,137,0.0
55,138,55
55,139,55
55,140,0.0
55,141,55
55,142,0.0
55,143,55
55,144,0.0
55,145,9.9
55,146,55
55,147,55
55,148,0.0
55,149,9.9
55,150,55
55,151,55
55,152,9.9
55,153,9.9
55,154,55
55,155,55
55,156,0.0
55,157,9.9
55,158,55
55,159,9.9
55,160,55
55,161,9.9
55,162,9.9
55,163,9.9
55,164,0.0
55,165,9.9
55,166,0.0
55,167,55
55,168,0.0
55,169,9.9
55,170,9.9
55,171,0.0
55,172,0.0
55,173,0.0
55,174,0.0
55,175,0.0
55,176,9.9
55,177,9.9
55,178,0.0
55,179,0.0
55,180,9.9
55,181,0.0
55,182,9.9
55,183,0.0
55,184,0.0
55,185,0.0
55,186,9.9
55,187,0.0
55,188,0.0
55,189,9.9
55,190,9.9
55,191,9.9
55,192,9.9
55,193,0.0
55,194,9.9
55,195,0.0
55,196,9.9
55,197,0.0
55,198,0.0
55,199,9.9
55,200,9.9
55,201,9.9
56,0,9.9
56,1,0.0
56,2,55
56,3,55
56,4,0.0
56,5,9.9
56,6,9.9
56,7,9.9
56,8,9.9
56,9,55
56,10,55
56,11,9.9
56,12,0.0
56,13,55
56,14,55
56,15,9.9
56,16,0.0
56,17,55
56,18,55
56,19,55
56,20,55
56,21,55
56,22,55
56,23,0.0
56,24,0.0
56,25,55
56,26,55
56,27,55
56,28,55
56,29,9.9
56,30,9.9
56,31,55
56,32,55
56,33,9.9
56,34,55
56,35,55
56,36,9.9
56,37,0.0
56,38,55
56,39,9.9
56,40,0.0
56,41,0.0
56,42,0.0
56,43,55
56,44,0.0
56,45,55
56,46,9.9
56,47,55
56,48,55
56,49,0.0
56,50,55
56,51,55
56,52,55
56,53,0.0
56,54,0.0
56,55,0.0
56,56,9.9
56,57,9.9
56,58,55
56,59,55
56,60,55
56,61,9.9
56,62,55
56,63,0.0
56,64,0.0
56,65,0.0
56,66,9.9
56,67,55
56,68,55
56,69,55
56,70,9.9
56,71,55
56,72,55
56,73,55
56,74,55
56,75,55
56,76,9.9
56,77,9.9
56,78,0.0
56,79,0.0
56,80,9.9
56,81,55
56,82,55
56,83,0.0
56,84,55
56,85,9.9
56,86,0.0
56,87,55
56,88,0.0
56,89,0.0
56,90,9.9
56,91,55
56,92,55
56,93,9.9
56,94,55
56,95,55
56,96,0.0
56,97,55
56,98,55
56,99,55
56,100,9.9
56,101,9.9
56,102,0.0
56,103,55
56,104,55
56,105,55
56,106,9.9
56,107,55
56,108,0.0
56,109,55
56,110,55
56,111,55
56,112,55
56,113,9.9
56,114,55
56,115,0.0
56,116,55
56,117,55
56,118,9.9
56,119,0.0
56,120,9.9
56,121,55
56,122,0.0
56,123,55
56,124,55
56,125,55
56,126,9.9
56,127,9.9
56,128,0.0
56,129,55
56,130,9.9
56,131,55
56,132,0.0
56,133,0.0
56,134,55
56,135,0.0
56,136,9.9
56,137,55
56,138,55
56,139,9.9
56,140,55
56,141,55
56,142,0.0
56,143,9.9
56,144,55
56,145,9.9
56,146,55
56,147,55
56,148,0.0
56,149,9.9
56,150,55
56,151,55
56,152,55
56,153,0.0
56,154,0.0
56,155,0.0
56,156,55
56,157,9.9
56,158,55
56,159,55
56,160,0.0
56,161,55
56,162,0.0
56,163,0.0
56,164,9.9
56,165,9.9
56,166,55
56,167,9.9
56,168,55
56,169,9.9
56,170,0.0
56,171,0.0
56,172,9.9
56,173,9.9
56,174,9.9
56,175,0.0
56,176,9.9
56,177,0.0
56,178,0.0
56,179,0.0
56,180,9.9
56,181,9.9
56,182,9.9
56,183,0.0
56,184,0.0
56,185,0.0
56,186,9.9
56,187,0.0
56,188,9.9
56,189,9.9
56,190,0.0
56,191,0.0
56,192,0.0
56,193,9.9
56,194,9.9
56,195,9.9
56,196,9.9
56,197,0.0
56,198,0.0
56,199,9.9
56,200,0.0
56,201,0.0
57,0,9.9
57,1,9.9
57,2,55
57,3,55
57,4,55
57,5,9.9
57,6,0.0
57,7,0.0
57,8,0.0
57,9,0.0
57,10,9.9
57,11,55
57,12,0.0
57,13,9.9
57,14,9.9
57,15,55
57,16,0.0
57,17,9.9
57,18,9.9
57,19,0.0
57,20,55
57,21,55
57,22,55
57,23,55
57,24,55
57,25,9.9
57,26,55
57,27,9.9
57,28,9.9
57,29,55
57,30,0.0
57,31,55
57,32,0.0
57,33,55
57,34,0.0
57,35,9.9
57,36,55
57,37,9.9
57,38,55
57,39,55
57,40,0.0
57,41,9.9
57,42,9.9
57,43,9.9
57,44,55
57,45,55
57,46,55
57,47,55
57,48,55
57,49,55
57,50,55
57,51,0.0
57,52,9.9
57,53,0.0
57,54,55
57,55,55
57,56,9.9
57,57,0.0
57,58,55
57,59,0.0
57,60,9.9
57,61,55
57,62,0.0
57,63,55
57,64,9.9
57,65,9.9
57,66,9.9
57,67,55
57,68,9.9
57,69,9.9
57,70,55
57,71,55
57,72,9.9
57,73,0.0
57,74,0.0
57,75,9.9
57,76,55
57,77,0.0
57,78,55
57,79,0.0
57,80,9.9
57,81,0.0
57,82,55
57,83,9.9
57,84,55
57,85,55
57,86,55
57,87,9.9
57,88,55
57,89,9.9
57,90,9.9
57,91,55
57,92,0.0
57,93,55
57,94,0.0
57,95,0.0
57,96,0.0
57,97,9.9
57,98,55
57,99,55
57,100,55
57,101,0.0
57,102,9.9
57,103,55
57,104,0.0
57,105,9.9
57,106,55
57,107,55
57,108,0.0
57,109,9.9
57,110,55
57,111,55
57,112,9.9
57,113,55
57,114,0.0
57,115,55
57,116,9.9
57,117,0.0
57,118,55
57,119,9.9
57,120,9.9
57,121,0.0
57,122,55
57,123,55
57,124,9.9
57,125,55
57,126,55
57,127,0.0
57,128,0.0
57,129,9.9
57,130,55
57,131,0.0
57,132,55
57,133,9.9
57,134,9.9
57,135,9.9
57,136,9.9
57,137,55
57,138,9.9
57,139,55
57,140,55
57,141,9.9
57,142,55
57,143,9.9
57,144,55
57,145,55
57,146,0.0
57,147,0.0
57,148,55
57,149,9.9
57,150,0.0
57,151,0.0
57,152,55
57,153,55
57,154,55
57,155,55
57,156,55
57,157,55
57,158,0.0
57,159,55
57,160,0.0
57,161,9.9
57,162,55
57,163,9.9
57,164,9.9
57,165,0.0
57,166,55
57,167,55
57,168,55
57,169,55
57,170,0.0
57,171,0.0
57,172,9.9
57,173,0.0
57,174,0.0
57,175,9.9
57,176,9.9
57,177,0.0
57,178,0.0
57,179,0.0
57,180,9.9
57,181,0.0
57,182,0.0
57,183,9.9
57,184,0.0
57,185,0.0
57,186,9.9
57,187,9.9
57,188,9.9
57,189,0.0
57,190,0.0
57,191,9.9
57,192,9.9
57,193,9.9
57,194,0.0
57,195,0.0
57,196,0.0
57,197,9.9
57,198,0.0
57,199,9.9
57,200,0.0
57,201,9.9
58,0,55
58,1,0.0
58,2,55
58,3,9.9
58,4,0.0
58,5,55
58,6,0.0
58,7,9.9
58,8,9.9
58,9,55
58,10,9.9
58,11,0.0
58,12,55
58,13,9.9
58,14,0.0
58,15,0.0
58,16,55
58,17,9.9
58,18,0.0
58,19,55
58,20,55
58,21,55
58,22,55
58,23,0.0
58,24,9.9
58,25,55
58,26,0.0
58,27,55
58,28,0.0
58,29,0.0
58,30,55
58,31,9.9
58,32,9.9
58,33,9.9
58,34,9.9
58,35,9.9
58,36,0.0
58,37,55
58,38,55
58,39,55
58,40,55
58,41,9.9
58,42,0.0
58,43,0.0
58,44,55
58,45,0.0
58,46,55
58,47,55
58,48,0.0
58,49,9.9
58,50,9.9
58,51,0.0
58,52,9.9
58,53,9.9
58,54,55
58,55,0.0
58,56,55
58,57,0.0
58,58,9.9
58,59,9.9
58,60,9.9
58,61,0.0
58,62,9.9
58,63,55
58,64,55
58,65,0.0
58,66,0.0
58,67,0.0
58,68,55
58,69,0.0
58,70,0.0
58,71,55
58,72,55
58,73,55
58,74,55
58,75,9.9
58,76,0.0
58,77,55
58,78,55
58,79,55
58,80,9.9
58,81,55
58,82,9.9
58,83,55
58,84,55
58,85,55
58,86,9.9
58,87,55
58,88,55
58,89,55
58,90,0.0
58,91,0.0
58,92,9.9
58,93,9.9
58,94,0.0
58,95,55
58,96,0.0
58,97,9.9
58,98,55
58,99,55
58,100,55
58,101,55
58,102,9.9
58,103,55
58,104,0.0
58,105,9.9
58,106,0.0
58,107,55
58,108,55
58,109,9.9
58,110,0.0
58,111,55
58,112,55
58,113,0.0
58,114,0.0
58,115,55
58,116,55
58,117,55
58,118,9.9
58,119,55
58,120,0.0
58,121,55
58,122,55
58,123,0.0
58,124,55
58,125,55
58,126,55
58,127,55
58,128,0.0
58,129,9.9
58,130,0.0
58,131,0.0
58,132,55
58,133,55
58,134,0.0
58,135,0.0
58,136,0.0
58,137,0.0
58,138,55
58,139,0.0
58,140,55
58,141,55
58,142,55
58,143,55
58,144,0.0
58,145,55
58,146,9.9
58,147,55
58,148,55
58,149,55
58,150,55
58,151,55
58,152,55
58,153,9.9
58,154,9.9
58,155,0.0
58,156,0.0
58,157,55
58,158,0.0
58,159,9.9
58,160,55
58,161,9.9
58,162,55
58,163,55
58,164,0.0
58,165,0.0
58,166,9.9
58,167,55
58,168,55
58,169,55
58,170,55
58,171,0.0
58,172,9.9
58,173,0.0
58,174,9.9
58,175,9.9
58,176,0.0
58,177,9.9
58,178,0.0
58,179,0.0
58,180,9.9
58,181,0.0
58,182,9.9
58,183,9.9
58,184,9.9
58,185,0.0
58,186,9.9
58,187,0.0
58,188,0.0
58,189,0.0
58,190,0.0
58,191,9.9
58,192,0.0
58,193,0.0
58,194,0.0
58,195,9.9
58,196,9.9
58,197,9.9
58,198,9.9
58,199,9.9
58,200,9.9
58,201,9.9
59,0,55
59,1,55
59,2,9.9
59,3,55
59,4,55
59,5,9.9
59,6,55
59,7,9.9
59,8,0.0
59,9,55
59,10,55
59,11,55
59,12,55
59,13,55
59,14,0.0
59,15,55
59,16,55
59,17,55
59,18,0.0
59,19,55
59,20,0.0
59,21,9.9
59,22,55
59,23,9.9
59,24,9.9
59,25,0.0
59,26,9.9
59,27,9.9
59,28,55
59,29,55
59,30,55
59,31,55
59,32,0.0
59,33,0.0
59,34,0.0
59,35,0.0
59,36,55
59,37,9.9
59,38,55
59,39,0.0
59,40,0.0
59,41,55
59,42,0.0
59,43,9.9
59,44,9.9
59,45,9.9
59,46,55
59,47,55
59,48,9.9
59,49,9.9
59,50,0.0
59,51,9.9
59,52,9.9
59,53,0.0
59,54,55
59,55,0.0
59,56,9.9
59,57,55
59,58,9.9
59,59,0.0
59,60,0.0
59,61,55
59,62,9.9
59,63,55
59,64,55
59,65,55
59,66,9.9
59,67,55
59,68,9.9
59,69,55
59,70,55
59,71,9.9
59,72,55
59,73,0.0
59,74,9.9
59,75,55
59,76,55
59,77,55
59,78,9.9
59,79,0.0
59,80,55
59,81,55
59,82,55
59,83,0.0
59,84,55
59,85,0.0
59,86,55
59,87,0.0
59,88,55
59,89,55
59,90,55
59,91,55
59,92,9.9
59,93,0.0
59,94,9.9
59,95,55
59,96,55
59,97,9.9
59,98,0.0
59,99,0.0
59,100,55
59,101,0.0
59,102,55
59,103,0.0
59,104,55
59,105,9.9
59,106,55
59,107,9.9
59,108,9.9
59,109,55
59,110,55
59,111,9.9
59,112,55
59,113,0.0
59,114,0.0
59,115,55
59,116,55
59,117,9.9
59,118,55
59,119,0.0
59,120,55
59,121,55
59,122,9.9
59,123,0.0
59,124,9.9
59,125,55
59,126,0.0
59,127,9.9
59,128,55
59,129,9.9
59,130,55
59,131,0.0
59,132,55
59,133,55
59,134,55
59,135,9.9
59,136,9.9
59,137,55
59,138,9.9
59,139,0.0
59,140,55
59,141,55
59,142,55
59,143,55
59,144,9.9
59,145,9.9
59,146,55
59,147,55
59,148,0.0
59,149,55
59,150,0.0
59,151,9.9
59,152,9.9
59,153,55
59,154,0.0
59,155,55
59,156,55
59,157,55
59,158,55
59,159,9.9
59,160,55
59,161,55
59,162,0.0
59,163,55
59,164,55
59,165,0.0
59,166,9.9
59,167,0.0
59,168,0.0
59,169,55
59,170,9.9
59,171,55
59,172,9.9
59,173,9.9
59,174,9.9
59,175,0.0
59,176,0.0
59,177,9.9
59,178,9.9
59,179,0.0
59,180,9.9
59,181,9.9
59,182,9.9
59,183,0.0
59,184,0.0
59,185,9.9
59,186,9.9
59,187,0.0
59,188,9.9
59,189,0.0
59,190,0.0
59,191,9.9
59,192,0.0
59,193,9.9
59,194,0.0
59,195,9.9
59,196,0.0
59,197,0.0
59,198,0.0
59,199,0.0
59,200,0.0
59,201,0.0
60,0,55
60,1,0.0
60,2,55
60,3,0.0
60,4,0.0
60,5,55
60,6,55
60,7,55
60,8,0.0
60,9,9.9
60,10,55
60,11,0.0
60,12,9.9
60,13,55
60,14,55
60,15,55
60,16,0.0
60,17,55
60,18,55
60,19,55
60,20,0.0
60,21,9.9
60,22,55
60,23,55
60,24,0.0
60,25,55
60,26,9.9
60,27,0.0
60,28,55
60,29,0.0
60,30,9.9
60,31,55
60,32,55
60,33,9.9
60,34,9.9
60,35,9.9
60,36,55
60,37,55
60,38,55
60,39,0.0
60,40,55
60,41,9.9
60,42,55
60,43,9.9
60,44,0.0
60,45,0.0
60,46,55
60,47,9.9
60,48,55
60,49,0.0
60,50,0.0
60,51,9.9
60,52,0.0
60,53,0.0
60,54,9.9
60,55,55
60,56,9.9
60,57,55
60,58,55
60,59,0.0
60,60,9.9
60,61,55
60,62,55
60,63,0.0
60,64,0.0
60,65,9.9
60,66,55
60,67,55
60,68,55
60,69,55
60,70,0.0
60,71,55
60,72,0.0
60,73,9.9
60,74,9.9
60,75,0.0
60,76,0.0
60,77,0.0
60,78,55
60,79,55
60,80,9.9
60,81,55
60,82,55
60,83,0.0
60,84,9.9
60,85,9.9
60,86,9.9
60,87,9.9
60,88,55
60,89,55
60,90,0.0
60,91,9.9
60,92,55
60,93,0.0
60,94,9.9
60,95,55
60,96,0.0
60,97,55
60,98,55
60,99,55
60,100,55
60,101,0.0
60,102,9.9
60,103,0.0
60,104,55
60,105,55
60,106,55
60,107,55
60,108,0.0
60,109,0.0
60,110,9.9
60,111,55
60,112,0.0
60,113,55
60,114,0.0
60,115,55
60,116,9.9
60,117,55
60,118,0.0
60,119,0.0
60,120,55
60,121,0.0
60,122,55
60,123,9.9
60,124,9.9
60,125,0.0
60,126,9.9
60,127,9.9
60,128,55
60,129,55
60,130,55
60,131,55
60,132,55
60,133,9.9
60,134,9.9
60,135,55
60,136,0.0
60,137,55
60,138,55
60,139,9.9
60,140,55
60,141,9.9
60,142,55
60,143,55
60,144,55
60,145,0.0
60,146,0.0
60,147,55
60,148,9.9
60,149,55
60,150,0.0
60,151,9.9
60,152,0.0
60,153,0.0
60,154,55
60,155,55
60,156,9.9
60,157,9.9
60,158,0.0
60,159,55
60,160,0.0
60,161,55
60,162,9.9
60,163,9.9
60,164,0.0
60,165,55
60,166,9.9
60,167,55
60,168,55
60,169,55
60,170,55
60,171,55
60,172,55
60,173,0.0
60,174,0.0
60,175,0.0
60,176,0.0
60,177,9.9
60,178,0.0
60,179,9.9
60,180,9.9
60,181,0.0
60,182,0.0
60,183,0.0
60,184,9.9
60,185,9.9
60,186,0.0
60,187,9.9
60,188,9.9
60,189,9.9
60,190,0.0
60,191,9.9
60,192,9.9
60,193,9.9
60,194,9.9
60,195,9.9
60,196,0.0
60,197,9.9
60,198,9.9
60,199,9.9
60,200,9.9
60,201,9.9
61,0,0.0
61,1,0.0
61,2,9.9
61,3,0.0
61,4,55
61,5,9.9
61,6,55
61,7,55
61,8,55
61,9,9.9
61,10,0.0
61,11,9.9
61,12,9.9
61,13,55
61,14,0.0
61,15,9.9
61,16,0.0
61,17,55
61,18,0.0
61,19,0.0
61,20,55
61,21,9.9
61,22,0.0
61,23,55
61,24,55
61,25,55
61,26,55
61,27,0.0
61,28,9.9
61,29,9.9
61,30,9.9
61,31,55
61,32,9.9
61,33,55
61,34,0.0
61,35,0.0
61,36,55
61,37,55
61,38,55
61,39,55
61,40,55
61,41,55
61,42,55
61,43,55
61,44,0.0
61,45,9.9
61,46,9.9
61,47,55
61,48,0.0
61,49,55
61,50,0.0
61,51,9.9
61,52,0.0
61,53,0.0
61,54,9.9
61,55,55
61,56,55
61,57,0.0
61,58,55
61,59,55
61,60,9.9
61,61,55
61,62,55
61,63,9.9
61,64,55
61,65,9.9
61,66,0.0
61,67,55
61,68,55
61,69,55
61,70,9.9
61,71,9.9
61,72,9.9
61,73,9.9
61,74,0.0
61,75,55
61,76,55
61,77,55
61,78,9.9
61,79,9.9
61,80,55
61,81,55
61,82,55
61,83,55
61,84,9.9
61,85,0.0
61,86,0.0
61,87,0.0
61,88,55
61,89,9.9
61,90,0.0
61,91,9.9
61,92,0.0
61,93,55
61,94,9.9
61,95,0.0
61,96,9.9
61,97,9.9
61,98,9.9
61,99,9.9
61,100,9.9
61,101,55
61,102,9.9
61,103,9.9
61,104,55
61,105,55
61,106,55
61,107,55
61,108,55
61,109,55
61,110,9.9
61,111,0.0
61,112,0.0
61,113,55
61,114,55
61,115,55
61,116,55
61,117,0.0
61,118,9.9
61,119,0.0
61,120,55
61,121,0.0
61,122,9.9
61,123,55
61,124,0.0
61,125,55
61,126,9.9
61,127,0.0
61,128,0.0
61,129,55
61,130,55
61,131,9.9
61,132,0.0
61,133,55
61,134,0.0
61,135,0.0
61,136,55
61,137,9.9
61,138,55
61,139,55
61,140,55
61,141,55
61,142,55
61,143,55
61,144,55
61,145,55
61,146,55
61,147,9.9
61,148,55
61,149,55
61,150,55
61,151,9.9
61,152,0.0
61,153,55
61,154,55
61,155,9.9
61,156,55
61,157,0.0
61,158,55
61,159,9.9
61,160,9.9
61,161,9.9
61,162,55
61,163,0.0
61,164,55
61,165,55
61,166,55
61,167,55
61,168,9.9
61,169,9.9
61,170,55
61,171,55
61,172,55
61,173,55
61,174,9.9
61,175,0.0
61,176,0.0
61,177,9.9
61,178,0.0
61,179,9.9
61,180,0.0
61,181,0.0
61,182,9.9
61,183,0.0
61,184,9.9
61,185,0.0
61,186,0.0
61,187,9.9
61,188,0.0
61,189,0.0
61,190,9.9
61,191,9.9
61,192,0.0
61,193,0.0
61,194,0.0
61,195,0.0
61,196,9.9
61,197,9.9
61,198,0.0
61,199,0.0
61,200,0.0
61,201,0.0
62,0,0.0
62,1,0.0
62,2,9.9
62,3,9.9
62,4,55
62,5,55
62,6,0.0
62,7,55
62,8,9.9
62,9,55
62,10,55
62,11,9.9
62,12,0.0
62,13,0.0
62,14,9.9
62,15,9.9
62,16,9.9
62,17,55
62,18,0.0
62,19,55
62,20,55
62,21,55
62,22,55
62,23,9.9
62,24,0.0
62,25,0.0
62,26,55
62,27,55
62,28,9.9
62,29,0.0
62,30,0.0
62,31,0.0
62,32,55
62,33,0.0
62,34,55
62,35,9.9
62,36,9.9
62,37,0.0
62,38,9.9
62,39,0.0
62,40,9.9
62,41,55
62,42,55
62,43,55
62,44,55
62,45,9.9
62,46,0.0
62,47,0.0
62,48,0.0
62,49,55
62,50,55
62,51,9.9
62,52,9.9
62,53,0.0
62,54,9.9
62,55,0.0
62,56,55
62,57,0.0
62,58,9.9
62,59,9.9
62,60,55
62,61,0.0
62,62,0.0
62,63,55
62,64,55
62,65,55
62,66,55
62,67,9.9
62,68,55
62,69,55
62,70,55
62,71,0.0
62,72,0.0
62,73,0.0
62,74,0.0
62,75,55
62,76,9.9
62,77,0.0
62,78,55
62,79,0.0
62,80,0.0
62,81,55
62,82,0.0
62,83,0.0
62,84,55
62,85,0.0
62,86,9.9
62,87,9.9
62,88,9.9
62,89,55
62,90,9.9
62,91,9.9
62,92,55
62,93,55
62,94,55
62,95,55
62,96,9.9
62,97,0.0
62,98,0.0
62,99,0.0
62,100,0.0
62,101,55
62,102,55
62,103,0.0
62,104,55
62,105,9.9
62,106,55
62,107,55
62,108,0.0
62,109,0.0
62,110,55
62,111,55
62,112,0.0
62,113,55
62,114,0.0
62,115,0.0
62,116,55
62,117,9.9
62,118,9.9
62,119,9.9
62,120,55
62,121,55
62,122,9.9
62,123,0.0
62,124,55
62,125,55
62,126,55
62,127,0.0
62,128,55
62,129,9.9
62,130,55
62,131,55
62,132,55
62,133,9.9
62,134,55
62,135,55
62,136,55
62,137,55
62,138,0.0
62,139,55
62,140,55
62,141,55
62,142,55
62,143,0.0
62,144,55
62,145,0.0
62,146,0.0
62,147,55
62,148,0.0
62,149,55
62,150,9.9
62,151,55
62,152,9.9
62,153,55
62,154,9.9
62,155,55
62,156,0.0
62,157,55
62,158,55
62,159,55
62,160,0.0
62,161,0.0
62,162,0.0
62,163,55
62,164,55
62,165,9.9
62,166,55
62,167,55
62,168,55
62,169,0.0
62,170,55
62,171,9.9
62,172,55
62,173,0.0
62,174,55
62,175,9.9
62,176,0.0
62,177,9.9
62,178,9.9
62,179,9.9
62,180,0.0
62,181,0.0
62,182,9.9
62,183,9.9
62,184,9.9
62,185,0.0
62,186,0.0
62,187,9.9
62,188,0.0
62,189,9.9
62,190,9.9
62,191,0.0
62,192,0.0
62,193,9.9
62,194,9.9
62,195,9.9
62,196,9.9
62,197,0.0
62,198,0.0
62,199,9.9
62,200,9.9
62,201,9.9
63,0,55
63,1,0.0
63,2,9.9
63,3,0.0
63,4,55
63,5,55
63,6,9.9
63,7,9.9
63,8,55
63,9,0.0
63,10,0.0
63,11,55
63,12,0.0
63,13,55
63,14,9.9
63,15,0.0
63,16,0.0
63,17,55
63,18,55
63,19,55
63,20,0.0
63,21,55
63,22,9.9
63,23,55
63,24,55
63,25,55
63,26,55
63,27,0.0
63,28,55
63,29,0.0
63,30,9.9
63,31,55
63,32,9.9
63,33,0.0
63,34,55
63,35,55
63,36,0.0
63,37,55
63,38,9.9
63,39,55
63,40,9.9
63,41,55
63,42,9.9
63,43,55
63,44,9.9
63,45,55
63,46,0.0
63,47,55
63,48,0.0
63,49,55
63,50,0.0
63,51,55
63,52,0.0
63,53,9.9
63,54,9.9
63,55,55
63,56,9.9
63,57,55
63,58,9.9
63,59,0.0
63,60,0.0
63,61,9.9
63,62,55
63,63,9.9
63,64,55
63,65,55
63,66,0.0
63,67,55
63,68,0.0
63,69,55
63,70,55
63,71,55
63,72,9.9
63,73,9.9
63,74,0.0
63,75,55
63,76,55
63,77,55
63,78,9.9
63,79,55
63,80,55
63,81,55
63,82,0.0
63,83,55
63,84,9.9
63,85,55
63,86,9.9
63,87,0.0
63,88,0.0
63,89,0.0
63,90,55
63,91,0.0
63,92,55
63,93,9.9
63,94,55
63,95,0.0
63,96,55
63,97,0.0
63,98,9.9
63,99,9.9
63,100,9.9
63,101,9.9
63,102,55
63,103,55
63,104,9.9
63,105,55
63,106,55
63,107,55
63,108,9.9
63,109,55
63,110,9.9
63,111,0.0
63,112,55
63,113,55
63,114,0.0
63,115,55
63,116,55
63,117,55
63,118,0.0
63,119,0.0
63,120,55
63,121,0.0
63,122,55
63,123,55
63,124,55
63,125,9.9
63,126,55
63,127,55
63,128,55
63,129,55
63,130,0.0
63,131,55
63,132,0.0
63,133,55
63,134,55
63,135,9.9
63,136,9.9
63,137,55
63,138,0.0
63,139,9.9
63,140,0.0
63,141,55
63,142,55
63,143,9.9
63,144,55
63,145,0.0
63,146,55
63,147,9.9
63,148,9.9
63,149,55
63,150,55
63,151,0.0
63,152,55
63,153,55
63,154,55
63,155,0.0
63,156,9.9
63,157,55
63,158,9.9
63,159,55
63,160,55
63,161,9.9
63,162,55
63,163,55
63,164,0.0
63,165,55
63,166,55
63,167,55
63,168,55
63,169,55
63,170,9.9
63,171,55
63,172,55
63,173,0.0
63,174,9.9
63,175,55
63,176,9.9
63,177,9.9
63,178,0.0
63,179,0.0
63,180,9.9
63,181,0.0
63,182,9.9
63,183,0.0
63,184,0.0
63,185,9.9
63,186,0.0
63,187,9.9
63,188,9.9
63,189,9.9
63,190,0.0
63,191,0.0
63,192,0.0
63,193,9.9
63,194,0.0
63,195,0.0
63,196,0.0
63,197,0.0
63,198,0.0
63,199,9.9
63,200,0.0
63,201,0.0
64,0,0.0
64,1,55
64,2,9.9
64,3,0.0
64,4,9.9
64,5,0.0
64,6,55
64,7,0.0
64,8,0.0
64,9,0.0
64,10,55
64,11,9.9
64,12,55
64,13,55
64,14,55
64,15,0.0
64,16,9.9
64,17,9.9
64,18,9.9
64,19,0.0
64,20,0.0
64,21,55
64,22,55
64,23,0.0
64,24,0.0
64,25,9.9
64,26,9.9
64,27,0.0
64,28,9.9
64,29,55
64,30,9.9
64,31,55
64,32,55
64,33,9.9
64,34,55
64,35,55
64,36,55
64,37,55
64,38,55
64,39,55
64,40,55
64,41,0.0
64,42,55
64,43,55
64,44,55
64,45,0.0
64,46,55
64,47,55
64,48,55
64,49,55
64,50,0.0
64,51,9.9
64,52,55
64,53,9.9
64,54,0.0
64,55,55
64,56,55
64,57,55
64,58,55
64,59,0.0
64,60,55
64,61,9.9
64,62,55
64,63,55
64,64,55
64,65,55
64,66,9.9
64,67,9.9
64,68,0.0
64,69,9.9
64,70,55
64,71,0.0
64,72,55
64,73,0.0
64,74,9.9
64,75,55
64,76,55
64,77,9.9
64,78,55
64,79,55
64,80,9.9
64,81,9.9
64,82,55
64,83,55
64,84,55
64,85,55
64,86,55
64,87,0.0
64,88,9.9
64,89,55
64,90,9.9
64,91,55
64,92,9.9
64,93,55
64,94,55
64,95,0.0
64,96,9.9
64,97,55
64,98,9.9
64,99,0.0
64,100,0.0
64,101,0.0
64,102,0.0
64,103,0.0
64,104,55
64,105,0.0
64,106,55
64,107,0.0
64,108,55
64,109,55
64,110,55
64,111,55
64,112,55
64,113,9.9
64,114,55
64,115,55
64,116,9.9
64,117,55
64,118,55
64,119,9.9
64,120,9.9
64,121,9.9
64,122,9.9
64,123,0.0
64,124,0.0
64,125,55
64,126,55
64,127,0.0
64,128,9.9
64,129,55
64,130,9.9
64,131,9.9
64,132,9.9
64,133,9.9
64,134,55
64,135,55
64,136,0.0
64,137,55
64,138,55
64,139,9.9
64,140,55
64,141,55
64,142,55
64,143,55
64,144,55
64,145,55
64,146,55
64,147,55
64,148,0.0
64,149,55
64,150,55
64,151,9.9
64,152,9.9
64,153,55
64,154,55
64,155,9.9
64,156,9.9
64,157,55
64,158,55
64,159,55
64,160,9.9
64,161,55
64,162,55
64,163,9.9
64,164,0.0
64,165,9.9
64,166,55
64,167,0.0
64,168,55
64,169,0.0
64,170,55
64,171,0.0
64,172,55
64,173,55
64,174,9.9
64,175,0.0
64,176,55
64,177,0.0
64,178,0.0
64,179,9.9
64,180,9.9
64,181,9.9
64,182,9.9
64,183,0.0
64,184,9.9
64,185,9.9
64,186,9.9
64,187,9.9
64,188,0.0
64,189,0.0
64,190,0.0
64,191,0.0
64,192,0.0
64,193,9.9
64,194,0.0
64,195,9.9
64,196,9.9
64,197,0.0
64,198,0.0
64,199,9.9
64,200,0.0
64,201,9.9
65,0,0.0
65,1,55
65,2,55
65,3,9.9
65,4,9.9
65,5,55
65,6,9.9
65,7,55
65,8,55
65,9,0.0
65,10,55
65,11,55
65,12,55
65,13,0.0
65,14,55
65,15,55
65,16,9.9
65,17,0.0
65,18,0.0
65,19,55
65,20,0.0
65,21,55
65,22,55
65,23,9.9
65,24,55
65,25,9.9
65,26,0.0
65,27,9.9
65,28,9.9
65,29,55
65,30,55
65,31,0.0
65,32,55
65,33,55
65,34,55
65,35,9.9
65,36,9.9
65,37,0.0
65,38,55
65,39,55
65,40,55
65,41,9.9
65,42,9.9
65,43,55
65,44,55
65,45,9.9
65,46,55
65,47,9.9
65,48,0.0
65,49,9.9
65,50,55
65,51,9.9
65,52,55
65,53,55
65,54,0.0
65,55,9.9
65,56,55
65,57,55
65,58,55
65,59,55
65,60,55
65,61,55
65,62,0.0
65,63,55
65,64,55
65,65,0.0
65,66,55
65,67,0.0
65,68,9.9
65,69,9.9
65,70,0.0
65,71,9.9
65,72,9.9
65,73,55
65,74,9.9
65,75,55
65,76,9.9
65,77,55
65,78,0.0
65,79,55
65,80,55
65,81,0.0
65,82,55
65,83,0.0
65,84,55
65,85,55
65,86,55
65,87,55
65,88,9.9
65,89,55
65,90,55
65,91,55
65,92,55
65,93,0.0
65,94,55
65,95,55
65,96,9.9
65,97,55
65,98,55
65,99,0.0
65,100,9.9
65,101,9.9
65,102,55
65,103,55
65,104,9.9
65,105,0.0
65,106,55
65,107,0.0
65,108,9.9
65,109,55
65,110,55
65,111,9.9
65,112,9.9
65,113,55
65,114,55
65,115,0.0
65,116,55
65,117,55
65,118,9.9
65,119,55
65,120,0.0
65,121,0.0
65,122,0.0
65,123,55
65,124,55
65,125,9.9
65,126,55
65,127,9.9
65,128,9.9
65,129,55
65,130,55
65,131,0.0
65,132,0.0
65,133,0.0
65,134,55
65,135,55
65,136,55
65,137,9.9
65,138,9.9
65,139,55
65,140,55
65,141,0.0
65,142,9.9
65,143,55
65,144,55
65,145,9.9
65,146,0.0
65,147,55
65,148,55
65,149,9.9
65,150,0.0
65,151,55
65,152,0.0
65,153,0.0
65,154,55
65,155,55
65,156,0.0
65,157,0.0
65,158,55
65,159,55
65,160,55
65,161,0.0
65,162,55
65,163,55
65,164,9.9
65,165,9.9
65,166,0.0
65,167,9.9
65,168,55
65,169,0.0
65,170,9.9
65,171,9.9
65,172,55
65,173,0.0
65,174,55
65,175,55
65,176,9.9
65,177,55
65,178,0.0
65,179,9.9
65,180,0.0
65,181,0.0
65,182,0.0
65,183,9.9
65,184,9.9
65,185,0.0
65,186,0.0
65,187,0.0
65,188,0.0
65,189,9.9
65,190,0.0
65,191,0.0
65,192,0.0
65,193,9.9
65,194,9.9
65,195,9.9
65,196,0.0
65,197,9.9
65,198,0.0
65,199,9.9
65,200,9.9
65,201,9.9
66,0,9.9
66,1,55
66,2,55
66,3,55
66,4,0.0
66,5,55
66,6,55
66,7,55
66,8,9.9
66,9,55
66,10,55
66,11,55
66,12,55
66,13,9.9
66,14,55
66,15,0.0
66,16,55
66,17,0.0
66,18,9.9
66,19,55
66,20,55
66,21,55
66,22,9.9
66,23,55
66,24,55
66,25,55
66,26,0.0
66,27,9.9
66,28,0.0
66,29,0.0
66,30,55
66,31,9.9
66,32,9.9
66,33,55
66,34,55
66,35,55
66,36,0.0
66,37,55
66,38,55
66,39,9.9
66,40,55
66,41,55
66,42,0.0
66,43,55
66,44,55
66,45,55
66,46,55
66,47,55
66,48,55
66,49,9.9
66,50,55
66,51,55
66,52,0.0
66,53,55
66,54,55
66,55,9.9
66,56,0.0
66,57,55
66,58,55
66,59,9.9
66,60,9.9
66,61,55
66,62,9.9
66,63,9.9
66,64,55
66,65,9.9
66,66,9.9
66,67,55
66,68,9.9
66,69,0.0
66,70,55
66,71,9.9
66,72,0.0
66,73,55
66,74,55
66,75,0.0
66,76,55
66,77,0.0
66,78,9.9
66,79,55
66,80,55
66,81,55
66,82,9.9
66,83,9.9
66,84,55
66,85,9.9
66,86,55
66,87,9.9
66,88,55
66,89,0.0
66,90,55
66,91,55
66,92,55
66,93,9.9
66,94,55
66,95,0.0
66,96,55
66,97,0.0
66,98,55
66,99,55
66,100,9.9
66,101,0.0
66,102,55
66,103,0.0
66,104,55
66,105,9.9
66,106,55
66,107,55
66,108,9.9
66,109,55
66,110,55
66,111,55
66,112,0.0
66,113,0.0
66,114,55
66,115,9.9
66,116,9.9
66,117,55
66,118,55
66,119,0.0
66,120,55
66,121,9.9
66,122,9.9
66,123,55
66,124,9.9
66,125,55
66,126,0.0
66,127,55
66,128,0.0
66,129,0.0
66,130,55
66,131,55
66,132,9.9
66,133,9.9
66,134,9.9
66,135,0.0
66,136,9.9
66,137,55
66,138,0.0
66,139,0.0
66,140,55
66,141,9.9
66,142,9.9
66,143,55
66,144,9.9
66,145,55
66,146,55
66,147,55
66,148,9.9
66,149,55
66,150,55
66,151,9.9
66,152,55
66,153,55
66,154,9.9
66,155,55
66,156,55
66,157,55
66,158,9.9
66,159,55
66,160,55
66,161,0.0
66,162,55
66,163,55
66,164,55
66,165,0.0
66,166,55
66,167,9.9
66,168,55
66,169,55
66,170,9.9
66,171,0.0
66,172,55
66,173,0.0
66,174,9.9
66,175,9.9
66,176,55
66,177,55
66,178,55
66,179,9.9
66,180,0.0
66,181,9.9
66,182,9.9
66,183,9.9
66,184,0.0
66,185,0.0
66,186,9.9
66,187,9.9
66,188,0.0
66,189,9.9
66,190,9.9
66,191,0.0
66,192,0.0
66,193,9.9
66,194,0.0
66,195,0.0
66,196,0.0
66,197,9.9
66,198,9.9
66,199,9.9
66,200,0.0
66,201,0.0
67,0,9.9
67,1,55
67,2,9.9
67,3,55
67,4,55
67,5,9.9
67,6,55
67,7,55
67,8,55
67,9,55
67,10,0.0
67,11,9.9
67,12,9.9
67,13,55
67,14,55
67,15,0.0
67,16,9.9
67,17,55
67,18,9.9
67,19,55
67,20,0.0
67,21,0.0
67,22,55
67,23,0.0
67,24,55
67,25,55
67,26,55
67,27,9.9
67,28,0.0
67,29,55
67,30,9.9
67,31,55
67,32,0.0
67,33,0.0
67,34,0.0
67,35,55
67,36,55
67,37,55
67,38,0.0
67,39,55
67,40,55
67,41,55
67,42,55
67,43,9.9
67,44,0.0
67,45,55
67,46,55
67,47,55
67,48,9.9
67,49,55
67,50,0.0
67,51,55
67,52,0.0
67,53,9.9
67,54,9.9
67,55,55
67,56,55
67,57,9.9
67,58,55
67,59,55
67,60,0.0
67,61,55
67,62,55
67,63,0.0
67,64,0.0
67,65,55
67,66,0.0
67,67,55
67,68,55
67,69,0.0
67,70,55
67,71,55
67,72,0.0
67,73,9.9
67,74,55
67,75,0.0
67,76,9.9
67,77,0.0
67,78,9.9
67,79,55
67,80,9.9
67,81,9.9
67,82,55
67,83,0.0
67,84,55
67,85,55
67,86,55
67,87,55
67,88,0.0
67,89,0.0
67,90,9.9
67,91,55
67,92,55
67,93,55
67,94,55
67,95,0.0
67,96,9.9
67,97,0.0
67,98,9.9
67,99,9.9
67,100,55
67,101,0.0
67,102,9.9
67,103,9.9
67,104,9.9
67,105,55
67,106,55
67,107,0.0
67,108,55
67,109,0.0
67,110,0.0
67,111,55
67,112,55
67,113,55
67,114,55
67,115,55
67,116,0.0
67,117,0.0
67,118,55
67,119,0.0
67,120,55
67,121,55
67,122,0.0
67,123,55
67,124,55
67,125,0.0
67,126,9.9
67,127,9.9
67,128,55
67,129,55
67,130,9.9
67,131,0.0
67,132,55
67,133,0.0
67,134,0.0
67,135,55
67,136,9.9
67,137,0.0
67,138,55
67,139,55
67,140,9.9
67,141,55
67,142,0.0
67,143,0.0
67,144,55
67,145,0.0
67,146,9.9
67,147,0.0
67,148,55
67,149,0.0
67,150,0.0
67,151,55
67,152,55
67,153,9.9
67,154,55
67,155,0.0
67,156,0.0
67,157,9.9
67,158,55
67,159,0.0
67,160,55
67,161,55
67,162,55
67,163,9.9
67,164,55
67,165,55
67,166,55
67,167,55
67,168,0.0
67,169,9.9
67,170,55
67,171,0.0
67,172,9.9
67,173,55
67,174,9.9
67,175,0.0
67,176,0.0
67,177,55
67,178,9.9
67,179,55
67,180,9.9
67,181,9.9
67,182,0.0
67,183,0.0
67,184,0.0
67,185,0.0
67,186,9.9
67,187,0.0
67,188,9.9
67,189,9.9
67,190,0.0
67,191,9.9
67,192,0.0
67,193,9.9
67,194,0.0
67,195,9.9
67,196,0.0
67,197,9.9
67,198,0.0
67,199,0.0
67,200,0.0
67,201,9.9
68,0,55
68,1,0.0
68,2,55
68,3,55
68,4,9.9
68,5,55
68,6,0.0
68,7,0.0
68,8,55
68,9,55
68,10,9.9
68,11,9.9
68,12,0.0
68,13,0.0
68,14,55
68,15,55
68,16,9.9
68,17,55
68,18,55
68,19,0.0
68,20,9.9
68,21,55
68,22,9.9
68,23,9.9
68,24,55
68,25,55
68,26,9.9
68,27,55
68,28,9.9
68,29,55
68,30,55
68,31,0.0
68,32,55
68,33,55
68,34,55
68,35,55
68,36,9.9
68,37,0.0
68,38,0.0
68,39,9.9
68,40,55
68,41,0.0
68,42,9.9
68,43,55
68,44,55
68,45,55
68,46,55
68,47,55
68,48,55
68,49,0.0
68,50,0.0
68,51,9.9
68,52,55
68,53,9.9
68,54,0.0
68,55,0.0
68,56,0.0
68,57,55
68,58,0.0
68,59,55
68,60,55
68,61,9.9
68,62,55
68,63,55
68,64,55
68,65,9.9
68,66,55
68,67,9.9
68,68,55
68,69,55
68,70,55
68,71,55
68,72,55
68,73,9.9
68,74,0.0
68,75,55
68,76,9.9
68,77,9.9
68,78,9.9
68,79,0.0
68,80,55
68,81,0.0
68,82,0.0
68,83,55
68,84,9.9
68,85,55
68,86,55
68,87,55
68,88,9.9
68,89,0.0
68,90,9.9
68,91,0.0
68,92,55
68,93,55
68,94,55
68,95,55
68,96,9.9
68,97,9.9
68,98,9.9
68,99,0.0
68,100,0.0
68,101,55
68,102,9.9
68,103,0.0
68,104,0.0
68,105,0.0
68,106,55
68,107,9.9
68,108,9.9
68,109,0.0
68,110,55
68,111,55
68,112,9.9
68,113,0.0
68,114,9.9
68,115,55
68,116,55
68,117,55
68,118,9.9
68,119,55
68,120,55
68,121,55
68,122,55
68,123,9.9
68,124,55
68,125,9.9
68,126,9.9
68,127,0.0
68,128,55
68,129,9.9
68,130,55
68,131,55
68,132,9.9
68,133,55
68,134,9.9
68,135,55
68,136,55
68,137,55
68,138,55
68,139,9.9
68,140,55
68,141,0.0
68,142,55
68,143,55
68,144,9.9
68,145,0.0
68,146,9.9
68,147,55
68,148,9.9
68,149,9.9
68,150,55
68,151,9.9
68,152,55
68,153,55
68,154,0.0
68,155,9.9
68,156,55
68,157,9.9
68,158,0.0
68,159,9.9
68,160,9.9
68,161,9.9
68,162,0.0
68,163,55
68,164,55
68,165,9.9
68,166,0.0
68,167,55
68,168,9.9
68,169,9.9
68,170,0.0
68,171,55
68,172,9.9
68,173,55
68,174,55
68,175,0.0
68,176,55
68,177,55
68,178,55
68,179,0.0
68,180,55
68,181,0.0
68,182,0.0
68,183,9.9
68,184,0.0
68,185,0.0
68,186,9.9
68,187,0.0
68,188,9.9
68,189,0.0
68,190,0.0
68,191,9.9
68,192,9.9
68,193,9.9
68,194,9.9
68,195,9.9
68,196,9.9
68,197,9.9
68,198,0.0
68,199,9.9
68,200,0.0
68,201,9.9
69,0,0.0
69,1,9.9
69,2,9.9
69,3,55
69,4,55
69,5,0.0
69,6,9.9
69,7,55
69,8,55
69,9,55
69,10,55
69,11,0.0
69,12,0.0
69,13,55
69,14,9.9
69,15,9.9
69,16,55
69,17,0.0
69,18,55
69,19,0.0
69,20,9.9
69,21,55
69,22,55
69,23,0.0
69,24,55
69,25,9.9
69,26,55
69,27,0.0
69,28,55
69,29,55
69,30,55
69,31,9.9
69,32,55
69,33,0.0
69,34,0.0
69,35,9.9
69,36,55
69,37,55
69,38,0.0
69,39,9.9
69,40,0.0
69,41,9.9
69,42,9.9
69,43,0.0
69,44,9.9
69,45,0.0
69,46,9.9
69,47,55
69,48,55
69,49,0.0
69,50,0.0
69,51,9.9
69,52,55
69,53,55
69,54,0.0
69,55,55
69,56,55
69,57,9.9
69,58,0.0
69,59,9.9
69,60,0.0
69,61,55
69,62,0.0
69,63,0.0
69,64,9.9
69,65,55
69,66,55
69,67,55
69,68,0.0
69,69,9.9
69,70,0.0
69,71,9.9
69,72,0.0
69,73,55
69,74,55
69,75,55
69,76,55
69,77,0.0
69,78,0.0
69,79,55
69,80,9.9
69,81,55
69,82,55
69,83,55
69,84,55
69,85,0.0
69,86,55
69,87,55
69,88,55
69,89,9.9
69,90,9.9
69,91,55
69,92,9.9
69,93,55
69,94,0.0
69,95,0.0
69,96,55
69,97,0.0
69,98,0.0
69,99,0.0
69,100,55
69,101,55
69,102,55
69,103,0.0
69,104,9.9
69,105,55
69,106,55
69,107,55
69,108,0.0
69,109,9.9
69,110,55
69,111,9.9
69,112,55
69,113,55
69,114,9.9
69,115,55
69,116,9.9
69,117,9.9
69,118,55
69,119,55
69,120,0.0
69,121,9.9
69,122,9.9
69,123,55
69,124,0.0
69,125,55
69,126,0.0
69,127,0.0
69,128,9.9
69,129,55
69,130,0.0
69,131,9.9
69,132,55
69,133,55
69,134,55
69,135,55
69,136,55
69,137,9.9
69,138,0.0
69,139,55
69,140,0.0
69,141,9.9
69,142,55
69,143,9.9
69,144,55
69,145,9.9
69,146,9.9
69,147,55
69,148,55
69,149,0.0
69,150,55
69,151,55
69,152,55
69,153,55
69,154,0.0
69,155,9.9
69,156,55
69,157,55
69,158,55
69,159,9.9
69,160,0.0
69,161,0.0
69,162,55
69,163,9.9
69,164,55
69,165,55
69,166,55
69,167,55
69,168,55
69,169,0.0
69,170,55
69,171,55
69,172,55
69,173,0.0
69,174,55
69,175,55
69,176,55
69,177,9.9
69,178,55
69,179,9.9
69,180,9.9
69,181,55
69,182,0.0
69,183,9.9
69,184,9.9
69,185,0.0
69,186,9.9
69,187,9.9
69,188,9.9
69,189,0.0
69,190,0.0
69,191,9.9
69,192,0.0
69,193,0.0
69,194,0.0
69,195,0.0
69,196,0.0
69,197,0.0
69,198,9.9
69,199,9.9
69,200,9.9
69,201,9.9
70,0,55
70,1,9.9
70,2,0.0
70,3,55
70,4,55
70,5,0.0
70,6,9.9
70,7,55
70,8,9.9
70,9,9.9
70,10,55
70,11,55
70,12,0.0
70,13,55
70,14,55
70,15,0.0
70,16,0.0
70,17,0.0
70,18,9.9
70,19,55
70,20,9.9
70,21,0.0
70,22,55
70,23,55
70,24,9.9
70,25,55
70,26,0.0
70,27,9.9
70,28,9.9
70,29,55
70,30,0.0
70,31,55
70,32,55
70,33,0.0
70,34,55
70,35,9.9
70,36,0.0
70,37,9.9
70,38,55
70,39,9.9
70,40,55
70,41,9.9
70,42,0.0
70,43,55
70,44,9.9
70,45,55
70,46,9.9
70,47,55
70,48,55
70,49,55
70,50,0.0
70,51,9.9
70,52,0.0
70,53,55
70,54,55
70,55,55
70,56,0.0
70,57,55
70,58,9.9
70,59,9.9
70,60,55
70,61,9.9
70,62,9.9
70,63,55
70,64,9.9
70,65,0.0
70,66,55
70,67,55
70,68,9.9
70,69,9.9
70,70,55
70,71,9.9
70,72,55
70,73,9.9
70,74,9.9
70,75,9.9
70,76,55
70,77,55
70,78,9.9
70,79,55
70,80,55
70,81,55
70,82,0.0
70,83,9.9
70,84,55
70,85,9.9
70,86,9.9
70,87,55
70,88,55
70,89,55
70,90,0.0
70,91,55
70,92,55
70,93,0.0
70,94,9.9
70,95,55
70,96,9.9
70,97,55
70,98,9.9
70,99,0.0
70,100,55
70,101,0.0
70,102,55
70,103,55
70,104,9.9
70,105,55
70,106,9.9
70,107,55
70,108,55
70,109,9.9
70,110,55
70,111,55
70,112,0.0
70,113,9.9
70,114,55
70,115,0.0
70,116,55
70,117,0.0
70,118,0.0
70,119,55
70,120,9.9
70,121,9.9
70,122,0.0
70,123,0.0
70,124,0.0
70,125,9.9
70,126,55
70,127,0.0
70,128,9.9
70,129,0.0
70,130,0.0
70,131,9.9
70,132,0.0
70,133,55
70,134,55
70,135,55
70,136,0.0
70,137,55
70,138,55
70,139,9.9
70,140,9.9
70,141,9.9
70,142,55
70,143,55
70,144,0.0
70,145,55
70,146,0.0
70,147,0.0
70,148,55
70,149,55
70,150,9.9
70,151,55
70,152,55
70,153,0.0
70,154,55
70,155,9.9
70,156,0.0
70,157,55
70,158,0.0
70,159,55
70,160,0.0
70,161,9.9
70,162,55
70,163,55
70,164,0.0
70,165,55
70,166,0.0
70,167,0.0
70,168,55
70,169,55
70,170,55
70,171,9.9
70,172,55
70,173,9.9
70,174,9.9
70,175,9.9
70,176,9.9
70,177,55
70,178,55
70,179,55
70,180,0.0
70,181,55
70,182,55
70,183,9.9
70,184,0.0
70,185,9.9
70,186,9.9
70,187,0.0
70,188,0.0
70,189,9.9
70,190,0.0
70,191,9.9
70,192,0.0
70,193,9.9
70,194,9.9
70,195,9.9
70,196,9.9
70,197,9.9
70,198,9.9
70,199,0.0
70,200,0.0
70,201,0.0
71,0,55
71,1,55
71,2,0.0
71,3,9.9
71,4,0.0
71,5,55
71,6,9.9
71,7,0.0
71,8,55
71,9,0.0
71,10,55
71,11,9.9
71,12,55
71,13,55
71,14,55
71,15,55
71,16,55
71,17,0.0
71,18,9.9
71,19,55
71,20,55
71,21,55
71,22,9.9
71,23,0.0
71,24,55
71,25,0.0
71,26,0.0
71,27,9.9
71,28,0.0
71,29,0.0
71,30,9.9
71,31,9.9
71,32,55
71,33,55
71,34,55
71,35,55
71,36,55
71,37,9.9
71,38,55
71,39,55
71,40,55
71,41,55
71,42,0.0
71,43,55
71,44,55
71,45,55
71,46,55
71,47,0.0
71,48,0.0
71,49,0.0
71,50,55
71,51,9.9
71,52,55
71,53,9.9
71,54,9.9
71,55,9.9
71,56,0.0
71,57,9.9
71,58,55
71,59,0.0
71,60,55
71,61,55
71,62,0.0
71,63,55
71,64,55
71,65,55
71,66,9.9
71,67,55
71,68,55
71,69,0.0
71,70,55
71,71,55
71,72,55
71,73,55
71,74,0.0
71,75,0.0
71,76,55
71,77,9.9
71,78,55
71,79,55
71,80,55
71,81,55
71,82,9.9
71,83,9.9
71,84,55
71,85,55
71,86,0.0
71,87,0.0
71,88,55
71,89,55
71,90,55
71,91,9.9
71,92,55
71,93,0.0
71,94,9.9
71,95,55
71,96,55
71,97,55
71,98,55
71,99,9.9
71,100,55
71,101,0.0
71,102,55
71,103,0.0
71,104,55
71,105,0.0
71,106,55
71,107,55
71,108,9.9
71,109,55
71,110,0.0
71,111,55
71,112,9.9
71,113,9.9
71,114,0.0
71,115,9.9
71,116,9.9
71,117,55
71,118,55
71,119,55
71,120,55
71,121,0.0
71,122,0.0
71,123,55
71,124,0.0
71,125,9.9
71,126,55
71,127,55
71,128,9.9
71,129,55
71,130,0.0
71,131,9.9
71,132,55
71,133,55
71,134,55
71,135,0.0
71,136,0.0
71,137,9.9
71,138,9.9
71,139,55
71,140,0.0
71,141,0.0
71,142,0.0
71,143,55
71,144,9.9
71,145,9.9
71,146,55
71,147,55
71,148,9.9
71,149,0.0
71,150,55
71,151,0.0
71,152,55
71,153,9.9
71,154,55
71,155,55
71,156,55
71,157,9.9
71,158,9.9
71,159,9.9
71,160,55
71,161,9.9
71,162,55
71,163,55
71,164,0.0
71,165,9.9
71,166,9.9
71,167,55
71,168,55
71,169,9.9
71,170,0.0
71,171,55
71,172,55
71,173,55
71,174,0.0
71,175,0.0
71,176,0.0
71,177,0.0
71,178,55
71,179,55
71,180,55
71,181,9.9
71,182,9.9
71,183,55
71,184,0.0
71,185,9.9
71,186,0.0
71,187,0.0
71,188,9.9
71,189,9.9
71,190,9.9
71,191,9.9
71,192,9.9
71,193,9.9
71,194,0.0
71,195,0.0
71,196,0.0
71,197,0.0
71,198,0.0
71,199,0.0
71,200,9.9
71,201,9.9
72,0,55
72,1,55
72,2,55
72,3,9.9
72,4,55
72,5,55
72,6,55
72,7,55
72,8,9.9
72,9,55
72,10,9.9
72,11,55
72,12,55
72,13,9.9
72,14,9.9
72,15,9.9
72,16,9.9
72,17,55
72,18,9.9
72,19,0.0
72,20,55
72,21,9.9
72,22,55
72,23,55
72,24,9.9
72,25,0.0
72,26,0.0
72,27,9.9
72,28,0.0
72,29,55
72,30,9.9
72,31,0.0
72,32,0.0
72,33,9.9
72,34,9.9
72,35,55
72,36,0.0
72,37,55
72,38,0.0
72,39,55
72,40,55
72,41,55
72,42,55
72,43,55
72,44,55
72,45,55
72,46,55
72,47,9.9
72,48,55
72,49,55
72,50,55
72,51,55
72,52,55
72,53,55
72,54,0.0
72,55,0.0
72,56,9.9
72,57,9.9
72,58,0.0
72,59,55
72,60,9.9
72,61,55
72,62,55
72,63,9.9
72,64,55
72,65,0.0
72,66,55
72,67,0.0
72,68,55
72,69,55
72,70,9.9
72,71,55
72,72,55
72,73,55
72,74,55
72,75,9.9
72,76,9.9
72,77,55
72,78,0.0
72,79,55
72,80,0.0
72,81,9.9
72,82,55
72,83,0.0
72,84,0.0
72,85,55
72,86,55
72,87,55
72,88,9.9
72,89,55
72,90,0.0
72,91,55
72,92,0.0
72,93,55
72,94,9.9
72,95,0.0
72,96,55
72,97,55
72,98,55
72,99,55
72,100,55
72,101,55
72,102,55
72,103,0.0
72,104,9.9
72,105,0.0
72,106,9.9
72,107,55
72,108,55
72,109,0.0
72,110,0.0
72,111,9.9
72,112,55
72,113,0.0
72,114,55
72,115,9.9
72,116,0.0
72,117,55
72,118,0.0
72,119,9.9
72,120,55
72,121,55
72,122,0.0
72,123,55
72,124,55
72,125,9.9
72,126,0.0
72,127,9.9
72,128,55
72,129,55
72,130,55
72,131,9.9
72,132,55
72,133,0.0
72,134,9.9
72,135,0.0
72,136,0.0
72,137,9.9
72,138,0.0
72,139,0.0
72,140,55
72,141,9.9
72,142,55
72,143,9.9
72,144,55
72,145,0.0
72,146,55
72,147,9.9
72,148,55
72,149,55
72,150,9.9
72,151,0.0
72,152,9.9
72,153,55
72,154,55
72,155,55
72,156,0.0
72,157,55
72,158,0.0
72,159,0.0
72,160,55
72,161,55
72,162,0.0
72,163,0.0
72,164,55
72,165,9.9
72,166,0.0
72,167,55
72,168,9.9
72,169,55
72,170,55
72,171,9.9
72,172,55
72,173,55
72,174,55
72,175,9.9
72,176,9.9
72,177,55
72,178,9.9
72,179,55
72,180,0.0
72,181,55
72,182,0.0
72,183,0.0
72,184,55
72,185,9.9
72,186,0.0
72,187,0.0
72,188,9.9
72,189,0.0
72,190,0.0
72,191,0.0
72,192,0.0
72,193,0.0
72,194,0.0
72,195,9.9
72,196,9.9
72,197,9.9
72,198,9.9
72,199,0.0
72,200,9.9
72,201,0.0
73,0,0.0
73,1,55
73,2,9.9
73,3,55
73,4,55
73,5,9.9
73,6,55
73,7,0.0
73,8,55
73,9,55
73,10,55
73,11,0.0
73,12,55
73,13,55
73,14,0.0
73,15,0.0
73,16,0.0
73,17,55
73,18,55
73,19,55
73,20,9.9
73,21,55
73,22,0.0
73,23,0.0
73,24,55
73,25,9.9
73,26,0.0
73,27,9.9
73,28,9.9
73,29,55
73,30,55
73,31,0.0
73,32,55
73,33,9.9
73,34,0.0
73,35,55
73,36,0.0
73,37,9.9
73,38,0.0
73,39,9.9
73,40,55
73,41,55
73,42,9.9
73,43,0.0
73,44,9.9
73,45,9.9
73,46,55
73,47,55
73,48,55
73,49,0.0
73,50,0.0
73,51,55
73,52,55
73,53,55
73,54,55
73,55,9.9
73,56,9.9
73,57,0.0
73,58,55
73,59,55
73,60,55
73,61,0.0
73,62,0.0
73,63,55
73,64,0.0
73,65,9.9
73,66,9.9
73,67,0.0
73,68,9.9
73,69,0.0
73,70,55
73,71,0.0
73,72,0.0
73,73,55
73,74,0.0
73,75,55
73,76,0.0
73,77,0.0
73,78,0.0
73,79,9.9
73,80,9.9
73,81,9.9
73,82,0.0
73,83,55
73,84,55
73,85,9.9
73,86,0.0
73,87,9.9
73,88,55
73,89,0.0
73,90,9.9
73,91,9.9
73,92,9.9
73,93,55
73,94,55
73,95,55
73,96,9.9
73,97,55
73,98,55
73,99,55
73,100,55
73,101,9.9
73,102,9.9
73,103,55
73,104,9.9
73,105,9.9
73,106,9.9
73,107,55
73,108,55
73,109,0.0
73,110,0.0
73,111,9.9
73,112,0.0
73,113,55
73,114,55
73,115,55
73,116,0.0
73,117,9.9
73,118,9.9
73,119,9.9
73,120,55
73,121,9.9
73,122,55
73,123,55
73,124,0.0
73,125,55
73,126,55
73,127,9.9
73,128,0.0
73,129,55
73,130,9.9
73,131,55
73,132,0.0
73,133,9.9
73,134,9.9
73,135,9.9
73,136,0.0
73,137,9.9
73,138,0.0
73,139,55
73,140,55
73,141,55
73,142,55
73,143,55
73,144,0.0
73,145,55
73,146,9.9
73,147,55
73,148,0.0
73,149,9.9
73,150,55
73,151,9.9
73,152,9.9
73,153,0.0
73,154,55
73,155,0.0
73,156,0.0
73,157,9.9
73,158,55
73,159,9.9
73,160,9.9
73,161,55
73,162,0.0
73,163,55
73,164,55
73,165,55
73,166,0.0
73,167,9.9
73,168,55
73,169,0.0
73,170,9.9
73,171,55
73,172,0.0
73,173,55
73,174,0.0
73,175,55
73,176,0.0
73,177,55
73,178,55
73,179,0.0
73,180,9.9
73,181,9.9
73,182,55
73,183,55
73,184,55
73,185,55
73,186,9.9
73,187,0.0
73,188,9.9
73,189,0.0
73,190,9.9
73,191,9.9
73,192,9.9
73,193,9.9
73,194,0.0
73,195,9.9
73,196,0.0
73,197,0.0
73,198,0.0
73,199,9.9
73,200,9.9
73,201,0.0
74,0,55
74,1,9.9
74,2,55
74,3,0.0
74,4,55
74,5,55
74,6,55
74,7,0.0
74,8,9.9
74,9,55
74,10,55
74,11,9.9
74,12,9.9
74,13,55
74,14,55
74,15,9.9
74,16,9.9
74,17,9.9
74,18,55
74,19,0.0
74,20,55
74,21,0.0
74,22,0.0
74,23,55
74,24,9.9
74,25,55
74,26,9.9
74,27,9.9
74,28,0.0
74,29,55
74,30,55
74,31,55
74,32,55
74,33,55
74,34,0.0
74,35,9.9
74,36,55
74,37,9.9
74,38,9.9
74,39,9.9
74,40,0.0
74,41,55
74,42,55
74,43,55
74,44,9.9
74,45,0.0
74,46,55
74,47,55
74,48,55
74,49,9.9
74,50,55
74,51,55
74,52,55
74,53,55
74,54,0.0
74,55,55
74,56,0.0
74,57,0.0
74,58,55
74,59,0.0
74,60,55
74,61,9.9
74,62,55
74,63,9.9
74,64,0.0
74,65,9.9
74,66,0.0
74,67,9.9
74,68,9.9
74,69,55
74,70,9.9
74,71,9.9
74,72,55
74,73,55
74,74,0.0
74,75,9.9
74,76,55
74,77,55
74,78,0.0
74,79,9.9
74,80,0.0
74,81,0.0
74,82,55
74,83,55
74,84,0.0
74,85,55
74,86,55
74,87,9.9
74,88,0.0
74,89,9.9
74,90,9.9
74,91,0.0
74,92,0.0
74,93,55
74,94,55
74,95,9.9
74,96,55
74,97,0.0
74,98,55
74,99,55
74,100,55
74,101,55
74,102,0.0
74,103,55
74,104,55
74,105,0.0
74,106,0.0
74,107,0.0
74,108,0.0
74,109,55
74,110,0.0
74,111,9.9
74,112,55
74,113,55
74,114,9.9
74,115,55
74,116,55
74,117,9.9
74,118,0.0
74,119,0.0
74,120,0.0
74,121,55
74,122,55
74,123,0.0
74,124,0.0
74,125,9.9
74,126,9.9
74,127,55
74,128,55
74,129,9.9
74,130,55
74,131,0.0
74,132,0.0
74,133,9.9
74,134,0.0
74,135,0.0
74,136,9.9
74,137,9.9
74,138,9.9
74,139,55
74,140,9.9
74,141,55
74,142,55
74,143,55
74,144,9.9
74,145,55
74,146,55
74,147,0.0
74,148,0.0
74,149,9.9
74,150,0.0
74,151,55
74,152,0.0
74,153,55
74,154,9.9
74,155,9.9
74,156,0.0
74,157,9.9
74,158,55
74,159,55
74,160,0.0
74,161,0.0
74,162,55
74,163,55
74,164,0.0
74,165,55
74,166,55
74,167,9.9
74,168,0.0
74,169,0.0
74,170,9.9
74,171,0.0
74,172,0.0
74,173,9.9
74,174,9.9
74,175,9.9
74,176,55
74,177,9.9
74,178,55
74,179,9.9
74,180,9.9
74,181,0.0
74,182,55
74,183,0.0
74,184,0.0
74,185,55
74,186,55
74,187,9.9
74,188,9.9
74,189,9.9
74,190,9.9
74,191,0.0
74,192,0.0
74,193,0.0
74,194,9.9
74,195,9.9
74,196,0.0
74,197,9.9
74,198,9.9
74,199,9.9
74,200,0.0
74,201,9.9
75,0,55
75,1,55
75,2,0.0
75,3,0.0
75,4,9.9
75,5,55
75,6,55
75,7,55
75,8,9.9
75,9,55
75,10,55
75,11,55
75,12,0.0
75,13,0.0
75,14,0.0
75,15,55
75,16,0.0
75,17,0.0
75,18,0.0
75,19,9.9
75,20,9.9
75,21,0.0
75,22,0.0
75,23,55
75,24,55
75,25,0.0
75,26,55
75,27,0.0
75,28,0.0
75,29,9.9
75,30,0.0
75,31,0.0
75,32,0.0
75,33,55
75,34,55
75,35,9.9
75,36,55
75,37,55
75,38,0.0
75,39,0.0
75,40,55
75,41,9.9
75,42,55
75,43,0.0
75,44,55
75,45,0.0
75,46,9.9
75,47,0.0
75,48,55
75,49,55
75,50,55
75,51,9.9
75,52,9.9
75,53,55
75,54,9.9
75,55,9.9
75,56,55
75,57,0.0
75,58,55
75,59,0.0
75,60,55
75,61,55
75,62,55
75,63,55
75,64,9.9
75,65,9.9
75,66,0.0
75,67,9.9
75,68,0.0
75,69,55
75,70,55
75,71,0.0
75,72,55
75,73,9.9
75,74,55
75,75,9.9
75,76,55
75,77,9.9
75,78,55
75,79,9.9
75,80,0.0
75,81,9.9
75,82,55
75,83,0.0
75,84,0.0
75,85,9.9
75,86,9.9
75,87,55
75,88,55
75,89,9.9
75,90,0.0
75,91,0.0
75,92,9.9
75,93,9.9
75,94,0.0
75,95,55
75,96,0.0
75,97,0.0
75,98,9.9
75,99,55
75,100,55
75,101,55
75,102,55
75,103,9.9
75,104,55
75,105,55
75,106,9.9
75,107,55
75,108,55
75,109,55
75,110,55
75,111,9.9
75,112,55
75,113,0.0
75,114,55
75,115,55
75,116,0.0
75,117,55
75,118,0.0
75,119,9.9
75,120,55
75,121,9.9
75,122,55
75,123,9.9
75,124,0.0
75,125,9.9
75,126,0.0
75,127,0.0
75,128,9.9
75,129,55
75,130,0.0
75,131,0.0
75,132,0.0
75,133,9.9
75,134,0.0
75,135,9.9
75,136,9.9
75,137,0.0
75,138,0.0
75,139,55
75,140,55
75,141,55
75,142,55
75,143,55
75,144,55
75,145,55
75,146,55
75,147,9.9
75,148,0.0
75,149,9.9
75,150,55
75,151,9.9
75,152,55
75,153,55
75,154,55
75,155,0.0
75,156,9.9
75,157,9.9
75,158,0.0
75,159,55
75,160,55
75,161,55
75,162,55
75,163,9.9
75,164,0.0
75,165,55
75,166,0.0
75,167,55
75,168,55
75,169,0.0
75,170,9.9
75,171,55
75,172,0.0
75,173,9.9
75,174,0.0
75,175,0.0
75,176,55
75,177,55
75,178,0.0
75,179,55
75,180,0.0
75,181,0.0
75,182,9.9
75,183,9.9
75,184,55
75,185,55
75,186,55
75,187,55
75,188,0.0
75,189,0.0
75,190,0.0
75,191,0.0
75,192,9.9
75,193,9.9
75,194,9.9
75,195,0.0
75,196,9.9
75,197,9.9
75,198,0.0
75,199,0.0
75,200,0.0
75,201,9.9
76,0,9.9
76,1,55
76,2,9.9
76,3,0.0
76,4,9.9
76,5,0.0
76,6,0.0
76,7,0.0
76,8,55
76,9,0.0
76,10,0.0
76,11,55
76,12,55
76,13,55
76,14,55
76,15,9.9
76,16,55
76,17,9.9
76,18,55
76,19,9.9
76,20,0.0
76,21,9.9
76,22,0.0
76,23,55
76,24,55
76,25,9.9
76,26,9.9
76,27,55
76,28,0.0
76,29,9.9
76,30,55
76,31,55
76,32,55
76,33,55
76,34,0.0
76,35,55
76,36,0.0
76,37,55
76,38,55
76,39,9.9
76,40,55
76,41,55
76,42,0.0
76,43,9.9
76,44,9.9
76,45,55
76,46,9.9
76,47,55
76,48,55
76,49,55
76,50,55
76,51,55
76,52,0.0
76,53,55
76,54,55
76,55,0.0
76,56,55
76,57,55
76,58,55
76,59,55
76,60,55
76,61,55
76,62,55
76,63,55
76,64,55
76,65,0.0
76,66,9.9
76,67,9.9
76,68,0.0
76,69,9.9
76,70,55
76,71,55
76,72,9.9
76,73,55
76,74,55
76,75,55
76,76,0.0
76,77,55
76,78,55
76,79,55
76,80,9.9
76,81,9.9
76,82,55
76,83,0.0
76,84,0.0
76,85,9.9
76,86,0.0
76,87,0.0
76,88,9.9
76,89,55
76,90,0.0
76,91,0.0
76,92,9.9
76,93,0.0
76,94,55
76,95,9.9
76,96,9.9
76,97,0.0
76,98,9.9
76,99,0.0
76,100,55
76,101,55
76,102,0.0
76,103,55
76,104,0.0
76,105,0.0
76,106,55
76,107,55
76,108,0.0
76,109,0.0
76,110,0.0
76,111,55
76,112,0.0
76,113,9.9
76,114,9.9
76,115,55
76,116,9.9
76,117,9.9
76,118,55
76,119,9.9
76,120,55
76,121,55
76,122,0.0
76,123,55
76,124,9.9
76,125,9.9
76,126,0.0
76,127,55
76,128,9.9
76,129,0.0
76,130,0.0
76,131,0.0
76,132,0.0
76,133,9.9
76,134,9.9
76,135,9.9
76,136,0.0
76,137,0.0
76,138,9.9
76,139,9.9
76,140,55
76,141,55
76,142,0.0
76,143,55
76,144,55
76,145,55
76,146,0.0
76,147,55
76,148,9.9
76,149,9.9
76,150,55
76,151,55
76,152,55
76,153,0.0
76,154,55
76,155,55
76,156,9.9
76,157,0.0
76,158,55
76,159,9.9
76,160,0.0
76,161,0.0
76,162,0.0
76,163,55
76,164,9.9
76,165,55
76,166,0.0
76,167,9.9
76,168,9.9
76,169,55
76,170,9.9
76,171,55
76,172,55
76,173,9.9
76,174,0.0
76,175,9.9
76,176,9.9
76,177,55
76,178,0.0
76,179,9.9
76,180,55
76,181,0.0
76,182,9.9
76,183,0.0
76,184,55
76,185,9.9
76,186,9.9
76,187,55
76,188,55
76,189,9.9
76,190,9.9
76,191,0.0
76,192,9.9
76,193,0.0
76,194,0.0
76,195,0.0
76,196,9.9
76,197,0.0
76,198,0.0
76,199,9.9
76,200,0.0
76,201,9.9
77,0,9.9
77,1,0.0
77,2,55
77,3,9.9
77,4,9.9
77,5,55
77,6,55
77,7,55
77,8,9.9
77,9,9.9
77,10,55
77,11,55
77,12,9.9
77,13,0.0
77,14,0.0
77,15,55
77,16,55
77,17,55
77,18,55
77,19,55
77,20,0.0
77,21,9.9
77,22,9.9
77,23,55
77,24,9.9
77,25,55
77,26,0.0
77,27,55
77,28,55
77,29,9.9
77,30,55
77,31,9.9
77,32,0.0
77,33,9.9
77,34,0.0
77,35,9.9
77,36,9.9
77,37,9.9
77,38,0.0
77,39,55
77,40,55
77,41,55
77,42,0.0
77,43,9.9
77,44,0.0
77,45,55
77,46,55
77,47,55
77,48,0.0
77,49,9.9
77,50,55
77,51,55
77,52,55
77,53,9.9
77,54,55
77,55,55
77,56,9.9
77,57,9.9
77,58,9.9
77,59,0.0
77,60,9.9
77,61,9.9
77,62,9.9
77,63,55
77,64,55
77,65,55
77,66,9.9
77,67,0.0
77,68,9.9
77,69,9.9
77,70,0.0
77,71,0.0
77,72,55
77,73,0.0
77,74,55
77,75,55
77,76,0.0
77,77,9.9
77,78,55
77,79,55
77,80,55
77,81,0.0
77,82,0.0
77,83,55
77,84,0.0
77,85,9.9
77,86,0.0
77,87,55
77,88,9.9
77,89,0.0
77,90,55
77,91,0.0
77,92,9.9
77,93,0.0
77,94,55
77,95,55
77,96,0.0
77,97,9.9
77,98,9.9
77,99,55
77,100,9.9
77,101,55
77,102,9.9
77,103,9.9
77,104,0.0
77,105,55
77,106,9.9
77,107,55
77,108,9.9
77,109,55
77,110,55
77,111,9.9
77,112,9.9
77,113,9.9
77,114,0.0
77,115,0.0
77,116,55
77,117,0.0
77,118,55
77,119,55
77,120,0.0
77,121,55
77,122,9.9
77,123,9.9
77,124,55
77,125,0.0
77,126,9.9
77,127,55
77,128,55
77,129,55
77,130,0.0
77,131,0.0
77,132,0.0
77,133,9.9
77,134,0.0
77,135,0.0
77,136,0.0
77,137,0.0
77,138,9.9
77,139,0.0
77,140,0.0
77,141,55
77,142,9.9
77,143,55
77,144,55
77,145,0.0
77,146,0.0
77,147,9.9
77,148,55
77,149,0.0
77,150,0.0
77,151,55
77,152,55
77,153,9.9
77,154,55
77,155,9.9
77,156,55
77,157,0.0
77,158,55
77,159,55
77,160,55
77,161,55
77,162,55
77,163,9.9
77,164,55
77,165,55
77,166,55
77,167,9.9
77,168,0.0
77,169,55
77,170,55
77,171,0.0
77,172,9.9
77,173,55
77,174,9.9
77,175,9.9
77,176,0.0
77,177,0.0
77,178,55
77,179,9.9
77,180,55
77,181,55
77,182,9.9
77,183,0.0
77,184,9.9
77,185,55
77,186,0.0
77,187,55
77,188,9.9
77,189,55
77,190,0.0
77,191,9.9
77,192,9.9
77,193,0.0
77,194,9.9
77,195,0.0
77,196,9.9
77,197,0.0
77,198,0.0
77,199,9.9
77,200,9.9
77,201,9.9
78,0,9.9
78,1,55
78,2,9.9
78,3,55
78,4,0.0
78,5,55
78,6,9.9
78,7,0.0
78,8,55
78,9,0.0
78,10,55
78,11,9.9
78,12,55
78,13,55
78,14,55
78,15,9.9
78,16,55
78,17,55
78,18,55
78,19,55
78,20,55
78,21,9.9
78,22,0.0
78,23,55
78,24,55
78,25,0.0
78,26,55
78,27,9.9
78,28,9.9
78,29,55
78,30,0.0
78,31,55
78,32,55
78,33,9.9
78,34,9.9
78,35,9.9
78,36,0.0
78,37,0.0
78,38,55
78,39,9.9
78,40,55
78,41,0.0
78,42,55
78,43,9.9
78,44,0.0
78,45,9.9
78,46,55
78,47,55
78,48,9.9
78,49,9.9
78,50,55
78,51,55
78,52,0.0
78,53,55
78,54,0.0
78,55,0.0
78,56,55
78,57,0.0
78,58,0.0
78,59,55
78,60,9.9
78,61,0.0
78,62,0.0
78,63,55
78,64,55
78,65,0.0
78,66,55
78,67,0.0
78,68,9.9
78,69,0.0
78,70,55
78,71,55
78,72,9.9
78,73,0.0
78,74,9.9
78,75,55
78,76,55
78,77,9.9
78,78,0.0
78,79,55
78,80,55
78,81,55
78,82,55
78,83,55
78,84,55
78,85,9.9
78,86,9.9
78,87,55
78,88,55
78,89,55
78,90,55
78,91,55
78,92,9.9
78,93,9.9
78,94,55
78,95,55
78,96,55
78,97,9.9
78,98,0.0
78,99,55
78,100,55
78,101,0.0
78,102,55
78,103,0.0
78,104,9.9
78,105,55
78,106,55
78,107,0.0
78,108,55
78,109,55
78,110,0.0
78,111,55
78,112,0.0
78,113,0.0
78,114,0.0
78,115,55
78,116,9.9
78,117,55
78,118,9.9
78,119,55
78,120,9.9
78,121,9.9
78,122,55
78,123,0.0
78,124,0.0
78,125,55
78,126,9.9
78,127,55
78,128,55
78,129,0.0
78,130,55
78,131,0.0
78,132,0.0
78,133,9.9
78,134,0.0
78,135,9.9
78,136,0.0
78,137,0.0
78,138,9.9
78,139,0.0
78,140,55
78,141,9.9
78,142,55
78,143,55
78,144,9.9
78,145,0.0
78,146,0.0
78,147,9.9
78,148,0.0
78,149,55
78,150,55
78,151,9.9
78,152,0.0
78,153,55
78,154,55
78,155,55
78,156,0.0
78,157,55
78,158,55
78,159,55
78,160,0.0
78,161,9.9
78,162,0.0
78,163,55
78,164,0.0
78,165,55
78,166,9.9
78,167,55
78,168,0.0
78,169,9.9
78,170,55
78,171,0.0
78,172,9.9
78,173,0.0
78,174,55
78,175,0.0
78,176,0.0
78,177,55
78,178,55
78,179,55
78,180,0.0
78,181,9.9
78,182,55
78,183,9.9
78,184,9.9
78,185,0.0
78,186,55
78,187,9.9
78,188,55
78,189,0.0
78,190,55
78,191,9.9
78,192,0.0
78,193,9.9
78,194,9.9
78,195,9.9
78,196,9.9
78,197,9.9
78,198,0.0
78,199,9.9
78,200,0.0
78,201,0.0
79,0,55
79,1,55
79,2,55
79,3,0.0
79,4,55
79,5,9.9
79,6,55
79,7,55
79,8,9.9
79,9,55
79,10,9.9
79,11,55
79,12,0.0
79,13,9.9
79,14,9.9
79,15,55
79,16,0.0
79,17,55
79,18,0.0
79,19,55
79,20,9.9
79,21,55
79,22,0.0
79,23,9.9
79,24,55
79,25,9.9
79,26,55
79,27,55
79,28,0.0
79,29,0.0
79,30,9.9
79,31,9.9
79,32,0.0
79,33,55
79,34,0.0
79,35,0.0
79,36,0.0
79,37,9.9
79,38,55
79,39,55
79,40,55
79,41,0.0
79,42,55
79,43,55
79,44,9.9
79,45,9.9
79,46,0.0
79,47,0.0
79,48,55
79,49,0.0
79,50,0.0
79,51,0.0
79,52,0.0
79,53,9.9
79,54,9.9
79,55,55
79,56,9.9
79,57,55
79,58,9.9
79,59,55
79,60,55
79,61,0.0
79,62,9.9
79,63,9.9
79,64,0.0
79,65,0.0
79,66,9.9
79,67,55
79,68,9.9
79,69,0.0
79,70,55
79,71,9.9
79,72,55
79,73,9.9
79,74,9.9
79,75,0.0
79,76,9.9
79,77,55
79,78,55
79,79,9.9
79,80,55
79,81,0.0
79,82,9.9
79,83,0.0
79,84,0.0
79,85,55
79,86,0.0
79,87,55
79,88,55
79,89,0.0
79,90,9.9
79,91,0.0
79,92,55
79,93,0.0
79,94,55
79,95,9.9
79,96,9.9
79,97,55
79,98,0.0
79,99,9.9
79,100,55
79,101,0.0
79,102,9.9
79,103,55
79,104,9.9
79,105,55
79,106,55
79,107,9.9
79,108,9.9
79,109,55
79,110,9.9
79,111,9.9
79,112,55
79,113,9.9
79,114,0.0
79,115,55
79,116,55
79,117,55
79,118,55
79,119,0.0
79,120,55
79,121,0.0
79,122,0.0
79,123,55
79,124,55
79,125,55
79,126,55
79,127,0.0
79,128,0.0
79,129,0.0
79,130,55
79,131,55
79,132,0.0
79,133,9.9
79,134,9.9
79,135,9.9
79,136,9.9
79,137,0.0
79,138,9.9
79,139,9.9
79,140,55
79,141,55
79,142,0.0
79,143,55
79,144,55
79,145,9.9
79,146,0.0
79,147,9.9
79,148,55
79,149,55
79,150,0.0
79,151,55
79,152,55
79,153,9.9
79,154,55
79,155,55
79,156,9.9
79,157,55
79,158,0.0
79,159,9.9
79,160,0.0
79,161,9.9
79,162,55
79,163,9.9
79,164,9.9
79,165,55
79,166,55
79,167,0.0
79,168,55
79,169,9.9
79,170,0.0
79,171,55
79,172,9.9
79,173,55
79,174,9.9
79,175,55
79,176,0.0
79,177,55
79,178,0.0
79,179,55
79,180,9.9
79,181,9.9
79,182,0.0
79,183,55
79,184,0.0
79,185,55
79,186,55
79,187,55
79,188,0.0
79,189,0.0
79,190,55
79,191,55
79,192,0.0
79,193,9.9
79,194,0.0
79,195,0.0
79,196,0.0
79,197,0.0
79,198,9.9
79,199,9.9
79,200,0.0
79,201,9.9
80,0,55
80,1,55
80,2,55
80,3,0.0
80,4,55
80,5,55
80,6,0.0
80,7,0.0
80,8,55
80,9,55
80,10,55
80,11,0.0
80,12,0.0
80,13,9.9
80,14,0.0
80,15,0.0
80,16,9.9
80,17,9.9
80,18,9.9
80,19,55
80,20,55
80,21,0.0
80,22,55
80,23,9.9
80,24,0.0
80,25,55
80,26,55
80,27,55
80,28,55
80,29,55
80,30,9.9
80,31,0.0
80,32,55
80,33,9.9
80,34,55
80,35,9.9
80,36,0.0
80,37,9.9
80,38,55
80,39,55
80,40,55
80,41,55
80,42,55
80,43,55
80,44,55
80,45,0.0
80,46,55
80,47,55
80,48,9.9
80,49,55
80,50,55
80,51,55
80,52,0.0
80,53,9.9
80,54,0.0
80,55,55
80,56,55
80,57,55
80,58,55
80,59,55
80,60,55
80,61,55
80,62,9.9
80,63,0.0
80,64,55
80,65,0.0
80,66,9.9
80,67,55
80,68,55
80,69,9.9
80,70,55
80,71,55
80,72,0.0
80,73,55
80,74,0.0
80,75,55
80,76,9.9
80,77,0.0
80,78,9.9
80,79,55
80,80,0.0
80,81,9.9
80,82,9.9
80,83,55
80,84,55
80,85,9.9
80,86,55
80,87,9.9
80,88,0.0
80,89,0.0
80,90,9.9
80,91,55
80,92,9.9
80,93,55
80,94,9.9
80,95,55
80,96,0.0
80,97,0.0
80,98,55
80,99,9.9
80,100,0.0
80,101,55
80,102,9.9
80,103,55
80,104,55
80,105,0.0
80,106,0.0
80,107,55
80,108,0.0
80,109,0.0
80,110,55
80,111,0.0
80,112,55
80,113,55
80,114,9.9
80,115,55
80,116,55
80,117,55
80,118,55
80,119,0.0
80,120,9.9
80,121,55
80,122,55
80,123,55
80,124,0.0
80,125,9.9
80,126,55
80,127,0.0
80,128,55
80,129,0.0
80,130,55
80,131,0.0
80,132,55
80,133,9.9
80,134,0.0
80,135,0.0
80,136,0.0
80,137,9.9
80,138,9.9
80,139,0.0
80,140,55
80,141,55
80,142,9.9
80,143,55
80,144,55
80,145,55
80,146,9.9
80,147,9.9
80,148,55
80,149,0.0
80,150,0.0
80,151,9.9
80,152,9.9
80,153,55
80,154,0.0
80,155,55
80,156,55
80,157,55
80,158,0.0
80,159,9.9
80,160,9.9
80,161,9.9
80,162,55
80,163,55
80,164,0.0
80,165,55
80,166,55
80,167,9.9
80,168,55
80,169,55
80,170,55
80,171,55
80,172,55
80,173,55
80,174,55
80,175,55
80,176,55
80,177,55
80,178,0.0
80,179,55
80,180,55
80,181,0.0
80,182,55
80,183,9.9
80,184,55
80,185,55
80,186,0.0
80,187,55
80,188,9.9
80,189,0.0
80,190,55
80,191,55
80,192,55
80,193,9.9
80,194,0.0
80,195,9.9
80,196,9.9
80,197,9.9
80,198,9.9
80,199,0.0
80,200,9.9
80,201,9.9
81,0,9.9
81,1,55
81,2,55
81,3,55
81,4,55
81,5,55
81,6,9.9
81,7,55
81,8,9.9
81,9,55
81,10,55
81,11,9.9
81,12,0.0
81,13,9.9
81,14,0.0
81,15,55
81,16,9.9
81,17,0.0
81,18,0.0
81,19,55
81,20,55
81,21,9.9
81,22,55
81,23,55
81,24,55
81,25,9.9
81,26,55
81,27,0.0
81,28,9.9
81,29,0.0
81,30,55
81,31,0.0
81,32,55
81,33,55
81,34,55
81,35,55
81,36,9.9
81,37,9.9
81,38,0.0
81,39,0.0
81,40,9.9
81,41,0.0
81,42,9.9
81,43,9.9
81,44,55
81,45,55
81,46,55
81,47,9.9
81,48,55
81,49,55
81,50,0.0
81,51,0.0
81,52,55
81,53,9.9
81,54,0.0
81,55,9.9
81,56,55
81,57,55
81,58,55
81,59,55
81,60,0.0
81,61,0.0
81,62,55
81,63,0.0
81,64,55
81,65,55
81,66,9.9
81,67,0.0
81,68,55
81,69,55
81,70,55
81,71,55
81,72,9.9
81,73,9.9
81,74,55
81,75,55
81,76,55
81,77,55
81,78,9.9
81,79,0.0
81,80,0.0
81,81,9.9
81,82,0.0
81,83,55
81,84,9.9
81,85,55
81,86,55
81,87,55
81,88,55
81,89,0.0
81,90,9.9
81,91,55
81,92,55
81,93,55
81,94,55
81,95,0.0
81,96,55
81,97,55
81,98,55
81,99,55
81,100,55
81,101,55
81,102,55
81,103,0.0
81,104,55
81,105,9.9
81,106,55
81,107,9.9
81,108,55
81,109,55
81,110,9.9
81,111,55
81,112,9.9
81,113,55
81,114,55
81,115,55
81,116,9.9
81,117,55
81,118,55
81,119,55
81,120,9.9
81,121,55
81,122,0.0
81,123,9.9
81,124,0.0
81,125,9.9
81,126,55
81,127,55
81,128,55
81,129,55
81,130,55
81,131,0.0
81,132,55
81,133,55
81,134,0.0
81,135,9.9
81,136,9.9
81,137,9.9
81,138,0.0
81,139,0.0
81,140,9.9
81,141,0.0
81,142,55
81,143,55
81,144,9.9
81,145,55
81,146,55
81,147,0.0
81,148,0.0
81,149,9.9
81,150,0.0
81,151,9.9
81,152,0.0
81,153,0.0
81,154,0.0
81,155,9.9
81,156,55
81,157,55
81,158,55
81,159,9.9
81,160,0.0
81,161,0.0
81,162,0.0
81,163,55
81,164,55
81,165,9.9
81,166,0.0
81,167,55
81,168,55
81,169,55
81,170,9.9
81,171,9.9
81,172,55
81,173,55
81,174,55
81,175,55
81,176,9.9
81,177,0.0
81,178,55
81,179,55
81,180,55
81,181,55
81,182,55
81,183,55
81,184,55
81,185,9.9
81,186,0.0
81,187,55
81,188,55
81,189,9.9
81,190,55
81,191,9.9
81,192,0.0
81,193,55
81,194,9.9
81,195,9.9
81,196,0.0
81,197,0.0
81,198,0.0
81,199,0.0
81,200,9.9
81,201,0.0
82,0,55
82,1,0.0
82,2,55
82,3,9.9
82,4,0.0
82,5,9.9
82,6,55
82,7,55
82,8,55
82,9,55
82,10,55
82,11,55
82,12,9.9
82,13,9.9
82,14,9.9
82,15,55
82,16,55
82,17,0.0
82,18,9.9
82,19,9.9
82,20,0.0
82,21,55
82,22,55
82,23,55
82,24,0.0
82,25,55
82,26,55
82,27,0.0
82,28,9.9
82,29,55
82,30,9.9
82,31,55
82,32,55
82,33,55
82,34,55
82,35,55
82,36,55
82,37,0.0
82,38,55
82,39,55
82,40,9.9
82,41,55
82,42,9.9
82,43,0.0
82,44,55
82,45,9.9
82,46,0.0
82,47,55
82,48,0.0
82,49,55
82,50,9.9
82,51,55
82,52,55
82,53,55
82,54,9.9
82,55,9.9
82,56,0.0
82,57,55
82,58,55
82,59,0.0
82,60,0.0
82,61,55
82,62,9.9
82,63,55
82,64,55
82,65,0.0
82,66,55
82,67,55
82,68,9.9
82,69,55
82,70,55
82,71,0.0
82,72,55
82,73,0.0
82,74,55
82,75,9.9
82,76,55
82,77,9.9
82,78,55
82,79,55
82,80,0.0
82,81,9.9
82,82,0.0
82,83,9.9
82,84,55
82,85,0.0
82,86,55
82,87,55
82,88,9.9
82,89,55
82,90,9.9
82,91,0.0
82,92,55
82,93,55
82,94,55
82,95,9.9
82,96,55
82,97,0.0
82,98,0.0
82,99,55
82,100,9.9
82,101,9.9
82,102,55
82,103,9.9
82,104,9.9
82,105,55
82,106,55
82,107,55
82,108,55
82,109,9.9
82,110,55
82,111,55
82,112,55
82,113,0.0
82,114,55
82,115,55
82,116,55
82,117,55
82,118,55
82,119,9.9
82,120,55
82,121,0.0
82,122,9.9
82,123,9.9
82,124,9.9
82,125,9.9
82,126,0.0
82,127,9.9
82,128,0.0
82,129,0.0
82,130,0.0
82,131,55
82,132,55
82,133,55
82,134,55
82,135,9.9
82,136,0.0
82,137,0.0
82,138,0.0
82,139,0.0
82,140,9.9
82,141,55
82,142,9.9
82,143,55
82,144,55
82,145,55
82,146,55
82,147,55
82,148,55
82,149,9.9
82,150,9.9
82,151,9.9
82,152,0.0
82,153,55
82,154,0.0
82,155,9.9
82,156,0.0
82,157,55
82,158,9.9
82,159,55
82,160,0.0
82,161,9.9
82,162,55
82,163,9.9
82,164,0.0
82,165,55
82,166,55
82,167,9.9
82,168,55
82,169,0.0
82,170,55
82,171,0.0
82,172,55
82,173,55
82,174,55
82,175,0.0
82,176,55
82,177,55
82,178,55
82,179,9.9
82,180,9.9
82,181,9.9
82,182,0.0
82,183,55
82,184,55
82,185,55
82,186,9.9
82,187,55
82,188,55
82,189,55
82,190,55
82,191,55
82,192,55
82,193,9.9
82,194,55
82,195,0.0
82,196,0.0
82,197,9.9
82,198,9.9
82,199,0.0
82,200,9.9
82,201,0.0
83,0,55
83,1,0.0
83,2,9.9
83,3,55
83,4,55
83,5,9.9
83,6,0.0
83,7,55
83,8,55
83,9,55
83,10,0.0
83,11,55
83,12,55
83,13,0.0
83,14,0.0
83,15,55
83,16,55
83,17,55
83,18,9.9
83,19,0.0
83,20,55
83,21,9.9
83,22,55
83,23,0.0
83,24,0.0
83,25,9.9
83,26,55
83,27,55
83,28,9.9
83,29,55
83,30,55
83,31,55
83,32,0.0
83,33,9.9
83,34,9.9
83,35,55
83,36,55
83,37,55
83,38,55
83,39,9.9
83,40,55
83,41,55
83,42,55
83,43,0.0
83,44,9.9
83,45,55
83,46,55
83,47,9.9
83,48,9.9
83,49,9.9
83,50,55
83,51,55
83,52,0.0
83,53,55
83,54,55
83,55,0.0
83,56,55
83,57,9.9
83,58,55
83,59,9.9
83,60,0.0
83,61,55
83,62,55
83,63,55
83,64,9.9
83,65,0.0
83,66,9.9
83,67,9.9
83,68,55
83,69,0.0
83,70,0.0
83,71,0.0
83,72,9.9
83,73,55
83,74,9.9
83,75,55
83,76,55
83,77,55
83,78,0.0
83,79,9.9
83,80,55
83,81,9.9
83,82,9.9
83,83,9.9
83,84,0.0
83,85,0.0
83,86,9.9
83,87,55
83,88,55
83,89,55
83,90,55
83,91,55
83,92,9.9
83,93,0.0
83,94,55
83,95,55
83,96,55
83,97,0.0
83,98,55
83,99,55
83,100,55
83,101,0.0
83,102,55
83,103,55
83,104,0.0
83,105,0.0
83,106,55
83,107,55
83,108,55
83,109,55
83,110,0.0
83,111,55
83,112,55
83,113,9.9
83,114,9.9
83,115,55
83,116,55
83,117,55
83,118,0.0
83,119,55
83,120,0.0
83,121,9.9
83,122,9.9
83,123,0.0
83,124,0.0
83,125,0.0
83,126,55
83,127,9.9
83,128,55
83,129,55
83,130,55
83,131,55
83,132,0.0
83,133,9.9
83,134,0.0
83,135,55
83,136,0.0
83,137,9.9
83,138,0.0
83,139,0.0
83,140,9.9
83,141,55
83,142,55
83,143,0.0
83,144,55
83,145,55
83,146,0.0
83,147,9.9
83,148,0.0
83,149,55
83,150,0.0
83,151,0.0
83,152,9.9
83,153,55
83,154,55
83,155,9.9
83,156,55
83,157,9.9
83,158,55
83,159,0.0
83,160,55
83,161,9.9
83,162,55
83,163,55
83,164,55
83,165,9.9
83,166,9.9
83,167,55
83,168,55
83,169,0.0
83,170,9.9
83,171,55
83,172,9.9
83,173,0.0
83,174,55
83,175,9.9
83,176,9.9
83,177,9.9
83,178,9.9
83,179,55
83,180,0.0
83,181,0.0
83,182,55
83,183,55
83,184,9.9
83,185,55
83,186,55
83,187,55
83,188,9.9
83,189,55
83,190,55
83,191,55
83,192,9.9
83,193,55
83,194,0.0
83,195,55
83,196,0.0
83,197,9.9
83,198,0.0
83,199,9.9
83,200,9.9
83,201,9.9
84,0,9.9
84,1,55
84,2,9.9
84,3,0.0
84,4,0.0
84,5,55
84,6,55
84,7,55
84,8,55
84,9,55
84,10,9.9
84,11,55
84,12,55
84,13,55
84,14,9.9
84,15,9.9
84,16,0.0
84,17,0.0
84,18,55
84,19,0.0
84,20,55
84,21,55
84,22,55
84,23,0.0
84,24,0.0
84,25,9.9
84,26,55
84,27,0.0
84,28,55
84,29,0.0
84,30,55
84,31,55
84,32,9.9
84,33,9.9
84,34,0.0
84,35,55
84,36,55
84,37,0.0
84,38,9.9
84,39,55
84,40,0.0
84,41,55
84,42,55
84,43,55
84,44,9.9
84,45,0.0
84,46,0.0
84,47,55
84,48,0.0
84,49,0.0
84,50,0.0
84,51,55
84,52,9.9
84,53,55
84,54,55
84,55,55
84,56,55
84,57,55
84,58,0.0
84,59,55
84,60,9.9
84,61,55
84,62,55
84,63,55
84,64,55
84,65,9.9
84,66,9.9
84,67,0.0
84,68,0.0
84,69,0.0
84,70,55
84,71,0.0
84,72,9.9
84,73,55
84,74,55
84,75,0.0
84,76,55
84,77,55
84,78,9.9
84,79,9.9
84,80,55
84,81,55
84,82,0.0
84,83,0.0
84,84,55
84,85,0.0
84,86,9.9
84,87,0.0
84,88,55
84,89,55
84,90,55
84,91,0.0
84,92,55
84,93,55
84,94,55
84,95,55
84,96,55
84,97,55
84,98,55
84,99,9.9
84,100,55
84,101,55
84,102,9.9
84,103,55
84,104,55
84,105,55
84,106,9.9
84,107,55
84,108,55
84,109,55
84,110,0.0
84,111,9.9
84,112,55
84,113,55
84,114,0.0
84,115,0.0
84,116,55
84,117,0.0
84,118,0.0
84,119,9.9
84,120,9.9
84,121,9.9
84,122,0.0
84,123,0.0
84,124,9.9
84,125,9.9
84,126,55
84,127,55
84,128,55
84,129,9.9
84,130,0.0
84,131,0.0
84,132,0.0
84,133,9.9
84,134,55
84,135,9.9
84,136,55
84,137,9.9
84,138,9.9
84,139,0.0
84,140,9.9
84,141,0.0
84,142,55
84,143,0.0
84,144,9.9
84,145,0.0
84,146,0.0
84,147,9.9
84,148,55
84,149,9.9
84,150,55
84,151,9.9
84,152,9.9
84,153,55
84,154,0.0
84,155,55
84,156,55
84,157,55
84,158,0.0
84,159,0.0
84,160,55
84,161,55
84,162,0.0
84,163,55
84,164,9.9
84,165,55
84,166,0.0
84,167,0.0
84,168,55
84,169,55
84,170,9.9
84,171,55
84,172,55
84,173,55
84,174,55
84,175,55
84,176,0.0
84,177,0.0
84,178,0.0
84,179,0.0
84,180,55
84,181,9.9
84,182,55
84,183,0.0
84,184,55
84,185,55
84,186,55
84,187,55
84,188,55
84,189,55
84,190,9.9
84,191,55
84,192,55
84,193,0.0
84,194,0.0
84,195,55
84,196,55
84,197,9.9
84,198,0.0
84,199,9.9
84,200,0.0
84,201,0.0
85,0,55
85,1,55
85,2,55
85,3,55
85,4,55
85,5,9.9
85,6,9.9
85,7,0.0
85,8,9.9
85,9,55
85,10,55
85,11,55
85,12,9.9
85,13,9.9
85,14,55
85,15,0.0
85,16,55
85,17,55
85,18,9.9
85,19,55
85,20,55
85,21,55
85,22,55
85,23,55
85,24,0.0
85,25,9.9
85,26,0.0
85,27,9.9
85,28,9.9
85,29,9.9
85,30,9.9
85,31,55
85,32,55
85,33,0.0
85,34,0.0
85,35,9.9
85,36,0.0
85,37,0.0
85,38,9.9
85,39,0.0
85,40,9.9
85,41,9.9
85,42,55
85,43,9.9
85,44,55
85,45,55
85,46,55
85,47,9.9
85,48,55
85,49,9.9
85,50,55
85,51,9.9
85,52,55
85,53,55
85,54,9.9
85,55,9.9
85,56,0.0
85,57,55
85,58,0.0
85,59,9.9
85,60,55
85,61,55
85,62,9.9
85,63,9.9
85,64,55
85,65,55
85,66,0.0
85,67,0.0
85,68,55
85,69,0.0
85,70,55
85,71,55
85,72,9.9
85,73,0.0
85,74,55
85,75,0.0
85,76,55
85,77,55
85,78,55
85,79,0.0
85,80,0.0
85,81,55
85,82,55
85,83,9.9
85,84,55
85,85,55
85,86,9.9
85,87,55
85,88,9.9
85,89,55
85,90,55
85,91,9.9
85,92,9.9
85,93,0.0
85,94,0.0
85,95,9.9
85,96,9.9
85,97,0.0
85,98,9.9
85,99,55
85,100,55
85,101,9.9
85,102,55
85,103,0.0
85,104,0.0
85,105,9.9
85,106,55
85,107,0.0
85,108,55
85,109,55
85,110,55
85,111,9.9
85,112,0.0
85,113,55
85,114,55
85,115,55
85,116,9.9
85,117,9.9
85,118,0.0
85,119,9.9
85,120,0.0
85,121,0.0
85,122,0.0
85,123,0.0
85,124,9.9
85,125,0.0
85,126,55
85,127,55
85,128,55
85,129,55
85,130,55
85,131,55
85,132,0.0
85,133,9.9
85,134,55
85,135,55
85,136,55
85,137,55
85,138,0.0
85,139,9.9
85,140,9.9
85,141,55
85,142,9.9
85,143,55
85,144,9.9
85,145,55
85,146,0.0
85,147,9.9
85,148,55
85,149,55
85,150,55
85,151,55
85,152,0.0
85,153,0.0
85,154,9.9
85,155,9.9
85,156,55
85,157,55
85,158,0.0
85,159,0.0
85,160,55
85,161,55
85,162,0.0
85,163,9.9
85,164,55
85,165,0.0
85,166,55
85,167,55
85,168,55
85,169,0.0
85,170,55
85,171,0.0
85,172,55
85,173,0.0
85,174,0.0
85,175,55
85,176,55
85,177,9.9
85,178,9.9
85,179,55
85,180,55
85,181,55
85,182,55
85,183,0.0
85,184,9.9
85,185,55
85,186,0.0
85,187,55
85,188,55
85,189,55
85,190,55
85,191,55
85,192,55
85,193,0.0
85,194,0.0
85,195,55
85,196,0.0
85,197,55
85,198,9.9
85,199,9.9
85,200,0.0
85,201,9.9
86,0,55
86,1,55
86,2,55
86,3,0.0
86,4,9.9
86,5,55
86,6,0.0
86,7,55
86,8,9.9
86,9,55
86,10,55
86,11,55
86,12,55
86,13,0.0
86,14,0.0
86,15,55
86,16,55
86,17,9.9
86,18,55
86,19,55
86,20,0.0
86,21,9.9
86,22,9.9
86,23,0.0
86,24,55
86,25,9.9
86,26,55
86,27,9.9
86,28,0.0
86,29,0.0
86,30,0.0
86,31,0.0
86,32,55
86,33,55
86,34,0.0
86,35,9.9
86,36,55
86,37,0.0
86,38,9.9
86,39,55
86,40,9.9
86,41,0.0
86,42,0.0
86,43,55
86,44,0.0
86,45,9.9
86,46,9.9
86,47,55
86,48,55
86,49,55
86,50,55
86,51,55
86,52,0.0
86,53,55
86,54,55
86,55,0.0
86,56,55
86,57,55
86,58,55
86,59,9.9
86,60,0.0
86,61,55
86,62,55
86,63,0.0
86,64,55
86,65,55
86,66,55
86,67,0.0
86,68,55
86,69,55
86,70,55
86,71,0.0
86,72,55
86,73,55
86,74,9.9
86,75,55
86,76,55
86,77,9.9
86,78,55
86,79,55
86,80,55
86,81,9.9
86,82,0.0
86,83,55
86,84,55
86,85,0.0
86,86,55
86,87,55
86,88,55
86,89,0.0
86,90,55
86,91,55
86,92,0.0
86,93,55
86,94,55
86,95,9.9
86,96,0.0
86,97,55
86,98,9.9
86,99,0.0
86,100,55
86,101,55
86,102,0.0
86,103,0.0
86,104,55
86,105,9.9
86,106,0.0
86,107,9.9
86,108,9.9
86,109,55
86,110,9.9
86,111,55
86,112,55
86,113,9.9
86,114,0.0
86,115,0.0
86,116,55
86,117,0.0
86,118,9.9
86,119,9.9
86,120,0.0
86,121,9.9
86,122,0.0
86,123,0.0
86,124,9.9
86,125,0.0
86,126,9.9
86,127,0.0
86,128,9.9
86,129,55
86,130,0.0
86,131,9.9
86,132,55
86,133,9.9
86,134,0.0
86,135,55
86,136,55
86,137,55
86,138,55
86,139,9.9
86,140,0.0
86,141,55
86,142,55
86,143,55
86,144,55
86,145,55
86,146,55
86,147,9.9
86,148,0.0
86,149,55
86,150,55
86,151,55
86,152,55
86,153,55
86,154,9.9
86,155,0.0
86,156,55
86,157,55
86,158,55
86,159,0.0
86,160,55
86,161,9.9
86,162,55
86,163,9.9
86,164,0.0
86,165,0.0
86,166,55
86,167,0.0
86,168,9.9
86,169,0.0
86,170,9.9
86,171,9.9
86,172,9.9
86,173,9.9
86,174,55
86,175,55
86,176,9.9
86,177,55
86,178,0.0
86,179,55
86,180,9.9
86,181,55
86,182,55
86,183,55
86,184,9.9
86,185,0.0
86,186,9.9
86,187,55
86,188,55
86,189,0.0
86,190,55
86,191,55
86,192,0.0
86,193,55
86,194,0.0
86,195,55
86,196,0.0
86,197,9.9
86,198,55
86,199,0.0
86,200,9.9
86,201,9.9
87,0,9.9
87,1,0.0
87,2,55
87,3,9.9
87,4,9.9
87,5,0.0
87,6,55
87,7,55
87,8,55
87,9,0.0
87,10,0.0
87,11,9.9
87,12,55
87,13,55
87,14,55
87,15,55
87,16,0.0
87,17,55
87,18,0.0
87,19,55
87,20,9.9
87,21,9.9
87,22,0.0
87,23,55
87,24,55
87,25,55
87,26,55
87,27,55
87,28,0.0
87,29,9.9
87,30,9.9
87,31,55
87,32,9.9
87,33,0.0
87,34,55
87,35,9.9
87,36,55
87,37,55
87,38,9.9
87,39,55
87,40,55
87,41,0.0
87,42,55
87,43,9.9
87,44,0.0
87,45,9.9
87,46,0.0
87,47,0.0
87,48,55
87,49,55
87,50,55
87,51,55
87,52,9.9
87,53,55
87,54,55
87,55,55
87,56,55
87,57,0.0
87,58,0.0
87,59,55
87,60,55
87,61,55
87,62,55
87,63,55
87,64,9.9
87,65,0.0
87,66,9.9
87,67,55
87,68,55
87,69,0.0
87,70,0.0
87,71,0.0
87,72,9.9
87,73,9.9
87,74,55
87,75,55
87,76,0.0
87,77,55
87,78,55
87,79,9.9
87,80,0.0
87,81,55
87,82,55
87,83,9.9
87,84,55
87,85,9.9
87,86,9.9
87,87,55
87,88,55
87,89,0.0
87,90,9.9
87,91,55
87,92,55
87,93,55
87,94,9.9
87,95,55
87,96,0.0
87,97,55
87,98,55
87,99,55
87,100,9.9
87,101,55
87,102,0.0
87,103,0.0
87,104,55
87,105,55
87,106,55
87,107,9.9
87,108,0.0
87,109,0.0
87,110,55
87,111,0.0
87,112,9.9
87,113,55
87,114,55
87,115,55
87,116,9.9
87,117,55
87,118,9.9
87,119,0.0
87,120,9.9
87,121,9.9
87,122,9.9
87,123,0.0
87,124,9.9
87,125,9.9
87,126,9.9
87,127,55
87,128,9.9
87,129,55
87,130,0.0
87,131,9.9
87,132,55
87,133,55
87,134,55
87,135,9.9
87,136,55
87,137,55
87,138,0.0
87,139,55
87,140,0.0
87,141,9.9
87,142,55
87,143,55
87,144,55
87,145,55
87,146,9.9
87,147,55
87,148,55
87,149,9.9
87,150,0.0
87,151,55
87,152,0.0
87,153,9.9
87,154,55
87,155,0.0
87,156,9.9
87,157,0.0
87,158,0.0
87,159,55
87,160,55
87,161,55
87,162,55
87,163,55
87,164,55
87,165,0.0
87,166,55
87,167,0.0
87,168,9.9
87,169,9.9
87,170,9.9
87,171,0.0
87,172,0.0
87,173,0.0
87,174,55
87,175,9.9
87,176,55
87,177,0.0
87,178,55
87,179,9.9
87,180,55
87,181,55
87,182,55
87,183,9.9
87,184,55
87,185,55
87,186,9.9
87,187,55
87,188,9.9
87,189,0.0
87,190,55
87,191,9.9
87,192,0.0
87,193,55
87,194,55
87,195,55
87,196,55
87,197,9.9
87,198,0.0
87,199,55
87,200,9.9
87,201,0.0
88,0,0.0
88,1,55
88,2,55
88,3,55
88,4,0.0
88,5,55
88,6,55
88,7,9.9
88,8,55
88,9,9.9
88,10,55
88,11,9.9
88,12,55
88,13,9.9
88,14,0.0
88,15,9.9
88,16,0.0
88,17,9.9
88,18,9.9
88,19,55
88,20,55
88,21,0.0
88,22,0.0
88,23,55
88,24,9.9
88,25,55
88,26,55
88,27,55
88,28,55
88,29,9.9
88,30,0.0
88,31,55
88,32,55
88,33,55
88,34,55
88,35,55
88,36,0.0
88,37,9.9
88,38,55
88,39,0.0
88,40,55
88,41,55
88,42,55
88,43,55
88,44,9.9
88,45,9.9
88,46,0.0
88,47,55
88,48,9.9
88,49,55
88,50,0.0
88,51,55
88,52,55
88,53,55
88,54,9.9
88,55,9.9
88,56,0.0
88,57,0.0
88,58,55
88,59,9.9
88,60,0.0
88,61,0.0
88,62,9.9
88,63,9.9
88,64,55
88,65,55
88,66,9.9
88,67,55
88,68,0.0
88,69,0.0
88,70,55
88,71,0.0
88,72,9.9
88,73,0.0
88,74,0.0
88,75,55
88,76,9.9
88,77,9.9
88,78,55
88,79,55
88,80,55
88,81,9.9
88,82,9.9
88,83,55
88,84,55
88,85,55
88,86,0.0
88,87,0.0
88,88,55
88,89,55
88,90,9.9
88,91,0.0
88,92,0.0
88,93,0.0
88,94,55
88,95,0.0
88,96,55
88,97,55
88,98,55
88,99,9.9
88,100,55
88,101,0.0
88,102,55
88,103,0.0
88,104,55
88,105,55
88,106,0.0
88,107,55
88,108,0.0
88,109,55
88,110,9.9
88,111,0.0
88,112,9.9
88,113,0.0
88,114,0.0
88,115,9.9
88,116,55
88,117,55
88,118,55
88,119,0.0
88,120,9.9
88,121,0.0
88,122,0.0
88,123,9.9
88,124,9.9
88,125,0.0
88,126,0.0
88,127,55
88,128,55
88,129,0.0
88,130,55
88,131,9.9
88,132,0.0
88,133,55
88,134,9.9
88,135,55
88,136,0.0
88,137,55
88,138,9.9
88,139,9.9
88,140,55
88,141,9.9
88,142,0.0
88,143,55
88,144,55
88,145,0.0
88,146,55
88,147,0.0
88,148,0.0
88,149,55
88,150,55
88,151,55
88,152,0.0
88,153,9.9
88,154,0.0
88,155,55
88,156,9.9
88,157,55
88,158,55
88,159,55
88,160,9.9
88,161,55
88,162,55
88,163,55
88,164,0.0
88,165,55
88,166,55
88,167,55
88,168,9.9
88,169,0.0
88,170,0.0
88,171,0.0
88,172,9.9
88,173,9.9
88,174,9.9
88,175,55
88,176,0.0
88,177,9.9
88,178,55
88,179,55
88,180,0.0
88,181,55
88,182,0.0
88,183,55
88,184,0.0
88,185,9.9
88,186,55
88,187,0.0
88,188,55
88,189,9.9
88,190,55
88,191,55
88,192,9.9
88,193,55
88,194,0.0
88,195,9.9
88,196,0.0
88,197,55
88,198,55
88,199,55
88,200,55
88,201,0.0
89,0,9.9
89,1,55
89,2,0.0
89,3,55
89,4,55
89,5,55
89,6,0.0
89,7,55
89,8,55
89,9,55
89,10,55
89,11,55
89,12,0.0
89,13,55
89,14,55
89,15,9.9
89,16,9.9
89,17,9.9
89,18,0.0
89,19,55
89,20,55
89,21,55
89,22,0.0
89,23,55
89,24,55
89,25,55
89,26,9.9
89,27,55
89,28,9.9
89,29,55
89,30,0.0
89,31,9.9
89,32,55
89,33,9.9
89,34,9.9
89,35,55
89,36,9.9
89,37,9.9
89,38,0.0
89,39,0.0
89,40,9.9
89,41,9.9
89,42,9.9
89,43,55
89,44,55
89,45,0.0
89,46,9.9
89,47,55
89,48,55
89,49,0.0
89,50,9.9
89,51,55
89,52,55
89,53,55
89,54,55
89,55,0.0
89,56,55
89,57,0.0
89,58,55
89,59,55
89,60,55
89,61,55
89,62,9.9
89,63,0.0
89,64,0.0
89,65,9.9
89,66,55
89,67,0.0
89,68,9.9
89,69,0.0
89,70,55
89,71,55
89,72,9.9
89,73,0.0
89,74,55
89,75,9.9
89,76,55
89,77,0.0
89,78,0.0
89,79,55
89,80,0.0
89,81,55
89,82,0.0
89,83,0.0
89,84,55
89,85,55
89,86,55
89,87,55
89,88,9.9
89,89,9.9
89,90,55
89,91,55
89,92,55
89,93,55
89,94,9.9
89,95,9.9
89,96,55
89,97,0.0
89,98,9.9
89,99,55
89,100,0.0
89,101,0.0
89,102,55
89,103,55
89,104,55
89,105,9.9
89,106,0.0
89,107,9.9
89,108,55
89,109,55
89,110,55
89,111,9.9
89,112,9.9
89,113,55
89,114,55
89,115,9.9
89,116,0.0
89,117,55
89,118,55
89,119,55
89,120,9.9
89,121,0.0
89,122,9.9
89,123,9.9
89,124,0.0
89,125,0.0
89,126,9.9
89,127,9.9
89,128,55
89,129,9.9
89,130,55
89,131,55
89,132,55
89,133,9.9
89,134,55
89,135,0.0
89,136,0.0
89,137,9.9
89,138,55
89,139,0.0
89,140,55
89,141,55
89,142,55
89,143,9.9
89,144,55
89,145,9.9
89,146,9.9
89,147,9.9
89,148,55
89,149,9.9
89,150,0.0
89,151,0.0
89,152,55
89,153,9.9
89,154,55
89,155,55
89,156,55
89,157,55
89,158,9.9
89,159,0.0
89,160,55
89,161,55
89,162,9.9
89,163,55
89,164,9.9
89,165,55
89,166,0.0
89,167,0.0
89,168,55
89,169,0.0
89,170,9.9
89,171,0.0
89,172,9.9
89,173,0.0
89,174,0.0
89,175,0.0
89,176,0.0
89,177,9.9
89,178,55
89,179,55
89,180,0.0
89,181,55
89,182,0.0
89,183,9.9
89,184,9.9
89,185,9.9
89,186,0.0
89,187,9.9
89,188,9.9
89,189,55
89,190,55
89,191,55
89,192,55
89,193,55
89,194,0.0
89,195,9.9
89,196,55
89,197,9.9
89,198,0.0
89,199,0.0
89,200,55
89,201,55
90,0,9.9
90,1,55
90,2,0.0
90,3,55
90,4,9.9
90,5,0.0
90,6,0.0
90,7,9.9
90,8,55
90,9,55
90,10,55
90,11,55
90,12,0.0
90,13,9.9
90,14,0.0
90,15,55
90,16,0.0
90,17,0.0
90,18,0.0
90,19,9.9
90,20,0.0
90,21,9.9
90,22,55
90,23,55
90,24,55
90,25,55
90,26,55
90,27,55
90,28,55
90,29,0.0
90,30,55
90,31,9.9
90,32,0.0
90,33,55
90,34,0.0
90,35,55
90,36,55
90,37,0.0
90,38,55
90,39,0.0
90,40,9.9
90,41,0.0
90,42,0.0
90,43,55
90,44,55
90,45,55
90,46,9.9
90,47,55
90,48,55
90,49,9.9
90,50,9.9
90,51,55
90,52,9.9
90,53,9.9
90,54,55
90,55,55
90,56,55
90,57,55
90,58,55
90,59,55
90,60,9.9
90,61,9.9
90,62,55
90,63,0.0
90,64,55
90,65,9.9
90,66,0.0
90,67,0.0
90,68,9.9
90,69,9.9
90,70,55
90,71,0.0
90,72,55
90,73,9.9
90,74,55
90,75,55
90,76,0.0
90,77,55
90,78,55
90,79,9.9
90,80,9.9
90,81,9.9
90,82,55
90,83,55
90,84,55
90,85,55
90,86,0.0
90,87,9.9
90,88,55
90,89,0.0
90,90,0.0
90,91,9.9
90,92,9.9
90,93,0.0
90,94,55
90,95,0.0
90,96,55
90,97,0.0
90,98,9.9
90,99,0.0
90,100,9.9
90,101,0.0
90,102,55
90,103,0.0
90,104,9.9
90,105,55
90,106,9.9
90,107,9.9
90,108,55
90,109,9.9
90,110,55
90,111,55
90,112,0.0
90,113,55
90,114,9.9
90,115,55
90,116,55
90,117,9.9
90,118,55
90,119,9.9
90,120,55
90,121,9.9
90,122,9.9
90,123,0.0
90,124,0.0
90,125,0.0
90,126,9.9
90,127,0.0
90,128,0.0
90,129,55
90,130,55
90,131,55
90,132,9.9
90,133,55
90,134,0.0
90,135,0.0
90,136,0.0
90,137,9.9
90,138,0.0
90,139,55
90,140,9.9
90,141,55
90,142,9.9
90,143,55
90,144,0.0
90,145,55
90,146,0.0
90,147,0.0
90,148,55
90,149,55
90,150,55
90,151,55
90,152,55
90,153,55
90,154,55
90,155,9.9
90,156,55
90,157,55
90,158,55
90,159,55
90,160,9.9
90,161,55
90,162,55
90,163,55
90,164,55
90,165,55
90,166,0.0
90,167,55
90,168,9.9
90,169,55
90,170,9.9
90,171,9.9
90,172,9.9
90,173,0.0
90,174,9.9
90,175,55
90,176,0.0
90,177,9.9
90,178,0.0
90,179,0.0
90,180,55
90,181,55
90,182,55
90,183,9.9
90,184,0.0
90,185,0.0
90,186,55
90,187,9.9
90,188,0.0
90,189,0.0
90,190,55
90,191,0.0
90,192,55
90,193,55
90,194,55
90,195,9.9
90,196,55
90,197,55
90,198,55
90,199,55
90,200,55
90,201,0.0
91,0,0.0
91,1,0.0
91,2,55
91,3,55
91,4,55
91,5,55
91,6,0.0
91,7,9.9
91,8,0.0
91,9,55
91,10,0.0
91,11,55
91,12,55
91,13,9.9
91,14,55
91,15,9.9
91,16,55
91,17,9.9
91,18,0.0
91,19,9.9
91,20,55
91,21,9.9
91,22,55
91,23,0.0
91,24,9.9
91,25,55
91,26,55
91,27,55
91,28,55
91,29,9.9
91,30,55
91,31,55
91,32,55
91,33,9.9
91,34,55
91,35,9.9
91,36,55
91,37,55
91,38,55
91,39,55
91,40,9.9
91,41,0.0
91,42,9.9
91,43,9.9
91,44,0.0
91,45,9.9
91,46,55
91,47,0.0
91,48,0.0
91,49,55
91,50,0.0
91,51,0.0
91,52,55
91,53,0.0
91,54,55
91,55,9.9
91,56,0.0
91,57,0.0
91,58,9.9
91,59,9.9
91,60,55
91,61,0.0
91,62,0.0
91,63,55
91,64,55
91,65,55
91,66,55
91,67,0.0
91,68,9.9
91,69,0.0
91,70,55
91,71,0.0
91,72,9.9
91,73,55
91,74,55
91,75,55
91,76,9.9
91,77,55
91,78,0.0
91,79,55
91,80,0.0
91,81,0.0
91,82,55
91,83,0.0
91,84,9.9
91,85,9.9
91,86,0.0
91,87,9.9
91,88,0.0
91,89,55
91,90,55
91,91,9.9
91,92,0.0
91,93,55
91,94,9.9
91,95,55
91,96,9.9
91,97,55
91,98,9.9
91,99,55
91,100,9.9
91,101,9.9
91,102,55
91,103,0.0
91,104,9.9
91,105,0.0
91,106,55
91,107,0.0
91,108,0.0
91,109,55
91,110,55
91,111,55
91,112,55
91,113,9.9
91,114,55
91,115,0.0
91,116,0.0
91,117,55
91,118,0.0
91,119,55
91,120,0.0
91,121,55
91,122,0.0
91,123,0.0
91,124,0.0
91,125,0.0
91,126,9.9
91,127,0.0
91,128,55
91,129,9.9
91,130,55
91,131,0.0
91,132,55
91,133,0.0
91,134,0.0
91,135,0.0
91,136,0.0
91,137,9.9
91,138,55
91,139,55
91,140,55
91,141,0.0
91,142,55
91,143,0.0
91,144,0.0
91,145,9.9
91,146,55
91,147,9.9
91,148,9.9
91,149,55
91,150,9.9
91,151,9.9
91,152,0.0
91,153,55
91,154,55
91,155,55
91,156,55
91,157,55
91,158,55
91,159,0.0
91,160,55
91,161,0.0
91,162,55
91,163,55
91,164,55
91,165,55
91,166,55
91,167,55
91,168,55
91,169,55
91,170,55
91,171,0.0
91,172,0.0
91,173,9.9
91,174,9.9
91,175,55
91,176,55
91,177,9.9
91,178,55
91,179,55
91,180,55
91,181,9.9
91,182,0.0
91,183,55
91,184,0.0
91,185,9.9
91,186,55
91,187,55
91,188,0.0
91,189,55
91,190,9.9
91,191,9.9
91,192,55
91,193,55
91,194,9.9
91,195,55
91,196,0.0
91,197,55
91,198,0.0
91,199,9.9
91,200,9.9
91,201,0.0
92,0,9.9
92,1,55
92,2,55
92,3,0.0
92,4,55
92,5,9.9
92,6,55
92,7,9.9
92,8,55
92,9,9.9
92,10,9.9
92,11,55
92,12,0.0
92,13,55
92,14,55
92,15,55
92,16,55
92,17,55
92,18,9.9
92,19,9.9
92,20,55
92,21,55
92,22,0.0
92,23,9.9
92,24,9.9
92,25,55
92,26,55
92,27,0.0
92,28,55
92,29,55
92,30,55
92,31,55
92,32,0.0
92,33,55
92,34,55
92,35,55
92,36,0.0
92,37,0.0
92,38,0.0
92,39,0.0
92,40,55
92,41,9.9
92,42,9.9
92,43,0.0
92,44,55
92,45,9.9
92,46,0.0
92,47,9.9
92,48,55
92,49,9.9
92,50,55
92,51,55
92,52,9.9
92,53,55
92,54,9.9
92,55,55
92,56,55
92,57,55
92,58,9.9
92,59,0.0
92,60,0.0
92,61,55
92,62,55
92,63,55
92,64,0.0
92,65,55
92,66,0.0
92,67,55
92,68,9.9
92,69,0.0
92,70,9.9
92,71,55
92,72,9.9
92,73,0.0
92,74,55
92,75,0.0
92,76,55
92,77,55
92,78,0.0
92,79,9.9
92,80,55
92,81,9.9
92,82,9.9
92,83,9.9
92,84,9.9
92,85,0.0
92,86,9.9
92,87,9.9
92,88,55
92,89,55
92,90,9.9
92,91,55
92,92,0.0
92,93,55
92,94,55
92,95,55
92,96,55
92,97,55
92,98,55
92,99,55
92,100,55
92,101,0.0
92,102,55
92,103,55
92,104,9.9
92,105,55
92,106,9.9
92,107,55
92,108,55
92,109,9.9
92,110,55
92,111,0.0
92,112,9.9
92,113,55
92,114,0.0
92,115,0.0
92,116,55
92,117,9.9
92,118,0.0
92,119,9.9
92,120,0.0
92,121,9.9
92,122,55
92,123,0.0
92,124,0.0
92,125,0.0
92,126,9.9
92,127,9.9
92,128,55
92,129,55
92,130,0.0
92,131,9.9
92,132,9.9
92,133,9.9
92,134,0.0
92,135,0.0
92,136,0.0
92,137,9.9
92,138,55
92,139,0.0
92,140,55
92,141,0.0
92,142,9.9
92,143,0.0
92,144,0.0
92,145,9.9
92,146,55
92,147,55
92,148,0.0
92,149,0.0
92,150,55
92,151,0.0
92,152,55
92,153,55
92,154,9.9
92,155,55
92,156,55
92,157,0.0
92,158,55
92,159,9.9
92,160,9.9
92,161,0.0
92,162,9.9
92,163,0.0
92,164,55
92,165,0.0
92,166,0.0
92,167,9.9
92,168,55
92,169,55
92,170,55
92,171,55
92,172,9.9
92,173,9.9
92,174,0.0
92,175,0.0
92,176,9.9
92,177,55
92,178,55
92,179,9.9
92,180,0.0
92,181,55
92,182,55
92,183,9.9
92,184,55
92,185,9.9
92,186,55
92,187,55
92,188,55
92,189,55
92,190,55
92,191,0.0
92,192,55
92,193,9.9
92,194,55
92,195,0.0
92,196,9.9
92,197,9.9
92,198,9.9
92,199,9.9
92,200,0.0
92,201,9.9
93,0,9.9
93,1,55
93,2,0.0
93,3,0.0
93,4,55
93,5,55
93,6,55
93,7,55
93,8,55
93,9,55
93,10,0.0
93,11,55
93,12,0.0
93,13,9.9
93,14,55
93,15,55
93,16,55
93,17,55
93,18,55
93,19,0.0
93,20,0.0
93,21,55
93,22,0.0
93,23,9.9
93,24,0.0
93,25,0.0
93,26,0.0
93,27,0.0
93,28,55
93,29,55
93,30,55
93,31,0.0
93,32,0.0
93,33,9.9
93,34,55
93,35,55
93,36,9.9
93,37,55
93,38,55
93,39,55
93,40,9.9
93,41,55
93,42,0.0
93,43,0.0
93,44,55
93,45,55
93,46,55
93,47,9.9
93,48,55
93,49,55
93,50,55
93,51,0.0
93,52,55
93,53,55
93,54,55
93,55,0.0
93,56,0.0
93,57,9.9
93,58,55
93,59,0.0
93,60,55
93,61,55
93,62,9.9
93,63,0.0
93,64,0.0
93,65,55
93,66,0.0
93,67,55
93,68,55
93,69,9.9
93,70,9.9
93,71,55
93,72,55
93,73,55
93,74,9.9
93,75,9.9
93,76,9.9
93,77,55
93,78,55
93,79,9.9
93,80,55
93,81,55
93,82,0.0
93,83,0.0
93,84,0.0
93,85,0.0
93,86,9.9
93,87,0.0
93,88,55
93,89,0.0
93,90,55
93,91,0.0
93,92,55
93,93,55
93,94,55
93,95,55
93,96,55
93,97,55
93,98,55
93,99,55
93,100,55
93,101,55
93,102,9.9
93,103,9.9
93,104,55
93,105,55
93,106,55
93,107,55
93,108,0.0
93,109,55
93,110,55
93,111,0.0
93,112,9.9
93,113,0.0
93,114,0.0
93,115,0.0
93,116,55
93,117,55
93,118,9.9
93,119,9.9
93,120,9.9
93,121,9.9
93,122,55
93,123,55
93,124,0.0
93,125,0.0
93,126,9.9
93,127,0.0
93,128,55
93,129,55
93,130,9.9
93,131,9.9
93,132,0.0
93,133,0.0
93,134,9.9
93,135,0.0
93,136,0.0
93,137,9.9
93,138,0.0
93,139,9.9
93,140,55
93,141,55
93,142,9.9
93,143,9.9
93,144,0.0
93,145,9.9
93,146,0.0
93,147,55
93,148,55
93,149,55
93,150,9.9
93,151,55
93,152,55
93,153,0.0
93,154,55
93,155,55
93,156,9.9
93,157,0.0
93,158,55
93,159,55
93,160,0.0
93,161,9.9
93,162,9.9
93,163,55
93,164,55
93,165,0.0
93,166,55
93,167,9.9
93,168,55
93,169,9.9
93,170,55
93,171,0.0
93,172,55
93,173,0.0
93,174,0.0
93,175,55
93,176,9.9
93,177,0.0
93,178,55
93,179,55
93,180,55
93,181,9.9
93,182,9.9
93,183,55
93,184,55
93,185,55
93,186,0.0
93,187,0.0
93,188,0.0
93,189,9.9
93,190,55
93,191,55
93,192,9.9
93,193,55
93,194,0.0
93,195,9.9
93,196,9.9
93,197,0.0
93,198,0.0
93,199,0.0
93,200,0.0
93,201,9.9
94,0,55
94,1,0.0
94,2,9.9
94,3,0.0
94,4,55
94,5,55
94,6,55
94,7,55
94,8,55
94,9,55
94,10,55
94,11,9.9
94,12,55
94,13,9.9
94,14,55
94,15,55
94,16,0.0
94,17,55
94,18,55
94,19,55
94,20,55
94,21,9.9
94,22,55
94,23,9.9
94,24,0.0
94,25,55
94,26,55
94,27,0.0
94,28,55
94,29,9.9
94,30,55
94,31,9.9
94,32,0.0
94,33,9.9
94,34,55
94,35,55
94,36,55
94,37,55
94,38,0.0
94,39,0.0
94,40,55
94,41,0.0
94,42,55
94,43,0.0
94,44,55
94,45,55
94,46,9.9
94,47,55
94,48,0.0
94,49,55
94,50,55
94,51,9.9
94,52,9.9
94,53,55
94,54,55
94,55,9.9
94,56,55
94,57,9.9
94,58,0.0
94,59,55
94,60,55
94,61,9.9
94,62,55
94,63,55
94,64,0.0
94,65,55
94,66,55
94,67,55
94,68,55
94,69,55
94,70,0.0
94,71,0.0
94,72,55
94,73,9.9
94,74,55
94,75,0.0
94,76,0.0
94,77,0.0
94,78,9.9
94,79,55
94,80,0.0
94,81,55
94,82,55
94,83,9.9
94,84,9.9
94,85,0.0
94,86,9.9
94,87,0.0
94,88,9.9
94,89,9.9
94,90,9.9
94,91,9.9
94,92,55
94,93,0.0
94,94,9.9
94,95,9.9
94,96,55
94,97,0.0
94,98,55
94,99,55
94,100,55
94,101,0.0
94,102,55
94,103,0.0
94,104,0.0
94,105,55
94,106,55
94,107,55
94,108,9.9
94,109,9.9
94,110,55
94,111,55
94,112,9.9
94,113,55
94,114,0.0
94,115,0.0
94,116,55
94,117,55
94,118,55
94,119,0.0
94,120,0.0
94,121,0.0
94,122,0.0
94,123,9.9
94,124,55
94,125,0.0
94,126,9.9
94,127,0.0
94,128,9.9
94,129,0.0
94,130,55
94,131,0.0
94,132,0.0
94,133,9.9
94,134,9.9
94,135,9.9
94,136,0.0
94,137,9.9
94,138,55
94,139,9.9
94,140,55
94,141,0.0
94,142,55
94,143,0.0
94,144,9.9
94,145,9.9
94,146,55
94,147,9.9
94,148,0.0
94,149,0.0
94,150,55
94,151,55
94,152,0.0
94,153,0.0
94,154,9.9
94,155,55
94,156,55
94,157,9.9
94,158,55
94,159,55
94,160,55
94,161,9.9
94,162,0.0
94,163,55
94,164,0.0
94,165,55
94,166,55
94,167,55
94,168,0.0
94,169,55
94,170,55
94,171,0.0
94,172,9.9
94,173,55
94,174,0.0
94,175,55
94,176,55
94,177,55
94,178,9.9
94,179,55
94,180,0.0
94,181,55
94,182,0.0
94,183,0.0
94,184,55
94,185,55
94,186,0.0
94,187,55
94,188,55
94,189,9.9
94,190,55
94,191,9.9
94,192,55
94,193,0.0
94,194,0.0
94,195,9.9
94,196,0.0
94,197,0.0
94,198,9.9
94,199,9.9
94,200,0.0
94,201,9.9
95,0,9.9
95,1,0.0
95,2,9.9
95,3,9.9
95,4,55
95,5,9.9
95,6,9.9
95,7,55
95,8,55
95,9,55
95,10,0.0
95,11,55
95,12,55
95,13,55
95,14,0.0
95,15,0.0
95,16,0.0
95,17,55
95,18,55
95,19,0.0
95,20,9.9
95,21,55
95,22,55
95,23,55
95,24,9.9
95,25,55
95,26,0.0
95,27,55
95,28,55
95,29,55
95,30,55
95,31,55
95,32,9.9
95,33,9.9
95,34,0.0
95,35,0.0
95,36,55
95,37,55
95,38,9.9
95,39,55
95,40,9.9
95,41,9.9
95,42,55
95,43,55
95,44,55
95,45,9.9
95,46,55
95,47,0.0
95,48,0.0
95,49,9.9
95,50,55
95,51,55
95,52,0.0
95,53,0.0
95,54,55
95,55,55
95,56,55
95,57,55
95,58,55
95,59,55
95,60,0.0
95,61,55
95,62,0.0
95,63,9.9
95,64,55
95,65,55
95,66,0.0
95,67,0.0
95,68,9.9
95,69,55
95,70,55
95,71,55
95,72,9.9
95,73,55
95,74,0.0
95,75,55
95,76,9.9
95,77,55
95,78,9.9
95,79,0.0
95,80,9.9
95,81,9.9
95,82,0.0
95,83,55
95,84,0.0
95,85,9.9
95,86,9.9
95,87,9.9
95,88,9.9
95,89,0.0
95,90,0.0
95,91,0.0
95,92,55
95,93,0.0
95,94,9.9
95,95,0.0
95,96,55
95,97,0.0
95,98,55
95,99,55
95,100,55
95,101,9.9
95,102,9.9
95,103,55
95,104,55
95,105,55
95,106,55
95,107,0.0
95,108,55
95,109,0.0
95,110,0.0
95,111,9.9
95,112,55
95,113,55
95,114,55
95,115,0.0
95,116,55
95,117,9.9
95,118,55
95,119,55
95,120,9.9
95,121,9.9
95,122,55
95,123,9.9
95,124,55
95,125,55
95,126,9.9
95,127,9.9
95,128,9.9
95,129,55
95,130,9.9
95,131,55
95,132,0.0
95,133,9.9
95,134,0.0
95,135,0.0
95,136,9.9
95,137,9.9
95,138,55
95,139,55
95,140,0.0
95,141,9.9
95,142,9.9
95,143,55
95,144,9.9
95,145,0.0
95,146,55
95,147,55
95,148,55
95,149,55
95,150,9.9
95,151,55
95,152,9.9
95,153,0.0
95,154,9.9
95,155,0.0
95,156,55
95,157,55
95,158,55
95,159,9.9
95,160,9.9
95,161,55
95,162,0.0
95,163,9.9
95,164,9.9
95,165,55
95,166,0.0
95,167,55
95,168,0.0
95,169,9.9
95,170,55
95,171,55
95,172,9.9
95,173,55
95,174,55
95,175,55
95,176,55
95,177,0.0
95,178,55
95,179,0.0
95,180,9.9
95,181,9.9
95,182,55
95,183,55
95,184,9.9
95,185,55
95,186,55
95,187,55
95,188,0.0
95,189,55
95,190,0.0
95,191,55
95,192,0.0
95,193,0.0
95,194,0.0
95,195,9.9
95,196,0.0
95,197,0.0
95,198,9.9
95,199,0.0
95,200,9.9
95,201,9.9
96,0,9.9
96,1,9.9
96,2,9.9
96,3,0.0
96,4,55
96,5,55
96,6,0.0
96,7,55
96,8,55
96,9,55
96,10,9.9
96,11,9.9
96,12,55
96,13,55
96,14,9.9
96,15,55
96,16,0.0
96,17,55
96,18,9.9
96,19,0.0
96,20,9.9
96,21,0.0
96,22,55
96,23,55
96,24,55
96,25,55
96,26,0.0
96,27,55
96,28,9.9
96,29,55
96,30,55
96,31,55
96,32,55
96,33,0.0
96,34,55
96,35,55
96,36,55
96,37,55
96,38,55
96,39,55
96,40,55
96,41,0.0
96,42,55
96,43,0.0
96,44,0.0
96,45,55
96,46,0.0
96,47,9.9
96,48,0.0
96,49,9.9
96,50,0.0
96,51,55
96,52,55
96,53,55
96,54,9.9
96,55,55
96,56,55
96,57,55
96,58,0.0
96,59,9.9
96,60,0.0
96,61,9.9
96,62,9.9
96,63,9.9
96,64,55
96,65,0.0
96,66,0.0
96,67,55
96,68,9.9
96,69,55
96,70,9.9
96,71,9.9
96,72,55
96,73,0.0
96,74,0.0
96,75,55
96,76,55
96,77,55
96,78,55
96,79,55
96,80,9.9
96,81,0.0
96,82,55
96,83,9.9
96,84,55
96,85,9.9
96,86,0.0
96,87,0.0
96,88,0.0
96,89,0.0
96,90,9.9
96,91,9.9
96,92,9.9
96,93,55
96,94,9.9
96,95,0.0
96,96,9.9
96,97,55
96,98,55
96,99,9.9
96,100,55
96,101,55
96,102,0.0
96,103,55
96,104,9.9
96,105,9.9
96,106,9.9
96,107,0.0
96,108,9.9
96,109,55
96,110,55
96,111,9.9
96,112,0.0
96,113,55
96,114,9.9
96,115,55
96,116,55
96,117,55
96,118,55
96,119,9.9
96,120,55
96,121,0.0
96,122,55
96,123,55
96,124,0.0
96,125,9.9
96,126,55
96,127,0.0
96,128,0.0
96,129,55
96,130,55
96,131,55
96,132,55
96,133,9.9
96,134,0.0
96,135,9.9
96,136,9.9
96,137,0.0
96,138,0.0
96,139,55
96,140,9.9
96,141,9.9
96,142,0.0
96,143,55
96,144,55
96,145,0.0
96,146,9.9
96,147,55
96,148,0.0
96,149,9.9
96,150,55
96,151,0.0
96,152,55
96,153,9.9
96,154,9.9
96,155,55
96,156,9.9
96,157,55
96,158,55
96,159,55
96,160,0.0
96,161,0.0
96,162,55
96,163,9.9
96,164,0.0
96,165,55
96,166,0.0
96,167,55
96,168,55
96,169,9.9
96,170,55
96,171,0.0
96,172,55
96,173,0.0
96,174,9.9
96,175,9.9
96,176,9.9
96,177,0.0
96,178,9.9
96,179,0.0
96,180,9.9
96,181,0.0
96,182,55
96,183,0.0
96,184,55
96,185,0.0
96,186,9.9
96,187,9.9
96,188,0.0
96,189,9.9
96,190,0.0
96,191,9.9
96,192,0.0
96,193,0.0
96,194,0.0
96,195,9.9
96,196,9.9
96,197,0.0
96,198,9.9
96,199,0.0
96,200,9.9
96,201,0.0
97,0,0.0
97,1,0.0
97,2,0.0
97,3,0.0
97,4,9.9
97,5,55
97,6,55
97,7,9.9
97,8,0.0
97,9,55
97,10,55
97,11,0.0
97,12,55
97,13,55
97,14,55
97,15,55
97,16,55
97,17,55
97,18,55
97,19,9.9
97,20,9.9
97,21,55
97,22,55
97,23,55
97,24,55
97,25,55
97,26,55
97,27,55
97,28,55
97,29,55
97,30,55
97,31,55
97,32,55
97,33,55
97,34,55
97,35,9.9
97,36,9.9
97,37,9.9
97,38,55
97,39,55
97,40,55
97,41,55
97,42,9.9
97,43,9.9
97,44,55
97,45,9.9
97,46,9.9
97,47,9.9
97,48,9.9
97,49,9.9
97,50,55
97,51,9.9
97,52,0.0
97,53,0.0
97,54,55
97,55,0.0
97,56,55
97,57,55
97,58,9.9
97,59,9.9
97,60,9.9
97,61,9.9
97,62,0.0
97,63,0.0
97,64,0.0
97,65,9.9
97,66,0.0
97,67,55
97,68,55
97,69,0.0
97,70,55
97,71,0.0
97,72,0.0
97,73,9.9
97,74,0.0
97,75,55
97,76,55
97,77,55
97,78,55
97,79,0.0
97,80,55
97,81,0.0
97,82,55
97,83,55
97,84,55
97,85,55
97,86,0.0
97,87,9.9
97,88,9.9
97,89,0.0
97,90,9.9
97,91,0.0
97,92,0.0
97,93,55
97,94,55
97,95,9.9
97,96,9.9
97,97,55
97,98,0.0
97,99,55
97,100,55
97,101,55
97,102,55
97,103,9.9
97,104,55
97,105,0.0
97,106,0.0
97,107,9.9
97,108,9.9
97,109,55
97,110,9.9
97,111,55
97,112,55
97,113,9.9
97,114,55
97,115,55
97,116,9.9
97,117,55
97,118,55
97,119,55
97,120,0.0
97,121,55
97,122,9.9
97,123,55
97,124,9.9
97,125,9.9
97,126,0.0
97,127,55
97,128,9.9
97,129,9.9
97,130,55
97,131,55
97,132,9.9
97,133,55
97,134,9.9
97,135,9.9
97,136,0.0
97,137,0.0
97,138,55
97,139,9.9
97,140,55
97,141,0.0
97,142,0.0
97,143,9.9
97,144,55
97,145,55
97,146,9.9
97,147,0.0
97,148,9.9
97,149,9.9
97,150,0.0
97,151,9.9
97,152,9.9
97,153,55
97,154,0.0
97,155,55
97,156,55
97,157,0.0
97,158,55
97,159,55
97,160,55
97,161,55
97,162,55
97,163,55
97,164,0.0
97,165,9.9
97,166,55
97,167,55
97,168,0.0
97,169,55
97,170,0.0
97,171,9.9
97,172,9.9
97,173,9.9
97,174,9.9
97,175,0.0
97,176,0.0
97,177,9.9
97,178,9.9
97,179,9.9
97,180,9.9
97,181,0.0
97,182,9.9
97,183,9.9
97,184,9.9
97,185,9.9
97,186,9.9
97,187,0.0
97,188,9.9
97,189,9.9
97,190,9.9
97,191,9.9
97,192,9.9
97,193,0.0
97,194,0.0
97,195,9.9
97,196,0.0
97,197,9.9
97,198,9.9
97,199,9.9
97,200,9.9
97,201,0.0
98,0,9.9
98,1,9.9
98,2,9.9
98,3,0.0
98,4,9.9
98,5,0.0
98,6,0.0
98,7,55
98,8,55
98,9,55
98,10,55
98,11,55
98,12,9.9
98,13,0.0
98,14,55
98,15,55
98,16,9.9
98,17,9.9
98,18,55
98,19,55
98,20,0.0
98,21,55
98,22,0.0
98,23,9.9
98,24,55
98,25,55
98,26,9.9
98,27,9.9
98,28,55
98,29,55
98,30,0.0
98,31,55
98,32,55
98,33,0.0
98,34,0.0
98,35,55
98,36,0.0
98,37,0.0
98,38,55
98,39,55
98,40,55
98,41,0.0
98,42,55
98,43,0.0
98,44,55
98,45,55
98,46,0.0
98,47,0.0
98,48,0.0
98,49,0.0
98,50,55
98,51,55
98,52,55
98,53,55
98,54,9.9
98,55,9.9
98,56,9.9
98,57,55
98,58,55
98,59,0.0
98,60,0.0
98,61,0.0
98,62,0.0
98,63,9.9
98,64,55
98,65,9.9
98,66,9.9
98,67,55
98,68,55
98,69,0.0
98,70,9.9
98,71,55
98,72,55
98,73,9.9
98,74,9.9
98,75,55
98,76,9.9
98,77,9.9
98,78,55
98,79,9.9
98,80,9.9
98,81,55
98,82,55
98,83,55
98,84,55
98,85,55
98,86,55
98,87,9.9
98,88,0.0
98,89,9.9
98,90,9.9
98,91,0.0
98,92,9.9
98,93,9.9
98,94,55
98,95,55
98,96,0.0
98,97,0.0
98,98,9.9
98,99,9.9
98,100,55
98,101,0.0
98,102,9.9
98,103,55
98,104,0.0
98,105,55
98,106,9.9
98,107,9.9
98,108,0.0
98,109,0.0
98,110,55
98,111,0.0
98,112,0.0
98,113,55
98,114,0.0
98,115,55
98,116,55
98,117,55
98,118,55
98,119,55
98,120,0.0
98,121,55
98,122,55
98,123,0.0
98,124,55
98,125,0.0
98,126,55
98,127,55
98,128,55
98,129,0.0
98,130,0.0
98,131,0.0
98,132,55
98,133,0.0
98,134,55
98,135,0.0
98,136,0.0
98,137,0.0
98,138,55
98,139,55
98,140,0.0
98,141,55
98,142,0.0
98,143,9.9
98,144,0.0
98,145,9.9
98,146,55
98,147,55
98,148,9.9
98,149,0.0
98,150,55
98,151,9.9
98,152,0.0
98,153,0.0
98,154,55
98,155,9.9
98,156,55
98,157,0.0
98,158,9.9
98,159,55
98,160,0.0
98,161,0.0
98,162,0.0
98,163,55
98,164,55
98,165,9.9
98,166,55
98,167,0.0
98,168,0.0
98,169,9.9
98,170,0.0
98,171,9.9
98,172,0.0
98,173,0.0
98,174,0.0
98,175,0.0
98,176,9.9
98,177,9.9
98,178,0.0
98,179,0.0
98,180,0.0
98,181,9.9
98,182,9.9
98,183,0.0
98,184,0.0
98,185,0.0
98,186,0.0
98,187,0.0
98,188,9.9
98,189,0.0
98,190,0.0
98,191,0.0
98,192,0.0
98,193,9.9
98,194,0.0
98,195,9.9
98,196,0.0
98,197,9.9
98,198,0.0
98,199,0.0
98,200,0.0
98,201,9.9
99,0,55
99,1,0.0
99,2,0.0
99,3,9.9
99,4,9.9
99,5,55
99,6,55
99,7,9.9
99,8,0.0
99,9,0.0
99,10,9.9
99,11,9.9
99,12,55
99,13,55
99,14,55
99,15,55
99,16,55
99,17,0.0
99,18,55
99,19,55
99,20,55
99,21,9.9
99,22,9.9
99,23,9.9
99,24,55
99,25,55
99,26,55
99,27,0.0
99,28,55
99,29,55
99,30,9.9
99,31,55
99,32,55
99,33,9.9
99,34,55
99,35,9.9
99,36,55
99,37,9.9
99,38,9.9
99,39,0.0
99,40,55
99,41,9.9
99,42,9.9
99,43,55
99,44,9.9
99,45,55
99,46,55
99,47,9.9
99,48,9.9
99,49,9.9
99,50,9.9
99,51,55
99,52,0.0
99,53,9.9
99,54,55
99,55,0.0
99,56,0.0
99,57,0.0
99,58,55
99,59,55
99,60,9.9
99,61,9.9
99,62,0.0
99,63,9.9
99,64,55
99,65,55
99,66,0.0
99,67,55
99,68,9.9
99,69,55
99,70,9.9
99,71,55
99,72,0.0
99,73,55
99,74,0.0
99,75,55
99,76,55
99,77,0.0
99,78,55
99,79,55
99,80,0.0
99,81,55
99,82,9.9
99,83,9.9
99,84,9.9
99,85,55
99,86,9.9
99,87,55
99,88,0.0
99,89,9.9
99,90,0.0
99,91,9.9
99,92,9.9
99,93,0.0
99,94,0.0
99,95,55
99,96,55
99,97,55
99,98,9.9
99,99,0.0
99,100,0.0
99,101,9.9
99,102,9.9
99,103,0.0
99,104,9.9
99,105,55
99,106,55
99,107,0.0
99,108,0.0
99,109,55
99,110,9.9
99,111,0.0
99,112,55
99,113,9.9
99,114,0.0
99,115,9.9
99,116,55
99,117,55
99,118,0.0
99,119,55
99,120,55
99,121,55
99,122,55
99,123,9.9
99,124,9.9
99,125,55
99,126,55
99,127,0.0
99,128,55
99,129,55
99,130,55
99,131,55
99,132,9.9
99,133,9.9
99,134,9.9
99,135,55
99,136,0.0
99,137,0.0
99,138,55
99,139,55
99,140,9.9
99,141,55
99,142,55
99,143,9.9
99,144,55
99,145,9.9
99,146,0.0
99,147,0.0
99,148,55
99,149,0.0
99,150,55
99,151,55
99,152,0.0
99,153,55
99,154,55
99,155,55
99,156,0.0
99,157,55
99,158,9.9
99,159,0.0
99,160,9.9
99,161,55
99,162,55
99,163,55
99,164,0.0
99,165,55
99,166,0.0
99,167,9.9
99,168,0.0
99,169,9.9
99,170,9.9
99,171,9.9
99,172,0.0
99,173,9.9
99,174,9.9
99,175,0.0
99,176,9.9
99,177,0.0
99,178,0.0
99,179,9.9
99,180,9.9
99,181,9.9
99,182,0.0
99,183,0.0
99,184,9.9
99,185,9.9
99,186,9.9
99,187,0.0
99,188,9.9
99,189,0.0
99,190,9.9
99,191,9.9
99,192,9.9
99,193,9.9
99,194,9.9
99,195,9.9
99,196,9.9
99,197,9.9
99,198,0.0
99,199,9.9
99,200,9.9
99,201,9.9
100,0,0.0
100,1,55
100,2,9.9
100,3,9.9
100,4,0.0
100,5,55
100,6,9.9
100,7,55
100,8,55
100,9,55
100,10,9.9
100,11,0.0
100,12,0.0
100,13,9.9
100,14,0.0
100,15,9.9
100,16,55
100,17,55
100,18,9.9
100,19,0.0
100,20,9.9
100,21,55
100,22,0.0
100,23,0.0
100,24,0.0
100,25,0.0
100,26,55
100,27,55
100,28,9.9
100,29,0.0
100,30,55
100,31,55
100,32,9.9
100,33,55
100,34,55
100,35,55
100,36,55
100,37,55
100,38,0.0
100,39,55
100,40,55
100,41,55
100,42,0.0
100,43,55
100,44,55
100,45,0.0
100,46,0.0
100,47,55
100,48,0.0
100,49,0.0
100,50,0.0
100,51,0.0
100,52,9.9
100,53,9.9
100,54,0.0
100,55,55
100,56,9.9
100,57,55
100,58,9.9
100,59,0.0
100,60,55
100,61,0.0
100,62,9.9
100,63,9.9
100,64,0.0
100,65,55
100,66,55
100,67,9.9
100,68,55
100,69,55
100,70,55
100,71,0.0
100,72,9.9
100,73,9.9
100,74,55
100,75,9.9
100,76,55
100,77,55
100,78,9.9
100,79,55
100,80,55
100,81,9.9
100,82,55
100,83,0.0
100,84,0.0
100,85,55
100,86,55
100,87,0.0
100,88,55
100,89,9.9
100,90,0.0
100,91,9.9
100,92,0.0
100,93,0.0
100,94,55
100,95,9.9
100,96,0.0
100,97,9.9
100,98,55
100,99,0.0
100,100,55
100,101,9.9
100,102,0.0
100,103,55
100,104,9.9
100,105,55
100,106,55
100,107,55
100,108,0.0
100,109,55
100,110,55
100,111,9.9
100,112,55
100,113,55
100,114,9.9
100,115,9.9
100,116,0.0
100,117,0.0
100,118,0.0
100,119,55
100,120,0.0
100,121,0.0
100,122,9.9
100,123,55
100,124,0.0
100,125,55
100,126,9.9
100,127,0.0
100,128,55
100,129,9.9
100,130,9.9
100,131,0.0
100,132,55
100,133,0.0
100,134,0.0
100,135,55
100,136,55
100,137,0.0
100,138,55
100,139,9.9
100,140,55
100,141,55
100,142,0.0
100,143,55
100,144,55
100,145,55
100,146,55
100,147,55
100,148,9.9
100,149,55
100,150,55
100,151,55
100,152,55
100,153,55
100,154,9.9
100,155,55
100,156,9.9
100,157,55
100,158,55
100,159,55
100,160,9.9
100,161,55
100,162,0.0
100,163,9.9
100,164,0.0
100,165,9.9
100,166,9.9
100,167,9.9
100,168,9.9
100,169,9.9
100,170,0.0
100,171,0.0
100,172,9.9
100,173,9.9
100,174,0.0
100,175,9.9
100,176,9.9
100,177,0.0
100,178,0.0
100,179,9.9
100,180,0.0
100,181,0.0
100,182,0.0
100,183,0.0
100,184,9.9
100,185,0.0
100,186,0.0
100,187,9.9
100,188,9.9
100,189,9.9
100,190,9.9
100,191,0.0
100,192,0.0
100,193,0.0
100,194,0.0
100,195,0.0
100,196,0.0
100,197,0.0
100,198,9.9
100,199,9.9
100,200,0.0
100,201,0.0
101,0,55
101,1,55
101,2,55
101,3,0.0
101,4,0.0
101,5,9.9
101,6,55
101,7,0.0
101,8,9.9
101,9,9.9
101,10,55
101,11,0.0
101,12,55
101,13,9.9
101,14,55
101,15,9.9
101,16,55
101,17,9.9
101,18,55
101,19,55
101,20,9.9
101,21,0.0
101,22,55
101,23,9.9
101,24,55
101,25,55
101,26,55
101,27,9.9
101,28,55
101,29,55
101,30,9.9
101,31,55
101,32,55
101,33,0.0
101,34,55
101,35,55
101,36,55
101,37,55
101,38,55
101,39,55
101,40,0.0
101,41,55
101,42,55
101,43,9.9
101,44,55
101,45,0.0
101,46,55
101,47,9.9
101,48,55
101,49,9.9
101,50,9.9
101,51,55
101,52,9.9
101,53,0.0
101,54,55
101,55,55
101,56,55
101,57,55
101,58,55
101,59,55
101,60,9.9
101,61,55
101,62,9.9
101,63,0.0
101,64,55
101,65,9.9
101,66,0.0
101,67,55
101,68,0.0
101,69,55
101,70,55
101,71,0.0
101,72,9.9
101,73,0.0
101,74,55
101,75,55
101,76,0.0
101,77,0.0
101,78,55
101,79,0.0
101,80,0.0
101,81,55
101,82,0.0
101,83,55
101,84,9.9
101,85,9.9
101,86,55
101,87,9.9
101,88,55
101,89,55
101,90,9.9
101,91,9.9
101,92,0.0
101,93,0.0
101,94,55
101,95,55
101,96,55
101,97,9.9
101,98,0.0
101,99,55
101,100,55
101,101,55
101,102,0.0
101,103,55
101,104,55
101,105,0.0
101,106,0.0
101,107,9.9
101,108,55
101,109,55
101,110,55
101,111,55
101,112,55
101,113,55
101,114,55
101,115,0.0
101,116,55
101,117,55
101,118,0.0
101,119,55
101,120,0.0
101,121,55
101,122,9.9
101,123,0.0
101,124,55
101,125,9.9
101,126,55
101,127,9.9
101,128,55
101,129,55
101,130,0.0
101,131,55
101,132,9.9
101,133,55
101,134,9.9
101,135,9.9
101,136,9.9
101,137,55
101,138,55
101,139,55
101,140,0.0
101,141,55
101,142,9.9
101,143,9.9
101,144,55
101,145,55
101,146,9.9
101,147,9.9
101,148,55
101,149,55
101,150,0.0
101,151,9.9
101,152,0.0
101,153,9.9
101,154,55
101,155,55
101,156,55
101,157,55
101,158,55
101,159,9.9
101,160,55
101,161,0.0
101,162,9.9
101,163,9.9
101,164,9.9
101,165,9.9
101,166,0.0
101,167,0.0
101,168,0.0
101,169,0.0
101,170,0.0
101,171,9.9
101,172,9.9
101,173,0.0
101,174,0.0
101,175,9.9
101,176,0.0
101,177,9.9
101,178,0.0
101,179,9.9
101,180,0.0
101,181,9.9
101,182,0.0
101,183,0.0
101,184,9.9
101,185,0.0
101,186,9.9
101,187,9.9
101,188,0.0
101,189,0.0
101,190,0.0
101,191,0.0
101,192,9.9
101,193,9.9
101,194,9.9
101,195,9.9
101,196,9.9
101,197,9.9
101,198,9.9
101,199,0.0
101,200,0.0
101,201,9.9
102,0,0.0
102,1,9.9
102,2,55
102,3,55
102,4,0.0
102,5,9.9
102,6,0.0
102,7,0.0
102,8,9.9
102,9,0.0
102,10,0.0
102,11,55
102,12,55
102,13,55
102,14,55
102,15,55
102,16,0.0
102,17,55
102,18,0.0
102,19,9.9
102,20,55
102,21,55
102,22,55
102,23,55
102,24,55
102,25,0.0
102,26,9.9
102,27,55
102,28,0.0
102,29,9.9
102,30,55
102,31,0.0
102,32,55
102,33,0.0
102,34,55
102,35,55
102,36,55
102,37,55
102,38,0.0
102,39,0.0
102,40,0.0
102,41,55
102,42,9.9
102,43,55
102,44,0.0
102,45,55
102,46,55
102,47,55
102,48,55
102,49,55
102,50,0.0
102,51,55
102,52,55
102,53,0.0
102,54,55
102,55,0.0
102,56,55
102,57,55
102,58,55
102,59,9.9
102,60,55
102,61,55
102,62,55
102,63,0.0
102,64,55
102,65,55
102,66,55
102,67,9.9
102,68,0.0
102,69,9.9
102,70,55
102,71,55
102,72,9.9
102,73,0.0
102,74,9.9
102,75,55
102,76,9.9
102,77,55
102,78,9.9
102,79,0.0
102,80,55
102,81,9.9
102,82,9.9
102,83,55
102,84,55
102,85,0.0
102,86,0.0
102,87,55
102,88,55
102,89,55
102,90,55
102,91,0.0
102,92,9.9
102,93,0.0
102,94,55
102,95,55
102,96,9.9
102,97,55
102,98,55
102,99,55
102,100,0.0
102,101,55
102,102,55
102,103,55
102,104,55
102,105,9.9
102,106,55
102,107,9.9
102,108,55
102,109,9.9
102,110,9.9
102,111,55
102,112,55
102,113,0.0
102,114,55
102,115,55
102,116,55
102,117,9.9
102,118,55
102,119,55
102,120,55
102,121,55
102,122,55
102,123,55
102,124,55
102,125,55
102,126,0.0
102,127,55
102,128,55
102,129,55
102,130,55
102,131,55
102,132,55
102,133,55
102,134,55
102,135,0.0
102,136,0.0
102,137,55
102,138,9.9
102,139,55
102,140,9.9
102,141,9.9
102,142,55
102,143,0.0
102,144,0.0
102,145,55
102,146,55
102,147,0.0
102,148,0.0
102,149,55
102,150,9.9
102,151,9.9
102,152,55
102,153,9.9
102,154,0.0
102,155,55
102,156,55
102,157,55
102,158,0.0
102,159,55
102,160,0.0
102,161,0.0
102,162,9.9
102,163,0.0
102,164,0.0
102,165,0.0
102,166,0.0
102,167,9.9
102,168,9.9
102,169,9.9
102,170,0.0
102,171,9.9
102,172,0.0
102,173,0.0
102,174,0.0
102,175,9.9
102,176,0.0
102,177,9.9
102,178,9.9
102,179,9.9
102,180,9.9
102,181,9.9
102,182,9.9
102,183,0.0
102,184,9.9
102,185,9.9
102,186,9.9
102,187,0.0
102,188,0.0
102,189,9.9
102,190,9.9
102,191,0.0
102,192,9.9
102,193,0.0
102,194,0.0
102,195,0.0
102,196,0.0
102,197,0.0
102,198,0.0
102,199,0.0
102,200,0.0
102,201,9.9
103,0,9.9
103,1,9.9
103,2,55
103,3,9.9
103,4,55
103,5,9.9
103,6,55
103,7,0.0
103,8,9.9
103,9,0.0
103,10,55
103,11,55
103,12,0.0
103,13,55
103,14,55
103,15,55
103,16,9.9
103,17,9.9
103,18,0.0
103,19,9.9
103,20,0.0
103,21,9.9
103,22,0.0
103,23,55
103,24,55
103,25,9.9
103,26,9.9
103,27,0.0
103,28,9.9
103,29,9.9
103,30,0.0
103,31,0.0
103,32,9.9
103,33,55
103,34,55
103,35,9.9
103,36,55
103,37,55
103,38,9.9
103,39,55
103,40,0.0
103,41,55
103,42,55
103,43,0.0
103,44,0.0
103,45,55
103,46,9.9
103,47,55
103,48,55
103,49,55
103,50,55
103,51,9.9
103,52,55
103,53,55
103,54,55
103,55,0.0
103,56,55
103,57,55
103,58,55
103,59,55
103,60,0.0
103,61,55
103,62,55
103,63,55
103,64,55
103,65,55
103,66,0.0
103,67,55
103,68,9.9
103,69,9.9
103,70,0.0
103,71,9.9
103,72,55
103,73,9.9
103,74,9.9
103,75,0.0
103,76,55
103,77,55
103,78,55
103,79,9.9
103,80,55
103,81,55
103,82,0.0
103,83,55
103,84,55
103,85,55
103,86,55
103,87,9.9
103,88,55
103,89,0.0
103,90,55
103,91,55
103,92,9.9
103,93,9.9
103,94,55
103,95,9.9
103,96,55
103,97,0.0
103,98,9.9
103,99,9.9
103,100,0.0
103,101,55
103,102,0.0
103,103,9.9
103,104,9.9
103,105,55
103,106,55
103,107,55
103,108,0.0
103,109,55
103,110,0.0
103,111,55
103,112,55
103,113,9.9
103,114,55
103,115,9.9
103,116,9.9
103,117,55
103,118,55
103,119,9.9
103,120,0.0
103,121,0.0
103,122,55
103,123,0.0
103,124,0.0
103,125,55
103,126,0.0
103,127,9.9
103,128,55
103,129,0.0
103,130,9.9
103,131,9.9
103,132,55
103,133,55
103,134,55
103,135,55
103,136,9.9
103,137,9.9
103,138,55
103,139,55
103,140,55
103,141,0.0
103,142,0.0
103,143,55
103,144,55
103,145,9.9
103,146,55
103,147,55
103,148,55
103,149,55
103,150,55
103,151,0.0
103,152,55
103,153,55
103,154,55
103,155,9.9
103,156,55
103,157,0.0
103,158,0.0
103,159,9.9
103,160,9.9
103,161,0.0
103,162,9.9
103,163,0.0
103,164,9.9
103,165,9.9
103,166,0.0
103,167,9.9
103,168,0.0
103,169,0.0
103,170,9.9
103,171,9.9
103,172,0.0
103,173,0.0
103,174,0.0
103,175,9.9
103,176,9.9
103,177,9.9
103,178,0.0
103,179,0.0
103,180,0.0
103,181,0.0
103,182,0.0
103,183,9.9
103,184,9.9
103,185,0.0
103,186,0.0
103,187,0.0
103,188,0.0
103,189,9.9
103,190,0.0
103,191,9.9
103,192,9.9
103,193,0.0
103,194,9.9
103,195,9.9
103,196,9.9
103,197,9.9
103,198,9.9
103,199,0.0
103,200,0.0
103,201,9.9
104,0,0.0
104,1,0.0
104,2,0.0
104,3,55
104,4,55
104,5,55
104,6,55
104,7,55
104,8,9.9
104,9,9.9
104,10,55
104,11,0.0
104,12,0.0
104,13,55
104,14,55
104,15,55
104,16,55
104,17,0.0
104,18,9.9
104,19,9.9
104,20,55
104,21,9.9
104,22,55
104,23,55
104,24,55
104,25,55
104,26,0.0
104,27,55
104,28,9.9
104,29,0.0
104,30,55
104,31,0.0
104,32,9.9
104,33,55
104,34,0.0
104,35,55
104,36,55
104,37,55
104,38,55
104,39,55
104,40,55
104,41,55
104,42,55
104,43,9.9
104,44,0.0
104,45,55
104,46,55
104,47,55
104,48,55
104,49,55
104,50,0.0
104,51,55
104,52,0.0
104,53,9.9
104,54,9.9
104,55,55
104,56,55
104,57,9.9
104,58,55
104,59,55
104,60,0.0
104,61,55
104,62,55
104,63,9.9
104,64,0.0
104,65,9.9
104,66,0.0
104,67,9.9
104,68,55
104,69,0.0
104,70,55
104,71,9.9
104,72,0.0
104,73,55
104,74,0.0
104,75,55
104,76,9.9
104,77,55
104,78,55
104,79,55
104,80,55
104,81,55
104,82,55
104,83,9.9
104,84,0.0
104,85,9.9
104,86,9.9
104,87,55
104,88,0.0
104,89,9.9
104,90,55
104,91,9.9
104,92,55
104,93,0.0
104,94,55
104,95,55
104,96,0.0
104,97,9.9
104,98,9.9
104,99,0.0
104,100,9.9
104,101,55
104,102,0.0
104,103,9.9
104,104,0.0
104,105,0.0
104,106,55
104,107,55
104,108,9.9
104,109,9.9
104,110,55
104,111,9.9
104,112,0.0
104,113,55
104,114,55
104,115,55
104,116,0.0
104,117,0.0
104,118,55
104,119,55
104,120,55
104,121,55
104,122,55
104,123,0.0
104,124,55
104,125,55
104,126,55
104,127,9.9
104,128,0.0
104,129,9.9
104,130,9.9
104,131,0.0
104,132,55
104,133,9.9
104,134,55
104,135,0.0
104,136,55
104,137,0.0
104,138,0.0
104,139,55
104,140,55
104,141,55
104,142,55
104,143,55
104,144,0.0
104,145,55
104,146,0.0
104,147,0.0
104,148,0.0
104,149,9.9
104,150,55
104,151,55
104,152,9.9
104,153,55
104,154,9.9
104,155,55
104,156,0.0
104,157,9.9
104,158,0.0
104,159,9.9
104,160,0.0
104,161,9.9
104,162,9.9
104,163,9.9
104,164,9.9
104,165,0.0
104,166,9.9
104,167,9.9
104,168,0.0
104,169,9.9
104,170,9.9
104,171,0.0
104,172,9.9
104,173,0.0
104,174,0.0
104,175,9.9
104,176,0.0
104,177,0.0
104,178,0.0
104,179,9.9
104,180,9.9
104,181,9.9
104,182,9.9
104,183,9.9
104,184,0.0
104,185,0.0
104,186,9.9
104,187,0.0
104,188,0.0
104,189,9.9
104,190,0.0
104,191,9.9
104,192,0.0
104,193,9.9
104,194,9.9
104,195,0.0
104,196,0.0
104,197,0.0
104,198,0.0
104,199,9.9
104,200,0.0
104,201,9.9
105,0,0.0
105,1,9.9
105,2,55
105,3,9.9
105,4,55
105,5,55
105,6,55
105,7,9.9
105,8,55
105,9,0.0
105,10,55
105,11,0.0
105,12,0.0
105,13,55
105,14,9.9
105,15,55
105,16,55
105,17,55
105,18,9.9
105,19,0.0
105,20,55
105,21,55
105,22,55
105,23,0.0
105,24,9.9
105,25,55
105,26,55
105,27,55
105,28,55
105,29,0.0
105,30,55
105,31,55
105,32,9.9
105,33,0.0
105,34,9.9
105,35,9.9
105,36,55
105,37,0.0
105,38,55
105,39,55
105,40,9.9
105,41,9.9
105,42,9.9
105,43,55
105,44,9.9
105,45,55
105,46,55
105,47,55
105,48,0.0
105,49,55
105,50,9.9
105,51,9.9
105,52,9.9
105,53,9.9
105,54,0.0
105,55,55
105,56,9.9
105,57,55
105,58,55
105,59,55
105,60,55
105,61,55
105,62,9.9
105,63,55
105,64,55
105,65,9.9
105,66,9.9
105,67,9.9
105,68,0.0
105,69,55
105,70,55
105,71,55
105,72,55
105,73,9.9
105,74,55
105,75,55
105,76,55
105,77,0.0
105,78,55
105,79,55
105,80,55
105,81,0.0
105,82,9.9
105,83,55
105,84,55
105,85,9.9
105,86,0.0
105,87,0.0
105,88,9.9
105,89,9.9
105,90,55
105,91,55
105,92,0.0
105,93,55
105,94,9.9
105,95,55
105,96,9.9
105,97,9.9
105,98,0.0
105,99,0.0
105,100,9.9
105,101,55
105,102,55
105,103,9.9
105,104,0.0
105,105,55
105,106,55
105,107,55
105,108,55
105,109,0.0
105,110,55
105,111,55
105,112,55
105,113,9.9
105,114,55
105,115,55
105,116,55
105,117,55
105,118,55
105,119,55
105,120,0.0
105,121,9.9
105,122,9.9
105,123,55
105,124,55
105,125,9.9
105,126,0.0
105,127,55
105,128,55
105,129,9.9
105,130,0.0
105,131,0.0
105,132,9.9
105,133,55
105,134,55
105,135,0.0
105,136,9.9
105,137,55
105,138,55
105,139,55
105,140,55
105,141,0.0
105,142,9.9
105,143,9.9
105,144,0.0
105,145,9.9
105,146,9.9
105,147,55
105,148,55
105,149,9.9
105,150,55
105,151,9.9
105,152,55
105,153,0.0
105,154,55
105,155,0.0
105,156,0.0
105,157,9.9
105,158,9.9
105,159,9.9
105,160,0.0
105,161,9.9
105,162,0.0
105,163,0.0
105,164,0.0
105,165,0.0
105,166,9.9
105,167,0.0
105,168,9.9
105,169,9.9
105,170,0.0
105,171,0.0
105,172,9.9
105,173,9.9
105,174,0.0
105,175,9.9
105,176,0.0
105,177,9.9
105,178,0.0
105,179,9.9
105,180,0.0
105,181,0.0
105,182,0.0
105,183,0.0
105,184,0.0
105,185,0.0
105,186,9.9
105,187,9.9
105,188,0.0
105,189,9.9
105,190,9.9
105,191,9.9
105,192,0.0
105,193,9.9
105,194,0.0
105,195,0.0
105,196,9.9
105,197,9.9
105,198,9.9
105,199,9.9
105,200,9.9
105,201,9.9
106,0,55
106,1,9.9
106,2,55
106,3,55
106,4,0.0
106,5,55
106,6,0.0
106,7,55
106,8,0.0
106,9,55
106,10,9.9
106,11,55
106,12,0.0
106,13,55
106,14,55
106,15,55
106,16,55
106,17,0.0
106,18,55
106,19,0.0
106,20,9.9
106,21,55
106,22,55
106,23,9.9
106,24,9.9
106,25,55
106,26,9.9
106,27,9.9
106,28,55
106,29,55
106,30,55
106,31,0.0
106,32,55
106,33,55
106,34,9.9
106,35,0.0
106,36,0.0
106,37,9.9
106,38,55
106,39,55
106,40,55
106,41,0.0
106,42,0.0
106,43,0.0
106,44,55
106,45,55
106,46,9.9
106,47,55
106,48,9.9
106,49,55
106,50,55
106,51,0.0
106,52,0.0
106,53,0.0
106,54,0.0
106,55,9.9
106,56,55
106,57,0.0
106,58,55
106,59,0.0
106,60,0.0
106,61,0.0
106,62,55
106,63,0.0
106,64,9.9
106,65,55
106,66,0.0
106,67,0.0
106,68,55
106,69,55
106,70,0.0
106,71,55
106,72,9.9
106,73,55
106,74,55
106,75,0.0
106,76,55
106,77,0.0
106,78,9.9
106,79,55
106,80,55
106,81,9.9
106,82,9.9
106,83,0.0
106,84,0.0
106,85,55
106,86,0.0
106,87,55
106,88,9.9
106,89,0.0
106,90,0.0
106,91,55
106,92,9.9
106,93,55
106,94,55
106,95,0.0
106,96,55
106,97,0.0
106,98,0.0
106,99,0.0
106,100,9.9
106,101,0.0
106,102,9.9
106,103,55
106,104,9.9
106,105,55
106,106,9.9
106,107,9.9
106,108,55
106,109,55
106,110,9.9
106,111,55
106,112,9.9
106,113,55
106,114,0.0
106,115,55
106,116,0.0
106,117,9.9
106,118,9.9
106,119,9.9
106,120,0.0
106,121,9.9
106,122,0.0
106,123,55
106,124,0.0
106,125,55
106,126,55
106,127,9.9
106,128,0.0
106,129,55
106,130,0.0
106,131,0.0
106,132,9.9
106,133,0.0
106,134,55
106,135,55
106,136,9.9
106,137,55
106,138,0.0
106,139,9.9
106,140,9.9
106,141,0.0
106,142,9.9
106,143,0.0
106,144,9.9
106,145,9.9
106,146,0.0
106,147,55
106,148,0.0
106,149,55
106,150,0.0
106,151,55
106,152,0.0
106,153,0.0
106,154,9.9
106,155,0.0
106,156,0.0
106,157,9.9
106,158,0.0
106,159,0.0
106,160,9.9
106,161,9.9
106,162,0.0
106,163,9.9
106,164,9.9
106,165,0.0
106,166,9.9
106,167,0.0
106,168,9.9
106,169,0.0
106,170,0.0
106,171,0.0
106,172,9.9
106,173,0.0
106,174,9.9
106,175,9.9
106,176,9.9
106,177,9.9
106,178,9.9
106,179,9.9
106,180,0.0
106,181,9.9
106,182,9.9
106,183,9.9
106,184,0.0
106,185,0.0
106,186,9.9
106,187,0.0
106,188,9.9
106,189,9.9
106,190,0.0
106,191,0.0
106,192,9.9
106,193,9.9
106,194,0.0
106,195,0.0
106,196,9.9
106,197,0.0
106,198,0.0
106,199,0.0
106,200,0.0
106,201,0.0
107,0,0.0
107,1,55
107,2,0.0
107,3,55
107,4,9.9
107,5,9.9
107,6,9.9
107,7,9.9
107,8,9.9
107,9,55
107,10,55
107,11,55
107,12,55
107,13,55
107,14,55
107,15,55
107,16,0.0
107,17,0.0
107,18,9.9
107,19,55
107,20,9.9
107,21,0.0
107,22,0.0
107,23,55
107,24,0.0
107,25,0.0
107,26,55
107,27,0.0
107,28,55
107,29,0.0
107,30,0.0
107,31,0.0
107,32,9.9
107,33,9.9
107,34,55
107,35,0.0
107,36,55
107,37,9.9
107,38,55
107,39,9.9
107,40,55
107,41,55
107,42,9.9
107,43,55
107,44,9.9
107,45,55
107,46,55
107,47,55
107,48,55
107,49,55
107,50,55
107,51,55
107,52,9.9
107,53,9.9
107,54,0.0
107,55,9.9
107,56,0.0
107,57,0.0
107,58,9.9
107,59,9.9
107,60,55
107,61,55
107,62,9.9
107,63,9.9
107,64,9.9
107,65,0.0
107,66,55
107,67,9.9
107,68,55
107,69,0.0
107,70,0.0
107,71,55
107,72,55
107,73,0.0
107,74,55
107,75,9.9
107,76,55
107,77,55
107,78,9.9
107,79,0.0
107,80,55
107,81,55
107,82,0.0
107,83,55
107,84,55
107,85,9.9
107,86,55
107,87,55
107,88,55
107,89,0.0
107,90,55
107,91,9.9
107,92,55
107,93,55
107,94,55
107,95,0.0
107,96,9.9
107,97,55
107,98,0.0
107,99,0.0
107,100,9.9
107,101,55
107,102,9.9
107,103,0.0
107,104,55
107,105,55
107,106,55
107,107,0.0
107,108,55
107,109,9.9
107,110,55
107,111,0.0
107,112,55
107,113,0.0
107,114,0.0
107,115,9.9
107,116,9.9
107,117,9.9
107,118,0.0
107,119,0.0
107,120,9.9
107,121,9.9
107,122,0.0
107,123,9.9
107,124,9.9
107,125,9.9
107,126,9.9
107,127,55
107,128,55
107,129,9.9
107,130,55
107,131,0.0
107,132,9.9
107,133,55
107,134,55
107,135,0.0
107,136,55
107,137,0.0
107,138,9.9
107,139,9.9
107,140,0.0
107,141,9.9
107,142,9.9
107,143,0.0
107,144,9.9
107,145,0.0
107,146,0.0
107,147,9.9
107,148,9.9
107,149,9.9
107,150,0.0
107,151,9.9
107,152,0.0
107,153,0.0
107,154,9.9
107,155,9.9
107,156,0.0
107,157,9.9
107,158,0.0
107,159,9.9
107,160,9.9
107,161,0.0
107,162,9.9
107,163,9.9
107,164,0.0
107,165,9.9
107,166,9.9
107,167,9.9
107,168,9.9
107,169,0.0
107,170,0.0
107,171,0.0
107,172,9.9
107,173,0.0
107,174,9.9
107,175,0.0
107,176,0.0
107,177,0.0
107,178,0.0
107,179,0.0
107,180,9.9
107,181,9.9
107,182,0.0
107,183,0.0
107,184,9.9
107,185,0.0
107,186,9.9
107,187,0.0
107,188,9.9
107,189,0.0
107,190,0.0
107,191,9.9
107,192,9.9
107,193,0.0
107,194,9.9
107,195,0.0
107,196,9.9
107,197,0.0
107,198,9.9
107,199,9.9
107,200,9.9
107,201,9.9
108,0,55
108,1,9.9
108,2,0.0
108,3,9.9
108,4,55
108,5,0.0
108,6,0.0
108,7,0.0
108,8,0.0
108,9,55
108,10,55
108,11,55
108,12,9.9
108,13,0.0
108,14,9.9
108,15,55
108,16,9.9
108,17,0.0
108,18,9.9
108,19,55
108,20,55
108,21,55
108,22,55
108,23,9.9
108,24,55
108,25,55
108,26,9.9
108,27,55
108,28,9.9
108,29,9.9
108,30,55
108,31,0.0
108,32,9.9
108,33,0.0
108,34,0.0
108,35,55
108,36,55
108,37,55
108,38,0.0
108,39,55
108,40,55
108,41,9.9
108,42,55
108,43,55
108,44,55
108,45,0.0
108,46,55
108,47,55
108,48,55
108,49,55
108,50,0.0
108,51,9.9
108,52,55
108,53,0.0
108,54,9.9
108,55,9.9
108,56,55
108,57,0.0
108,58,9.9
108,59,0.0
108,60,55
108,61,0.0
108,62,55
108,63,0.0
108,64,0.0
108,65,55
108,66,55
108,67,55
108,68,55
108,69,0.0
108,70,0.0
108,71,55
108,72,55
108,73,9.9
108,74,55
108,75,55
108,76,55
108,77,0.0
108,78,55
108,79,55
108,80,9.9
108,81,55
108,82,55
108,83,55
108,84,9.9
108,85,55
108,86,55
108,87,9.9
108,88,55
108,89,55
108,90,55
108,91,55
108,92,0.0
108,93,55
108,94,0.0
108,95,55
108,96,9.9
108,97,55
108,98,55
108,99,0.0
108,100,9.9
108,101,55
108,102,55
108,103,55
108,104,9.9
108,105,55
108,106,55
108,107,55
108,108,9.9
108,109,55
108,110,0.0
108,111,9.9
108,112,9.9
108,113,0.0
108,114,0.0
108,115,9.9
108,116,0.0
108,117,0.0
108,118,0.0
108,119,9.9
108,120,9.9
108,121,0.0
108,122,9.9
108,123,9.9
108,124,0.0
108,125,0.0
108,126,0.0
108,127,0.0
108,128,0.0
108,129,55
108,130,55
108,131,55
108,132,9.9
108,133,55
108,134,0.0
108,135,0.0
108,136,9.9
108,137,9.9
108,138,9.9
108,139,0.0
108,140,0.0
108,141,9.9
108,142,0.0
108,143,9.9
108,144,9.9
108,145,0.0
108,146,0.0
108,147,9.9
108,148,0.0
108,149,0.0
108,150,9.9
108,151,9.9
108,152,9.9
108,153,0.0
108,154,9.9
108,155,0.0
108,156,9.9
108,157,9.9
108,158,9.9
108,159,9.9
108,160,0.0
108,161,0.0
108,162,9.9
108,163,0.0
108,164,0.0
108,165,9.9
108,166,0.0
108,167,0.0
108,168,0.0
108,169,9.9
108,170,0.0
108,171,0.0
108,172,9.9
108,173,9.9
108,174,9.9
108,175,0.0
108,176,9.9
108,177,9.9
108,178,9.9
108,179,9.9
108,180,9.9
108,181,0.0
108,182,0.0
108,183,9.9
108,184,9.9
108,185,9.9
108,186,9.9
108,187,9.9
108,188,9.9
108,189,0.0
108,190,0.0
108,191,9.9
108,192,0.0
108,193,0.0
108,194,9.9
108,195,9.9
108,196,9.9
108,197,9.9
108,198,9.9
108,199,0.0
108,200,0.0
108,201,0.0
109,0,0.0
109,1,55
109,2,9.9
109,3,9.9
109,4,0.0
109,5,55
109,6,9.9
109,7,9.9
109,8,9.9
109,9,9.9
109,10,0.0
109,11,9.9
109,12,55
109,13,55
109,14,9.9
109,15,55
109,16,55
109,17,9.9
109,18,9.9
109,19,0.0
109,20,55
109,21,9.9
109,22,9.9
109,23,55
109,24,55
109,25,0.0
109,26,55
109,27,55
109,28,55
109,29,0.0
109,30,55
109,31,55
109,32,9.9
109,33,0.0
109,34,55
109,35,55
109,36,9.9
109,37,55
109,38,0.0
109,39,9.9
109,40,55
109,41,55
109,42,0.0
109,43,55
109,44,55
109,45,9.9
109,46,9.9
109,47,0.0
109,48,55
109,49,55
109,50,9.9
109,51,9.9
109,52,0.0
109,53,55
109,54,9.9
109,55,0.0
109,56,55
109,57,55
109,58,9.9
109,59,0.0
109,60,9.9
109,61,9.9
109,62,9.9
109,63,55
109,64,9.9
109,65,55
109,66,0.0
109,67,55
109,68,55
109,69,55
109,70,0.0
109,71,55
109,72,9.9
109,73,55
109,74,55
109,75,55
109,76,55
109,77,9.9
109,78,9.9
109,79,0.0
109,80,55
109,81,0.0
109,82,0.0
109,83,9.9
109,84,55
109,85,0.0
109,86,55
109,87,55
109,88,55
109,89,0.0
109,90,9.9
109,91,55
109,92,9.9
109,93,55
109,94,0.0
109,95,55
109,96,55
109,97,0.0
109,98,9.9
109,99,55
109,100,9.9
109,101,0.0
109,102,55
109,103,9.9
109,104,55
109,105,0.0
109,106,55
109,107,0.0
109,108,55
109,109,0.0
109,110,0.0
109,111,9.9
109,112,0.0
109,113,9.9
109,114,0.0
109,115,9.9
109,116,0.0
109,117,9.9
109,118,0.0
109,119,9.9
109,120,0.0
109,121,0.0
109,122,9.9
109,123,0.0
109,124,0.0
109,125,9.9
109,126,9.9
109,127,55
109,128,55
109,129,9.9
109,130,55
109,131,9.9
109,132,55
109,133,0.0
109,134,9.9
109,135,0.0
109,136,9.9
109,137,0.0
109,138,0.0
109,139,0.0
109,140,0.0
109,141,9.9
109,142,0.0
109,143,9.9
109,144,0.0
109,145,9.9
109,146,0.0
109,147,9.9
109,148,0.0
109,149,9.9
109,150,9.9
109,151,0.0
109,152,0.0
109,153,9.9
109,154,9.9
109,155,0.0
109,156,9.9
109,157,0.0
109,158,0.0
109,159,0.0
109,160,0.0
109,161,0.0
109,162,9.9
109,163,0.0
109,164,0.0
109,165,9.9
109,166,0.0
109,167,9.9
109,168,9.9
109,169,9.9
109,170,9.9
109,171,0.0
109,172,9.9
109,173,0.0
109,174,0.0
109,175,9.9
109,176,9.9
109,177,0.0
109,178,0.0
109,179,0.0
109,180,0.0
109,181,0.0
109,182,0.0
109,183,9.9
109,184,0.0
109,185,0.0
109,186,0.0
109,187,0.0
109,188,0.0
109,189,9.9
109,190,0.0
109,191,9.9
109,192,0.0
109,193,0.0
109,194,9.9
109,195,0.0
109,196,0.0
109,197,0.0
109,198,0.0
109,199,0.0
109,200,9.9
109,201,9.9
110,0,0.0
110,1,9.9
110,2,55
110,3,0.0
110,4,55
110,5,55
110,6,55
110,7,0.0
110,8,0.0
110,9,0.0
110,10,55
110,11,9.9
110,12,0.0
110,13,9.9
110,14,55
110,15,0.0
110,16,55
110,17,55
110,18,0.0
110,19,55
110,20,9.9
110,21,55
110,22,0.0
110,23,0.0
110,24,55
110,25,9.9
110,26,9.9
110,27,55
110,28,55
110,29,55
110,30,9.9
110,31,9.9
110,32,55
110,33,9.9
110,34,55
110,35,0.0
110,36,55
110,37,55
110,38,55
110,39,9.9
110,40,55
110,41,55
110,42,0.0
110,43,55
110,44,55
110,45,55
110,46,0.0
110,47,55
110,48,55
110,49,55
110,50,55
110,51,0.0
110,52,55
110,53,55
110,54,55
110,55,0.0
110,56,9.9
110,57,9.9
110,58,55
110,59,9.9
110,60,9.9
110,61,0.0
110,62,0.0
110,63,55
110,64,55
110,65,55
110,66,0.0
110,67,55
110,68,9.9
110,69,0.0
110,70,55
110,71,55
110,72,55
110,73,0.0
110,74,55
110,75,0.0
110,76,55
110,77,55
110,78,0.0
110,79,55
110,80,9.9
110,81,0.0
110,82,55
110,83,9.9
110,84,0.0
110,85,9.9
110,86,55
110,87,55
110,88,55
110,89,9.9
110,90,9.9
110,91,55
110,92,55
110,93,55
110,94,55
110,95,55
110,96,55
110,97,0.0
110,98,9.9
110,99,55
110,100,55
110,101,55
110,102,9.9
110,103,55
110,104,0.0
110,105,0.0
110,106,9.9
110,107,9.9
110,108,9.9
110,109,0.0
110,110,0.0
110,111,9.9
110,112,0.0
110,113,9.9
110,114,9.9
110,115,9.9
110,116,9.9
110,117,9.9
110,118,9.9
110,119,9.9
110,120,0.0
110,121,0.0
110,122,9.9
110,123,0.0
110,124,0.0
110,125,9.9
110,126,0.0
110,127,55
110,128,0.0
110,129,55
110,130,0.0
110,131,55
110,132,0.0
110,133,9.9
110,134,9.9
110,135,9.9
110,136,9.9
110,137,0.0
110,138,9.9
110,139,0.0
110,140,0.0
110,141,9.9
110,142,9.9
110,143,9.9
110,144,0.0
110,145,9.9
110,146,9.9
110,147,9.9
110,148,9.9
110,149,9.9
110,150,0.0
110,151,0.0
110,152,9.9
110,153,9.9
110,154,0.0
110,155,9.9
110,156,9.9
110,157,0.0
110,158,9.9
110,159,9.9
110,160,0.0
110,161,0.0
110,162,9.9
110,163,9.9
110,164,0.0
110,165,9.9
110,166,9.9
110,167,9.9
110,168,0.0
110,169,0.0
110,170,0.0
110,171,9.9
110,172,9.9
110,173,0.0
110,174,9.9
110,175,9.9
110,176,0.0
110,177,0.0
110,178,9.9
110,179,9.9
110,180,9.9
110,181,0.0
110,182,0.0
110,183,9.9
110,184,0.0
110,185,9.9
110,186,9.9
110,187,9.9
110,188,9.9
110,189,9.9
110,190,9.9
110,191,9.9
110,192,9.9
110,193,0.0
110,194,9.9
110,195,0.0
110,196,9.9
110,197,9.9
110,198,9.9
110,199,0.0
110,200,9.9
110,201,0.0
111,0,0.0
111,1,9.9
111,2,0.0
111,3,55
111,4,55
111,5,0.0
111,6,55
111,7,55
111,8,9.9
111,9,9.9
111,10,55
111,11,55
111,12,55
111,13,9.9
111,14,0.0
111,15,9.9
111,16,9.9
111,17,55
111,18,55
111,19,55
111,20,55
111,21,0.0
111,22,55
111,23,55
111,24,9.9
111,25,55
111,26,0.0
111,27,0.0
111,28,55
111,29,0.0
111,30,55
111,31,0.0
111,32,0.0
111,33,55
111,34,55
111,35,0.0
111,36,9.9
111,37,55
111,38,9.9
111,39,55
111,40,0.0
111,41,0.0
111,42,55
111,43,55
111,44,9.9
111,45,55
111,46,55
111,47,55
111,48,0.0
111,49,9.9
111,50,55
111,51,55
111,52,55
111,53,0.0
111,54,55
111,55,55
111,56,9.9
111,57,0.0
111,58,0.0
111,59,55
111,60,0.0
111,61,0.0
111,62,9.9
111,63,9.9
111,64,55
111,65,55
111,66,55
111,67,55
111,68,55
111,69,55
111,70,55
111,71,0.0
111,72,55
111,73,9.9
111,74,9.9
111,75,9.9
111,76,55
111,77,55
111,78,55
111,79,55
111,80,55
111,81,9.9
111,82,55
111,83,55
111,84,55
111,85,9.9
111,86,55
111,87,9.9
111,88,9.9
111,89,55
111,90,0.0
111,91,0.0
111,92,55
111,93,55
111,94,9.9
111,95,0.0
111,96,9.9
111,97,55
111,98,9.9
111,99,0.0
111,100,55
111,101,9.9
111,102,55
111,103,0.0
111,104,0.0
111,105,0.0
111,106,9.9
111,107,0.0
111,108,0.0
111,109,9.9
111,110,0.0
111,111,9.9
111,112,9.9
111,113,9.9
111,114,0.0
111,115,0.0
111,116,0.0
111,117,0.0
111,118,0.0
111,119,0.0
111,120,9.9
111,121,0.0
111,122,9.9
111,123,9.9
111,124,0.0
111,125,9.9
111,126,0.0
111,127,9.9
111,128,9.9
111,129,9.9
111,130,9.9
111,131,9.9
111,132,0.0
111,133,9.9
111,134,0.0
111,135,0.0
111,136,0.0
111,137,9.9
111,138,9.9
111,139,9.9
111,140,0.0
111,141,9.9
111,142,0.0
111,143,0.0
111,144,9.9
111,145,9.9
111,146,0.0
111,147,0.0
111,148,0.0
111,149,0.0
111,150,0.0
111,151,0.0
111,152,9.9
111,153,0.0
111,154,0.0
111,155,9.9
111,156,0.0
111,157,9.9
111,158,9.9
111,159,0.0
111,160,9.9
111,161,0.0
111,162,9.9
111,163,0.0
111,164,9.9
111,165,9.9
111,166,0.0
111,167,0.0
111,168,0.0
111,169,9.9
111,170,9.9
111,171,9.9
111,172,0.0
111,173,9.9
111,174,9.9
111,175,0.0
111,176,0.0
111,177,0.0
111,178,9.9
111,179,0.0
111,180,0.0
111,181,9.9
111,182,0.0
111,183,9.9
111,184,9.9
111,185,9.9
111,186,0.0
111,187,0.0
111,188,0.0
111,189,0.0
111,190,0.0
111,191,0.0
111,192,0.0
111,193,9.9
111,194,9.9
111,195,9.9
111,196,9.9
111,197,0.0
111,198,0.0
111,199,9.9
111,200,9.9
111,201,0.0
112,0,9.9
112,1,9.9
112,2,55
112,3,55
112,4,9.9
112,5,0.0
112,6,55
112,7,9.9
112,8,55
112,9,0.0
112,10,55
112,11,55
112,12,9.9
112,13,55
112,14,55
112,15,9.9
112,16,0.0
112,17,0.0
112,18,0.0
112,19,9.9
112,20,55
112,21,0.0
112,22,55
112,23,0.0
112,24,55
112,25,0.0
112,26,55
112,27,55
112,28,9.9
112,29,9.9
112,30,9.9
112,31,55
112,32,55
112,33,9.9
112,34,55
112,35,55
112,36,9.9
112,37,0.0
112,38,55
112,39,0.0
112,40,0.0
112,41,55
112,42,55
112,43,9.9
112,44,55
112,45,55
112,46,9.9
112,47,0.0
112,48,0.0
112,49,9.9
112,50,55
112,51,9.9
112,52,9.9
112,53,0.0
112,54,55
112,55,0.0
112,56,55
112,57,0.0
112,58,55
112,59,9.9
112,60,55
112,61,0.0
112,62,9.9
112,63,0.0
112,64,0.0
112,65,0.0
112,66,0.0
112,67,0.0
112,68,55
112,69,9.9
112,70,9.9
112,71,0.0
112,72,55
112,73,55
112,74,0.0
112,75,0.0
112,76,55
112,77,9.9
112,78,9.9
112,79,0.0
112,80,55
112,81,55
112,82,55
112,83,55
112,84,0.0
112,85,55
112,86,0.0
112,87,55
112,88,0.0
112,89,0.0
112,90,55
112,91,55
112,92,9.9
112,93,55
112,94,55
112,95,55
112,96,9.9
112,97,55
112,98,55
112,99,55
112,100,9.9
112,101,55
112,102,0.0
112,103,0.0
112,104,0.0
112,105,0.0
112,106,9.9
112,107,0.0
112,108,9.9
112,109,9.9
112,110,9.9
112,111,9.9
112,112,0.0
112,113,0.0
112,114,0.0
112,115,9.9
112,116,9.9
112,117,9.9
112,118,9.9
112,119,9.9
112,120,9.9
112,121,9.9
112,122,9.9
112,123,0.0
112,124,9.9
112,125,9.9
112,126,9.9
112,127,9.9
112,128,0.0
112,129,0.0
112,130,0.0
112,131,0.0
112,132,9.9
112,133,9.9
112,134,0.0
112,135,9.9
112,136,9.9
112,137,9.9
112,138,0.0
112,139,0.0
112,140,9.9
112,141,9.9
112,142,0.0
112,143,9.9
112,144,9.9
112,145,0.0
112,146,0.0
112,147,9.9
112,148,9.9
112,149,9.9
112,150,0.0
112,151,0.0
112,152,9.9
112,153,0.0
112,154,0.0
112,155,9.9
112,156,0.0
112,157,9.9
112,158,0.0
112,159,0.0
112,160,9.9
112,161,9.9
112,162,9.9
112,163,0.0
112,164,9.9
112,165,0.0
112,166,0.0
112,167,9.9
112,168,0.0
112,169,9.9
112,170,0.0
112,171,0.0
112,172,0.0
112,173,9.9
112,174,0.0
112,175,0.0
112,176,0.0
112,177,0.0
112,178,9.9
112,179,0.0
112,180,9.9
112,181,9.9
112,182,9.9
112,183,9.9
112,184,0.0
112,185,0.0
112,186,0.0
112,187,9.9
112,188,9.9
112,189,9.9
112,190,9.9
112,191,9.9
112,192,9.9
112,193,9.9
112,194,0.0
112,195,0.0
112,196,0.0
112,197,0.0
112,198,9.9
112,199,9.9
112,200,0.0
112,201,9.9
113,0,55
113,1,0.0
113,2,55
113,3,0.0
113,4,55
113,5,9.9
113,6,55
113,7,55
113,8,0.0
113,9,55
113,10,9.9
113,11,0.0
113,12,55
113,13,0.0
113,14,9.9
113,15,55
113,16,0.0
113,17,55
113,18,55
113,19,9.9
113,20,55
113,21,55
113,22,55
113,23,0.0
113,24,9.9
113,25,9.9
113,26,55
113,27,0.0
113,28,55
113,29,0.0
113,30,0.0
113,31,55
113,32,9.9
113,33,55
113,34,0.0
113,35,9.9
113,36,55
113,37,55
113,38,9.9
113,39,0.0
113,40,0.0
113,41,55
113,42,0.0
113,43,55
113,44,0.0
113,45,55
113,46,55
113,47,55
113,48,0.0
113,49,9.9
113,50,0.0
113,51,55
113,52,0.0
113,53,9.9
113,54,55
113,55,0.0
113,56,9.9
113,57,55
113,58,55
113,59,55
113,60,55
113,61,55
113,62,9.9
113,63,0.0
113,64,55
113,65,55
113,66,55
113,67,55
113,68,55
113,69,55
113,70,0.0
113,71,9.9
113,72,55
113,73,55
113,74,55
113,75,9.9
113,76,9.9
113,77,55
113,78,0.0
113,79,55
113,80,55
113,81,55
113,82,55
113,83,0.0
113,84,0.0
113,85,9.9
113,86,9.9
113,87,9.9
113,88,55
113,89,55
113,90,55
113,91,0.0
113,92,55
113,93,0.0
113,94,55
113,95,0.0
113,96,55
113,97,0.0
113,98,55
113,99,0.0
113,100,55
113,101,0.0
113,102,0.0
113,103,0.0
113,104,0.0
113,105,0.0
113,106,9.9
113,107,9.9
113,108,9.9
113,109,0.0
113,110,0.0
113,111,0.0
113,112,0.0
113,113,9.9
113,114,0.0
113,115,9.9
113,116,0.0
113,117,0.0
113,118,0.0
113,119,0.0
113,120,0.0
113,121,0.0
113,122,0.0
113,123,0.0
113,124,9.9
113,125,0.0
113,126,0.0
113,127,0.0
113,128,0.0
113,129,9.9
113,130,9.9
113,131,9.9
113,132,9.9
113,133,0.0
113,134,9.9
113,135,9.9
113,136,0.0
113,137,0.0
113,138,0.0
113,139,9.9
113,140,9.9
113,141,0.0
113,142,9.9
113,143,9.9
113,144,0.0
113,145,0.0
113,146,0.0
113,147,9.9
113,148,0.0
113,149,0.0
113,150,9.9
113,151,0.0
113,152,9.9
113,153,9.9
113,154,0.0
113,155,9.9
113,156,9.9
113,157,9.9
113,158,0.0
113,159,0.0
113,160,9.9
113,161,0.0
113,162,0.0
113,163,9.9
113,164,9.9
113,165,0.0
113,166,0.0
113,167,9.9
113,168,9.9
113,169,9.9
113,170,0.0
113,171,9.9
113,172,0.0
113,173,9.9
113,174,0.0
113,175,0.0
113,176,0.0
113,177,0.0
113,178,9.9
113,179,9.9
113,180,9.9
113,181,0.0
113,182,0.0
113,183,0.0
113,184,0.0
113,185,9.9
113,186,0.0
113,187,9.9
113,188,0.0
113,189,0.0
113,190,0.0
113,191,0.0
113,192,0.0
113,193,0.0
113,194,0.0
113,195,9.9
113,196,9.9
113,197,0.0
113,198,9.9
113,199,0.0
113,200,0.0
113,201,9.9
114,0,55
114,1,55
114,2,9.9
114,3,9.9
114,4,9.9
114,5,55
114,6,55
114,7,55
114,8,9.9
114,9,55
114,10,55
114,11,55
114,12,9.9
114,13,9.9
114,14,9.9
114,15,0.0
114,16,55
114,17,55
114,18,0.0
114,19,55
114,20,0.0
114,21,9.9
114,22,9.9
114,23,55
114,24,9.9
114,25,0.0
114,26,55
114,27,0.0
114,28,9.9
114,29,55
114,30,9.9
114,31,9.9
114,32,55
114,33,0.0
114,34,9.9
114,35,9.9
114,36,0.0
114,37,9.9
114,38,55
114,39,9.9
114,40,0.0
114,41,55
114,42,0.0
114,43,9.9
114,44,9.9
114,45,9.9
114,46,55
114,47,0.0
114,48,55
114,49,9.9
114,50,55
114,51,9.9
114,52,55
114,53,9.9
114,54,55
114,55,55
114,56,9.9
114,57,55
114,58,9.9
114,59,55
114,60,55
114,61,9.9
114,62,55
114,63,9.9
114,64,55
114,65,0.0
114,66,0.0
114,67,0.0
114,68,9.9
114,69,55
114,70,55
114,71,9.9
114,72,55
114,73,9.9
114,74,9.9
114,75,55
114,76,0.0
114,77,0.0
114,78,55
114,79,55
114,80,0.0
114,81,9.9
114,82,9.9
114,83,0.0
114,84,0.0
114,85,9.9
114,86,0.0
114,87,0.0
114,88,55
114,89,0.0
114,90,9.9
114,91,0.0
114,92,9.9
114,93,9.9
114,94,9.9
114,95,9.9
114,96,9.9
114,97,0.0
114,98,9.9
114,99,9.9
114,100,9.9
114,101,0.0
114,102,0.0
114,103,0.0
114,104,0.0
114,105,0.0
114,106,9.9
114,107,0.0
114,108,0.0
114,109,0.0
114,110,9.9
114,111,9.9
114,112,0.0
114,113,9.9
114,114,9.9
114,115,9.9
114,116,0.0
114,117,9.9
114,118,9.9
114,119,9.9
114,120,9.9
114,121,9.9
114,122,9.9
114,123,0.0
114,124,9.9
114,125,0.0
114,126,9.9
114,127,9.9
114,128,0.0
114,129,9.9
114,130,0.0
114,131,0.0
114,132,0.0
114,133,0.0
114,134,9.9
114,135,0.0
114,136,0.0
114,137,9.9
114,138,0.0
114,139,9.9
114,140,0.0
114,141,0.0
114,142,9.9
114,143,0.0
114,144,0.0
114,145,0.0
114,146,0.0
114,147,9.9
114,148,0.0
114,149,9.9
114,150,9.9
114,151,9.9
114,152,9.9
114,153,0.0
114,154,9.9
114,155,9.9
114,156,0.0
114,157,0.0
114,158,9.9
114,159,0.0
114,160,9.9
114,161,0.0
114,162,9.9
114,163,9.9
114,164,0.0
114,165,9.9
114,166,0.0
114,167,9.9
114,168,0.0
114,169,0.0
114,170,9.9
114,171,9.9
114,172,9.9
114,173,9.9
114,174,9.9
114,175,0.0
114,176,0.0
114,177,0.0
114,178,9.9
114,179,0.0
114,180,0.0
114,181,0.0
114,182,9.9
114,183,9.9
114,184,0.0
114,185,9.9
114,186,9.9
114,187,9.9
114,188,0.0
114,189,9.9
114,190,9.9
114,191,9.9
114,192,9.9
114,193,9.9
114,194,0.0
114,195,9.9
114,196,0.0
114,197,9.9
114,198,9.9
114,199,0.0
114,200,0.0
114,201,9.9
115,0,9.9
115,1,0.0
115,2,55
115,3,0.0
115,4,0.0
115,5,0.0
115,6,55
115,7,0.0
115,8,55
115,9,55
115,10,55
115,11,0.0
115,12,55
115,13,0.0
115,14,0.0
115,15,55
115,16,55
115,17,9.9
115,18,0.0
115,19,9.9
115,20,0.0
115,21,9.9
115,22,0.0
115,23,55
115,24,55
115,25,0.0
115,26,9.9
115,27,55
115,28,9.9
115,29,55
115,30,55
115,31,0.0
115,32,0.0
115,33,0.0
115,34,9.9
115,35,0.0
115,36,55
115,37,9.9
115,38,0.0
115,39,55
115,40,9.9
115,41,55
115,42,55
115,43,9.9
115,44,0.0
115,45,0.0
115,46,0.0
115,47,9.9
115,48,55
115,49,55
115,50,55
115,51,55
115,52,55
115,53,55
115,54,0.0
115,55,9.9
115,56,55
115,57,0.0
115,58,55
115,59,55
115,60,55
115,61,55
115,62,0.0
115,63,55
115,64,55
115,65,0.0
115,66,55
115,67,55
115,68,9.9
115,69,55
115,70,9.9
115,71,55
115,72,0.0
115,73,55
115,74,0.0
115,75,0.0
115,76,55
115,77,55
115,78,55
115,79,0.0
115,80,0.0
115,81,9.9
115,82,0.0
115,83,9.9
115,84,0.0
115,85,9.9
115,86,0.0
115,87,9.9
115,88,9.9
115,89,9.9
115,90,9.9
115,91,9.9
115,92,9.9
115,93,0.0
115,94,0.0
115,95,0.0
115,96,0.0
115,97,9.9
115,98,9.9
115,99,0.0
115,100,0.0
115,101,9.9
115,102,0.0
115,103,0.0
115,104,0.0
115,105,0.0
115,106,9.9
115,107,0.0
115,108,9.9
115,109,0.0
115,110,9.9
115,111,0.0
115,112,9.9
115,113,9.9
115,114,0.0
115,115,0.0
115,116,9.9
115,117,9.9
115,118,0.0
115,119,0.0
115,120,0.0
115,121,0.0
115,122,0.0
115,123,9.9
115,124,9.9
115,125,9.9
115,126,9.9
115,127,0.0
115,128,9.9
115,129,9.9
115,130,0.0
115,131,9.9
115,132,9.9
115,133,0.0
115,134,9.9
115,135,0.0
115,136,0.0
115,137,9.9
115,138,9.9
115,139,9.9
115,140,0.0
115,141,0.0
115,142,9.9
115,143,0.0
115,144,0.0
115,145,0.0
115,146,0.0
115,147,9.9
115,148,9.9
115,149,9.9
115,150,0.0
115,151,0.0
115,152,0.0
115,153,0.0
115,154,9.9
115,155,0.0
115,156,0.0
115,157,9.9
115,158,9.9
115,159,9.9
115,160,9.9
115,161,9.9
115,162,9.9
115,163,0.0
115,164,0.0
115,165,9.9
115,166,9.9
115,167,9.9
115,168,0.0
115,169,9.9
115,170,9.9
115,171,0.0
115,172,0.0
115,173,0.0
115,174,0.0
115,175,9.9
115,176,0.0
115,177,0.0
115,178,9.9
115,179,0.0
115,180,9.9
115,181,0.0
115,182,9.9
115,183,0.0
115,184,9.9
115,185,9.9
115,186,0.0
115,187,0.0
115,188,9.9
115,189,9.9
115,190,0.0
115,191,0.0
115,192,0.0
115,193,0.0
115,194,9.9
115,195,9.9
115,196,0.0
115,197,9.9
115,198,0.0
115,199,9.9
115,200,0.0
115,201,9.9
116,0,55
116,1,55
116,2,9.9
116,3,55
116,4,9.9
116,5,55
116,6,55
116,7,0.0
116,8,9.9
116,9,55
116,10,0.0
116,11,0.0
116,12,9.9
116,13,55
116,14,9.9
116,15,55
116,16,9.9
116,17,55
116,18,9.9
116,19,9.9
116,20,9.9
116,21,9.9
116,22,0.0
116,23,9.9
116,24,55
116,25,55
116,26,9.9
116,27,55
116,28,55
116,29,0.0
116,30,55
116,31,55
116,32,55
116,33,0.0
116,34,9.9
116,35,0.0
116,36,55
116,37,55
116,38,55
116,39,9.9
116,40,55
116,41,55
116,42,0.0
116,43,55
116,44,0.0
116,45,9.9
116,46,55
116,47,9.9
116,48,55
116,49,55
116,50,55
116,51,55
116,52,55
116,53,55
116,54,0.0
116,55,9.9
116,56,0.0
116,57,9.9
116,58,9.9
116,59,55
116,60,0.0
116,61,55
116,62,0.0
116,63,9.9
116,64,55
116,65,55
116,66,55
116,67,0.0
116,68,55
116,69,0.0
116,70,55
116,71,0.0
116,72,9.9
116,73,9.9
116,74,55
116,75,55
116,76,55
116,77,0.0
116,78,9.9
116,79,0.0
116,80,0.0
116,81,9.9
116,82,0.0
116,83,9.9
116,84,9.9
116,85,9.9
116,86,9.9
116,87,9.9
116,88,0.0
116,89,0.0
116,90,0.0
116,91,0.0
116,92,0.0
116,93,0.0
116,94,9.9
116,95,9.9
116,96,9.9
116,97,9.9
116,98,0.0
116,99,0.0
116,100,9.9
116,101,9.9
116,102,9.9
116,103,0.0
116,104,0.0
116,105,0.0
116,106,9.9
116,107,9.9
116,108,9.9
116,109,9.9
116,110,9.9
116,111,0.0
116,112,9.9
116,113,0.0
116,114,0.0
116,115,9.9
116,116,9.9
116,117,0.0
116,118,0.0
116,119,9.9
116,120,9.9
116,121,9.9
116,122,9.9
116,123,9.9
116,124,0.0
116,125,0.0
116,126,0.0
116,127,0.0
116,128,9.9
116,129,0.0
116,130,9.9
116,131,9.9
116,132,0.0
116,133,9.9
116,134,9.9
116,135,9.9
116,136,0.0
116,137,9.9
116,138,0.0
116,139,0.0
116,140,9.9
116,141,0.0
116,142,9.9
116,143,9.9
116,144,0.0
116,145,0.0
116,146,0.0
116,147,9.9
116,148,0.0
116,149,0.0
116,150,0.0
116,151,9.9
116,152,9.9
116,153,0.0
116,154,9.9
116,155,0.0
116,156,0.0
116,157,9.9
116,158,0.0
116,159,0.0
116,160,0.0
116,161,0.0
116,162,0.0
116,163,0.0
116,164,0.0
116,165,9.9
116,166,0.0
116,167,0.0
116,168,9.9
116,169,9.9
116,170,0.0
116,171,0.0
116,172,9.9
116,173,9.9
116,174,9.9
116,175,9.9
116,176,9.9
116,177,0.0
116,178,9.9
116,179,9.9
116,180,9.9
116,181,9.9
116,182,9.9
116,183,0.0
116,184,9.9
116,185,0.0
116,186,0.0
116,187,9.9
116,188,9.9
116,189,0.0
116,190,0.0
116,191,9.9
116,192,9.9
116,193,9.9
116,194,9.9
116,195,0.0
116,196,9.9
116,197,9.9
116,198,0.0
116,199,9.9
116,200,9.9
116,201,9.9
117,0,0.0
117,1,0.0
117,2,55
117,3,55
117,4,55
117,5,55
117,6,9.9
117,7,55
117,8,9.9
117,9,0.0
117,10,9.9
117,11,0.0
117,12,9.9
117,13,55
117,14,55
117,15,55
117,16,55
117,17,0.0
117,18,55
117,19,0.0
117,20,0.0
117,21,0.0
117,22,9.9
117,23,9.9
117,24,0.0
117,25,9.9
117,26,55
117,27,0.0
117,28,55
117,29,9.9
117,30,9.9
117,31,0.0
117,32,0.0
117,33,55
117,34,9.9
117,35,9.9
117,36,55
117,37,55
117,38,9.9
117,39,55
117,40,0.0
117,41,55
117,42,9.9
117,43,9.9
117,44,55
117,45,9.9
117,46,55
117,47,55
117,48,0.0
117,49,0.0
117,50,9.9
117,51,55
117,52,0.0
117,53,55
117,54,55
117,55,9.9
117,56,55
117,57,9.9
117,58,0.0
117,59,55
117,60,0.0
117,61,55
117,62,55
117,63,9.9
117,64,55
117,65,0.0
117,66,9.9
117,67,0.0
117,68,9.9
117,69,0.0
117,70,9.9
117,71,0.0
117,72,9.9
117,73,0.0
117,74,55
117,75,0.0
117,76,9.9
117,77,0.0
117,78,9.9
117,79,9.9
117,80,0.0
117,81,9.9
117,82,9.9
117,83,9.9
117,84,0.0
117,85,0.0
117,86,0.0
117,87,0.0
117,88,0.0
117,89,9.9
117,90,9.9
117,91,9.9
117,92,9.9
117,93,0.0
117,94,9.9
117,95,0.0
117,96,0.0
117,97,0.0
117,98,0.0
117,99,0.0
117,100,9.9
117,101,0.0
117,102,0.0
117,103,9.9
117,104,0.0
117,105,0.0
117,106,9.9
117,107,0.0
117,108,0.0
117,109,0.0
117,110,0.0
117,111,9.9
117,112,9.9
117,113,0.0
117,114,0.0
117,115,9.9
117,116,0.0
117,117,0.0
117,118,0.0
117,119,9.9
117,120,0.0
117,121,0.0
117,122,0.0
117,123,0.0
117,124,0.0
117,125,9.9
117,126,9.9
117,127,0.0
117,128,9.9
117,129,0.0
117,130,9.9
117,131,0.0
117,132,0.0
117,133,9.9
117,134,0.0
117,135,0.0
117,136,9.9
117,137,9.9
117,138,0.0
117,139,9.9
117,140,9.9
117,141,9.9
117,142,9.9
117,143,0.0
117,144,9.9
117,145,0.0
117,146,0.0
117,147,9.9
117,148,0.0
117,149,9.9
117,150,0.0
117,151,9.9
117,152,0.0
117,153,9.9
117,154,9.9
117,155,9.9
117,156,0.0
117,157,9.9
117,158,0.0
117,159,9.9
117,160,9.9
117,161,9.9
117,162,9.9
117,163,0.0
117,164,0.0
117,165,9.9
117,166,0.0
117,167,9.9
117,168,9.9
117,169,0.0
117,170,0.0
117,171,0.0
117,172,9.9
117,173,0.0
117,174,0.0
117,175,0.0
117,176,0.0
117,177,9.9
117,178,9.9
117,179,0.0
117,180,0.0
117,181,0.0
117,182,0.0
117,183,9.9
117,184,9.9
117,185,0.0
117,186,0.0
117,187,9.9
117,188,0.0
117,189,0.0
117,190,0.0
117,191,9.9
117,192,0.0
117,193,0.0
117,194,0.0
117,195,0.0
117,196,9.9
117,197,0.0
117,198,9.9
117,199,9.9
117,200,0.0
117,201,0.0
118,0,0.0
118,1,55
118,2,9.9
118,3,55
118,4,55
118,5,55
118,6,55
118,7,55
118,8,55
118,9,55
118,10,9.9
118,11,9.9
118,12,9.9
118,13,0.0
118,14,55
118,15,55
118,16,55
118,17,9.9
118,18,9.9
118,19,55
118,20,9.9
118,21,9.9
118,22,9.9
118,23,0.0
118,24,55
118,25,9.9
118,26,0.0
118,27,9.9
118,28,9.9
118,29,55
118,30,0.0
118,31,55
118,32,55
118,33,55
118,34,55
118,35,0.0
118,36,55
118,37,9.9
118,38,55
118,39,0.0
118,40,0.0
118,41,9.9
118,42,55
118,43,0.0
118,44,55
118,45,55
118,46,0.0
118,47,55
118,48,9.9
118,49,55
118,50,9.9
118,51,55
118,52,0.0
118,53,55
118,54,0.0
118,55,55
118,56,55
118,57,55
118,58,0.0
118,59,9.9
118,60,55
118,61,55
118,62,0.0
118,63,55
118,64,0.0
118,65,9.9
118,66,9.9
118,67,9.9
118,68,9.9
118,69,9.9
118,70,9.9
118,71,9.9
118,72,9.9
118,73,0.0
118,74,9.9
118,75,9.9
118,76,9.9
118,77,9.9
118,78,9.9
118,79,0.0
118,80,9.9
118,81,9.9
118,82,0.0
118,83,0.0
118,84,0.0
118,85,9.9
118,86,9.9
118,87,9.9
118,88,0.0
118,89,9.9
118,90,0.0
118,91,0.0
118,92,0.0
118,93,9.9
118,94,9.9
118,95,0.0
118,96,9.9
118,97,9.9
118,98,0.0
118,99,0.0
118,100,9.9
118,101,0.0
118,102,9.9
118,103,9.9
118,104,9.9
118,105,0.0
118,106,9.9
118,107,0.0
118,108,9.9
118,109,9.9
118,110,9.9
118,111,9.9
118,112,0.0
118,113,9.9
118,114,0.0
118,115,9.9
118,116,0.0
118,117,0.0
118,118,0.0
118,119,9.9
118,120,0.0
118,121,9.9
118,122,9.9
118,123,9.9
118,124,0.0
118,125,9.9
118,126,0.0
118,127,9.9
118,128,9.9
118,129,9.9
118,130,9.9
118,131,0.0
118,132,0.0
118,133,9.9
118,134,0.0
118,135,9.9
118,136,9.9
118,137,0.0
118,138,9.9
118,139,9.9
118,140,0.0
118,141,0.0
118,142,0.0
118,143,0.0
118,144,9.9
118,145,9.9
118,146,0.0
118,147,9.9
118,148,9.9
118,149,9.9
118,150,9.9
118,151,9.9
118,152,0.0
118,153,9.9
118,154,0.0
118,155,0.0
118,156,9.9
118,157,9.9
118,158,9.9
118,159,9.9
118,160,0.0
118,161,0.0
118,162,0.0
118,163,9.9
118,164,0.0
118,165,9.9
118,166,9.9
118,167,9.9
118,168,0.0
118,169,0.0
118,170,0.0
118,171,0.0
118,172,9.9
118,173,0.0
118,174,9.9
118,175,9.9
118,176,9.9
118,177,9.9
118,178,0.0
118,179,0.0
118,180,9.9
118,181,9.9
118,182,9.9
118,183,9.9
118,184,0.0
118,185,9.9
118,186,0.0
118,187,9.9
118,188,0.0
118,189,0.0
118,190,0.0
118,191,9.9
118,192,0.0
118,193,9.9
118,194,9.9
118,195,0.0
118,196,9.9
118,197,0.0
118,198,9.9
118,199,0.0
118,200,0.0
118,201,9.9
119,0,0.0
119,1,55
119,2,55
119,3,55
119,4,55
119,5,55
119,6,55
119,7,55
119,8,55
119,9,0.0
119,10,55
119,11,0.0
119,12,0.0
119,13,55
119,14,9.9
119,15,55
119,16,55
119,17,55
119,18,0.0
119,19,55
119,20,55
119,21,0.0
119,22,0.0
119,23,0.0
119,24,55
119,25,55
119,26,55
119,27,9.9
119,28,0.0
119,29,0.0
119,30,55
119,31,55
119,32,9.9
119,33,0.0
119,34,55
119,35,55
119,36,9.9
119,37,55
119,38,0.0
119,39,9.9
119,40,0.0
119,41,9.9
119,42,0.0
119,43,55
119,44,9.9
119,45,55
119,46,9.9
119,47,9.9
119,48,55
119,49,55
119,50,55
119,51,0.0
119,52,55
119,53,55
119,54,0.0
119,55,9.9
119,56,55
119,57,55
119,58,55
119,59,9.9
119,60,55
119,61,0.0
119,62,0.0
119,63,9.9
119,64,0.0
119,65,9.9
119,66,0.0
119,67,0.0
119,68,0.0
119,69,0.0
119,70,0.0
119,71,0.0
119,72,0.0
119,73,9.9
119,74,9.9
119,75,0.0
119,76,0.0
119,77,0.0
119,78,0.0
119,79,0.0
119,80,9.9
119,81,0.0
119,82,0.0
119,83,9.9
119,84,0.0
119,85,9.9
119,86,0.0
119,87,0.0
119,88,9.9
119,89,9.9
119,90,0.0
119,91,9.9
119,92,9.9
119,93,9.9
119,94,0.0
119,95,9.9
119,96,9.9
119,97,0.0
119,98,9.9
119,99,0.0
119,100,9.9
119,101,9.9
119,102,9.9
119,103,0.0
119,104,0.0
119,105,9.9
119,106,9.9
119,107,9.9
119,108,9.9
119,109,0.0
119,110,0.0
119,111,0.0
119,112,0.0
119,113,9.9
119,114,9.9
119,115,9.9
119,116,9.9
119,117,0.0
119,118,0.0
119,119,9.9
119,120,9.9
119,121,9.9
119,122,0.0
119,123,0.0
119,124,9.9
119,125,9.9
119,126,0.0
119,127,9.9
119,128,0.0
119,129,0.0
119,130,0.0
119,131,9.9
119,132,0.0
119,133,9.9
119,134,9.9
119,135,9.9
119,136,0.0
119,137,0.0
119,138,9.9
119,139,0.0
119,140,0.0
119,141,9.9
119,142,9.9
119,143,0.0
119,144,9.9
119,145,0.0
119,146,9.9
119,147,9.9
119,148,0.0
119,149,0.0
119,150,0.0
119,151,0.0
119,152,9.9
119,153,9.9
119,154,0.0
119,155,9.9
119,156,9.9
119,157,0.0
119,158,0.0
119,159,0.0
119,160,0.0
119,161,9.9
119,162,9.9
119,163,9.9
119,164,9.9
119,165,9.9
119,166,0.0
119,167,0.0
119,168,0.0
119,169,0.0
119,170,0.0
119,171,0.0
119,172,9.9
119,173,9.9
119,174,9.9
119,175,0.0
119,176,0.0
119,177,0.0
119,178,0.0
119,179,0.0
119,180,9.9
119,181,0.0
119,182,0.0
119,183,0.0
119,184,0.0
119,185,9.9
119,186,9.9
119,187,9.9
119,188,9.9
119,189,0.0
119,190,0.0
119,191,9.9
119,192,9.9
119,193,9.9
119,194,0.0
119,195,9.9
119,196,9.9
119,197,9.9
119,198,9.9
119,199,0.0
119,200,0.0
119,201,9.9
120,0,9.9
120,1,55
120,2,55
120,3,55
120,4,0.0
120,5,55
120,6,55
120,7,55
120,8,55
120,9,9.9
120,10,9.9
120,11,55
120,12,9.9
120,13,55
120,14,55
120,15,0.0
120,16,55
120,17,55
120,18,55
120,19,9.9
120,20,55
120,21,55
120,22,9.9
120,23,0.0
120,24,55
120,25,55
120,26,9.9
120,27,55
120,28,0.0
120,29,55
120,30,55
120,31,0.0
120,32,55
120,33,55
120,34,55
120,35,9.9
120,36,55
120,37,0.0
120,38,0.0
120,39,9.9
120,40,9.9
120,41,9.9
120,42,55
120,43,55
120,44,55
120,45,0.0
120,46,55
120,47,0.0
120,48,0.0
120,49,55
120,50,55
120,51,0.0
120,52,55
120,53,0.0
120,54,55
120,55,9.9
120,56,0.0
120,57,55
120,58,9.9
120,59,55
120,60,0.0
120,61,9.9
120,62,0.0
120,63,9.9
120,64,9.9
120,65,9.9
120,66,0.0
120,67,9.9
120,68,9.9
120,69,9.9
120,70,9.9
120,71,9.9
120,72,9.9
120,73,9.9
120,74,0.0
120,75,0.0
120,76,9.9
120,77,9.9
120,78,9.9
120,79,0.0
120,80,9.9
120,81,0.0
120,82,0.0
120,83,9.9
120,84,9.9
120,85,9.9
120,86,0.0
120,87,9.9
120,88,9.9
120,89,0.0
120,90,9.9
120,91,9.9
120,92,0.0
120,93,0.0
120,94,0.0
120,95,9.9
120,96,0.0
120,97,0.0
120,98,9.9
120,99,9.9
120,100,9.9
120,101,0.0
120,102,0.0
120,103,0.0
120,104,9.9
120,105,9.9
120,106,0.0
120,107,0.0
120,108,0.0
120,109,0.0
120,110,9.9
120,111,9.9
120,112,0.0
120,113,9.9
120,114,0.0
120,115,0.0
120,116,0.0
120,117,9.9
120,118,0.0
120,119,9.9
120,120,0.0
120,121,0.0
120,122,0.0
120,123,9.9
120,124,9.9
120,125,0.0
120,126,9.9
120,127,9.9
120,128,0.0
120,129,9.9
120,130,9.9
120,131,9.9
120,132,9.9
120,133,9.9
120,134,0.0
120,135,0.0
120,136,0.0
120,137,0.0
120,138,9.9
120,139,0.0
120,140,0.0
120,141,9.9
120,142,0.0
120,143,9.9
120,144,9.9
120,145,0.0
120,146,9.9
120,147,0.0
120,148,0.0
120,149,9.9
120,150,9.9
120,151,9.9
120,152,9.9
120,153,0.0
120,154,9.9
120,155,9.9
120,156,0.0
120,157,0.0
120,158,9.9
120,159,9.9
120,160,0.0
120,161,9.9
120,162,0.0
120,163,0.0
120,164,0.0
120,165,0.0
120,166,0.0
120,167,9.9
120,168,0.0
120,169,0.0
120,170,0.0
120,171,0.0
120,172,9.9
120,173,0.0
120,174,0.0
120,175,0.0
120,176,9.9
120,177,9.9
120,178,0.0
120,179,0.0
120,180,9.9
120,181,0.0
120,182,9.9
120,183,9.9
120,184,0.0
120,185,9.9
120,186,0.0
120,187,0.0
120,188,0.0
120,189,9.9
120,190,0.0
120,191,9.9
120,192,0.0
120,193,0.0
120,194,0.0
120,195,9.9
120,196,0.0
120,197,0.0
120,198,0.0
120,199,9.9
120,200,0.0
120,201,9.9
121,0,0.0
121,1,55
121,2,9.9
121,3,55
121,4,9.9
121,5,55
121,6,55
121,7,55
121,8,55
121,9,55
121,10,0.0
121,11,55
121,12,55
121,13,55
121,14,55
121,15,0.0
121,16,9.9
121,17,55
121,18,0.0
121,19,55
121,20,0.0
121,21,0.0
121,22,55
121,23,9.9
121,24,55
121,25,9.9
121,26,55
121,27,0.0
121,28,55
121,29,55
121,30,9.9
121,31,0.0
121,32,9.9
121,33,9.9
121,34,0.0
121,35,55
121,36,0.0
121,37,9.9
121,38,0.0
121,39,9.9
121,40,0.0
121,41,0.0
121,42,55
121,43,0.0
121,44,55
121,45,0.0
121,46,9.9
121,47,55
121,48,55
121,49,9.9
121,50,55
121,51,55
121,52,55
121,53,0.0
121,54,55
121,55,55
121,56,55
121,57,9.9
121,58,55
121,59,0.0
121,60,0.0
121,61,9.9
121,62,9.9
121,63,9.9
121,64,0.0
121,65,0.0
121,66,9.9
121,67,9.9
121,68,0.0
121,69,0.0
121,70,0.0
121,71,0.0
121,72,0.0
121,73,0.0
121,74,0.0
121,75,0.0
121,76,9.9
121,77,0.0
121,78,0.0
121,79,9.9
121,80,9.9
121,81,9.9
121,82,0.0
121,83,9.9
121,84,0.0
121,85,0.0
121,86,9.9
121,87,9.9
121,88,0.0
121,89,0.0
121,90,9.9
121,91,0.0
121,92,0.0
121,93,9.9
121,94,0.0
121,95,9.9
121,96,0.0
121,97,0.0
121,98,9.9
121,99,0.0
121,100,0.0
121,101,0.0
121,102,9.9
121,103,0.0
121,104,9.9
121,105,0.0
121,106,0.0
121,107,9.9
121,108,9.9
121,109,0.0
121,110,9.9
121,111,0.0
121,112,9.9
121,113,9.9
121,114,0.0
121,115,9.9
121,116,9.9
121,117,9.9
121,118,9.9
121,119,9.9
121,120,0.0
121,121,9.9
121,122,0.0
121,123,9.9
121,124,0.0
121,125,0.0
121,126,9.9
121,127,0.0
121,128,9.9
121,129,9.9
121,130,0.0
121,131,0.0
121,132,0.0
121,133,0.0
121,134,0.0
121,135,9.9
121,136,0.0
121,137,0.0
121,138,9.9
121,139,9.9
121,140,0.0
121,141,9.9
121,142,0.0
121,143,9.9
121,144,0.0
121,145,9.9
121,146,9.9
121,147,0.0
121,148,0.0
121,149,9.9
121,150,0.0
121,151,0.0
121,152,0.0
121,153,0.0
121,154,9.9
121,155,0.0
121,156,0.0
121,157,0.0
121,158,9.9
121,159,0.0
121,160,9.9
121,161,9.9
121,162,0.0
121,163,9.9
121,164,9.9
121,165,9.9
121,166,0.0
121,167,9.9
121,168,9.9
121,169,0.0
121,170,0.0
121,171,0.0
121,172,9.9
121,173,0.0
121,174,9.9
121,175,0.0
121,176,9.9
121,177,0.0
121,178,9.9
121,179,0.0
121,180,9.9
121,181,9.9
121,182,9.9
121,183,0.0
121,184,9.9
121,185,9.9
121,186,0.0
121,187,9.9
121,188,9.9
121,189,9.9
121,190,9.9
121,191,9.9
121,192,0.0
121,193,9.9
121,194,0.0
121,195,9.9
121,196,0.0
121,197,9.9
121,198,9.9
121,199,9.9
121,200,9.9
121,201,9.9
122,0,55
122,1,9.9
122,2,55
122,3,55
122,4,55
122,5,55
122,6,9.9
122,7,55
122,8,55
122,9,55
122,10,55
122,11,9.9
122,12,55
122,13,55
122,14,0.0
122,15,55
122,16,9.9
122,17,0.0
122,18,9.9
122,19,9.9
122,20,9.9
122,21,55
122,22,9.9
122,23,55
122,24,55
122,25,55
122,26,0.0
122,27,9.9
122,28,55
122,29,9.9
122,30,55
122,31,9.9
122,32,9.9
122,33,0.0
122,34,55
122,35,9.9
122,36,9.9
122,37,9.9
122,38,9.9
122,39,9.9
122,40,0.0
122,41,9.9
122,42,9.9
122,43,9.9
122,44,55
122,45,55
122,46,9.9
122,47,55
122,48,0.0
122,49,55
122,50,0.0
122,51,9.9
122,52,9.9
122,53,55
122,54,55
122,55,55
122,56,0.0
122,57,55
122,58,0.0
122,59,0.0
122,60,0.0
122,61,9.9
122,62,0.0
122,63,0.0
122,64,0.0
122,65,9.9
122,66,9.9
122,67,0.0
122,68,0.0
122,69,9.9
122,70,9.9
122,71,9.9
122,72,9.9
122,73,9.9
122,74,0.0
122,75,0.0
122,76,9.9
122,77,0.0
122,78,9.9
122,79,9.9
122,80,0.0
122,81,0.0
122,82,9.9
122,83,9.9
122,84,0.0
122,85,9.9
122,86,9.9
122,87,0.0
122,88,0.0
122,89,0.0
122,90,9.9
122,91,0.0
122,92,0.0
122,93,9.9
122,94,9.9
122,95,9.9
122,96,9.9
122,97,0.0
122,98,9.9
122,99,0.0
122,100,9.9
122,101,0.0
122,102,9.9
122,103,9.9
122,104,9.9
122,105,0.0
122,106,0.0
122,107,9.9
122,108,0.0
122,109,9.9
122,110,9.9
122,111,0.0
122,112,9.9
122,113,0.0
122,114,9.9
122,115,9.9
122,116,0.0
122,117,0.0
122,118,0.0
122,119,0.0
122,120,9.9
122,121,9.9
122,122,9.9
122,123,9.9
122,124,0.0
122,125,0.0
122,126,9.9
122,127,0.0
122,128,9.9
122,129,0.0
122,130,0.0
122,131,9.9
122,132,9.9
122,133,9.9
122,134,0.0
122,135,9.9
122,136,9.9
122,137,0.0
122,138,9.9
122,139,0.0
122,140,9.9
122,141,9.9
122,142,9.9
122,143,9.9
122,144,0.0
122,145,9.9
122,146,0.0
122,147,9.9
122,148,0.0
122,149,9.9
122,150,0.0
122,151,9.9
122,152,9.9
122,153,0.0
122,154,9.9
122,155,0.0
122,156,0.0
122,157,0.0
122,158,9.9
122,159,0.0
122,160,9.9
122,161,0.0
122,162,9.9
122,163,9.9
122,164,0.0
122,165,0.0
122,166,9.9
122,167,9.9
122,168,0.0
122,169,9.9
122,170,0.0
122,171,0.0
122,172,9.9
122,173,9.9
122,174,9.9
122,175,9.9
122,176,9.9
122,177,0.0
122,178,9.9
122,179,9.9
122,180,9.9
122,181,0.0
122,182,0.0
122,183,0.0
122,184,9.9
122,185,0.0
122,186,9.9
122,187,9.9
122,188,0.0
122,189,0.0
122,190,0.0
122,191,0.0
122,192,9.9
122,193,9.9
122,194,9.9
122,195,9.9
122,196,9.9
122,197,9.9
122,198,0.0
122,199,0.0
122,200,0.0
122,201,0.0
123,0,55
123,1,55
123,2,0.0
123,3,55
123,4,55
123,5,55
123,6,55
123,7,55
123,8,55
123,9,55
123,10,0.0
123,11,55
123,12,0.0
123,13,55
123,14,9.9
123,15,55
123,16,55
123,17,55
123,18,9.9
123,19,0.0
123,20,0.0
123,21,55
123,22,55
123,23,0.0
123,24,55
123,25,55
123,26,9.9
123,27,9.9
123,28,55
123,29,55
123,30,0.0
123,31,55
123,32,0.0
123,33,0.0
123,34,55
123,35,55
123,36,0.0
123,37,0.0
123,38,0.0
123,39,0.0
123,40,9.9
123,41,9.9
123,42,0.0
123,43,0.0
123,44,55
123,45,0.0
123,46,55
123,47,0.0
123,48,9.9
123,49,9.9
123,50,9.9
123,51,9.9
123,52,0.0
123,53,55
123,54,0.0
123,55,9.9
123,56,0.0
123,57,9.9
123,58,0.0
123,59,0.0
123,60,0.0
123,61,9.9
123,62,0.0
123,63,9.9
123,64,0.0
123,65,9.9
123,66,0.0
123,67,0.0
123,68,0.0
123,69,9.9
123,70,0.0
123,71,0.0
123,72,0.0
123,73,0.0
123,74,9.9
123,75,0.0
123,76,9.9
123,77,9.9
123,78,9.9
123,79,0.0
123,80,0.0
123,81,9.9
123,82,9.9
123,83,0.0
123,84,9.9
123,85,9.9
123,86,0.0
123,87,0.0
123,88,0.0
123,89,0.0
123,90,9.9
123,91,9.9
123,92,0.0
123,93,9.9
123,94,0.0
123,95,0.0
123,96,0.0
123,97,9.9
123,98,9.9
123,99,9.9
123,100,9.9
123,101,9.9
123,102,9.9
123,103,0.0
123,104,0.0
123,105,9.9
123,106,0.0
123,107,9.9
123,108,0.0
123,109,9.9
123,110,0.0
123,111,9.9
123,112,9.9
123,113,0.0
123,114,9.9
123,115,0.0
123,116,0.0
123,117,9.9
123,118,9.9
123,119,9.9
123,120,9.9
123,121,0.0
123,122,0.0
123,123,0.0
123,124,9.9
123,125,0.0
123,126,9.9
123,127,9.9
123,128,9.9
123,129,0.0
123,130,0.0
123,131,9.9
123,132,0.0
123,133,0.0
123,134,9.9
123,135,9.9
123,136,0.0
123,137,9.9
123,138,9.9
123,139,0.0
123,140,9.9
123,141,0.0
123,142,0.0
123,143,0.0
123,144,9.9
123,145,9.9
123,146,0.0
123,147,9.9
123,148,9.9
123,149,9.9
123,150,9.9
123,151,9.9
123,152,0.0
123,153,9.9
123,154,9.9
123,155,9.9
123,156,0.0
123,157,0.0
123,158,9.9
123,159,9.9
123,160,9.9
123,161,0.0
123,162,9.9
123,163,0.0
123,164,0.0
123,165,9.9
123,166,9.9
123,167,0.0
123,168,0.0
123,169,9.9
123,170,9.9
123,171,0.0
123,172,9.9
123,173,0.0
123,174,0.0
123,175,0.0
123,176,0.0
123,177,9.9
123,178,9.9
123,179,0.0
123,180,0.0
123,181,0.0
123,182,9.9
123,183,0.0
123,184,9.9
123,185,0.0
123,186,9.9
123,187,0.0
123,188,0.0
123,189,9.9
123,190,9.9
123,191,9.9
123,192,9.9
123,193,0.0
123,194,0.0
123,195,0.0
123,196,0.0
123,197,0.0
123,198,0.0
123,199,9.9
123,200,9.9
123,201,9.9
124,0,55
124,1,55
124,2,0.0
124,3,55
124,4,55
124,5,55
124,6,55
124,7,55
124,8,0.0
124,9,55
124,10,9.9
124,11,9.9
124,12,9.9
124,13,9.9
124,14,55
124,15,55
124,16,55
124,17,0.0
124,18,55
124,19,0.0
124,20,9.9
124,21,9.9
124,22,55
124,23,9.9
124,24,55
124,25,55
124,26,55
124,27,0.0
124,28,0.0
124,29,55
124,30,9.9
124,31,9.9
124,32,55
124,33,0.0
124,34,55
124,35,55
124,36,55
124,37,9.9
124,38,9.9
124,39,9.9
124,40,9.9
124,41,0.0
124,42,0.0
124,43,9.9
124,44,9.9
124,45,9.9
124,46,9.9
124,47,0.0
124,48,9.9
124,49,0.0
124,50,0.0
124,51,0.0
124,52,0.0
124,53,9.9
124,54,9.9
124,55,9.9
124,56,9.9
124,57,9.9
124,58,9.9
124,59,0.0
124,60,0.0
124,61,9.9
124,62,9.9
124,63,9.9
124,64,9.9
124,65,9.9
124,66,0.0
124,67,0.0
124,68,0.0
124,69,9.9
124,70,0.0
124,71,9.9
124,72,9.9
124,73,9.9
124,74,9.9
124,75,9.9
124,76,9.9
124,77,0.0
124,78,0.0
124,79,0.0
124,80,0.0
124,81,9.9
124,82,0.0
124,83,0.0
124,84,9.9
124,85,0.0
124,86,0.0
124,87,0.0
124,88,0.0
124,89,0.0
124,90,9.9
124,91,0.0
124,92,9.9
124,93,9.9
124,94,0.0
124,95,9.9
124,96,9.9
124,97,9.9
124,98,0.0
124,99,0.0
124,100,0.0
124,101,0.0
124,102,0.0
124,103,0.0
124,104,9.9
124,105,9.9
124,106,9.9
124,107,9.9
124,108,9.9
124,109,9.9
124,110,0.0
124,111,9.9
124,112,0.0
124,113,9.9
124,114,9.9
124,115,0.0
124,116,0.0
124,117,9.9
124,118,0.0
124,119,0.0
124,120,0.0
124,121,0.0
124,122,9.9
124,123,9.9
124,124,9.9
124,125,9.9
124,126,9.9
124,127,0.0
124,128,0.0
124,129,9.9
124,130,0.0
124,131,9.9
124,132,0.0
124,133,9.9
124,134,9.9
124,135,0.0
124,136,0.0
124,137,9.9
124,138,0.0
124,139,9.9
124,140,9.9
124,141,0.0
124,142,9.9
124,143,9.9
124,144,9.9
124,145,0.0
124,146,9.9
124,147,9.9
124,148,0.0
124,149,0.0
124,150,0.0
124,151,0.0
124,152,0.0
124,153,9.9
124,154,0.0
124,155,0.0
124,156,9.9
124,157,0.0
124,158,9.9
124,159,0.0
124,160,0.0
124,161,9.9
124,162,9.9
124,163,0.0
124,164,0.0
124,165,9.9
124,166,0.0
124,167,0.0
124,168,0.0
124,169,9.9
124,170,0.0
124,171,9.9
124,172,9.9
124,173,0.0
124,174,9.9
124,175,9.9
124,176,9.9
124,177,9.9
124,178,0.0
124,179,0.0
124,180,9.9
124,181,0.0
124,182,9.9
124,183,9.9
124,184,9.9
124,185,9.9
124,186,9.9
124,187,0.0
124,188,0.0
124,189,9.9
124,190,0.0
124,191,0.0
124,192,0.0
124,193,0.0
124,194,9.9
124,195,9.9
124,196,9.9
124,197,9.9
124,198,0.0
124,199,9.9
124,200,0.0
124,201,0.0
125,0,0.0
125,1,0.0
125,2,55
125,3,55
125,4,9.9
125,5,55
125,6,55
125,7,0.0
125,8,0.0
125,9,55
125,10,55
125,11,0.0
125,12,0.0
125,13,0.0
125,14,0.0
125,15,55
125,16,0.0
125,17,0.0
125,18,9.9
125,19,55
125,20,9.9
125,21,0.0
125,22,0.0
125,23,55
125,24,55
125,25,9.9
125,26,55
125,27,55
125,28,55
125,29,9.9
125,30,55
125,31,0.0
125,32,55
125,33,55
125,34,55
125,35,9.9
125,36,9.9
125,37,55
125,38,0.0
125,39,0.0
125,40,0.0
125,41,0.0
125,42,0.0
125,43,9.9
125,44,0.0
125,45,0.0
125,46,0.0
125,47,9.9
125,48,9.9
125,49,0.0
125,50,9.9
125,51,9.9
125,52,0.0
125,53,9.9
125,54,0.0
125,55,0.0
125,56,0.0
125,57,0.0
125,58,0.0
125,59,9.9
125,60,0.0
125,61,9.9
125,62,0.0
125,63,0.0
125,64,0.0
125,65,0.0
125,66,9.9
125,67,0.0
125,68,0.0
125,69,9.9
125,70,9.9
125,71,9.9
125,72,0.0
125,73,0.0
125,74,0.0
125,75,0.0
125,76,0.0
125,77,0.0
125,78,9.9
125,79,0.0
125,80,0.0
125,81,9.9
125,82,0.0
125,83,0.0
125,84,9.9
125,85,0.0
125,86,0.0
125,87,0.0
125,88,0.0
125,89,0.0
125,90,9.9
125,91,0.0
125,92,9.9
125,93,0.0
125,94,9.9
125,95,9.9
125,96,0.0
125,97,0.0
125,98,0.0
125,99,9.9
125,100,9.9
125,101,9.9
125,102,9.9
125,103,0.0
125,104,9.9
125,105,0.0
125,106,0.0
125,107,0.0
125,108,0.0
125,109,0.0
125,110,9.9
125,111,9.9
125,112,0.0
125,113,9.9
125,114,0.0
125,115,9.9
125,116,0.0
125,117,9.9
125,118,0.0
125,119,9.9
125,120,9.9
125,121,0.0
125,122,9.9
125,123,0.0
125,124,0.0
125,125,0.0
125,126,0.0
125,127,0.0
125,128,9.9
125,129,9.9
125,130,9.9
125,131,9.9
125,132,9.9
125,133,9.9
125,134,0.0
125,135,0.0
125,136,0.0
125,137,9.9
125,138,0.0
125,139,9.9
125,140,0.0
125,141,9.9
125,142,9.9
125,143,0.0
125,144,0.0
125,145,0.0
125,146,9.9
125,147,0.0
125,148,0.0
125,149,9.9
125,150,9.9
125,151,9.9
125,152,0.0
125,153,9.9
125,154,0.0
125,155,9.9
125,156,9.9
125,157,9.9
125,158,9.9
125,159,0.0
125,160,9.9
125,161,9.9
125,162,0.0
125,163,9.9
125,164,0.0
125,165,9.9
125,166,0.0
125,167,0.0
125,168,0.0
125,169,9.9
125,170,0.0
125,171,9.9
125,172,0.0
125,173,9.9
125,174,9.9
125,175,0.0
125,176,0.0
125,177,0.0
125,178,0.0
125,179,0.0
125,180,9.9
125,181,9.9
125,182,9.9
125,183,0.0
125,184,0.0
125,185,0.0
125,186,0.0
125,187,9.9
125,188,0.0
125,189,9.9
125,190,0.0
125,191,9.9
125,192,9.9
125,193,0.0
125,194,9.9
125,195,0.0
125,196,0.0
125,197,0.0
125,198,9.9
125,199,9.9
125,200,0.0
125,201,9.9
126,0,55
126,1,55
126,2,55
126,3,9.9
126,4,55
126,5,55
126,6,55
126,7,9.9
126,8,0.0
126,9,55
126,10,55
126,11,55
126,12,9.9
126,13,9.9
126,14,55
126,15,9.9
126,16,9.9
126,17,0.0
126,18,9.9
126,19,55
126,20,55
126,21,0.0
126,22,55
126,23,9.9
126,24,55
126,25,55
126,26,55
126,27,9.9
126,28,0.0
126,29,55
126,30,0.0
126,31,55
126,32,9.9
126,33,9.9
126,34,9.9
126,35,55
126,36,0.0
126,37,0.0
126,38,55
126,39,9.9
126,40,9.9
126,41,0.0
126,42,0.0
126,43,9.9
126,44,0.0
126,45,9.9
126,46,9.9
126,47,9.9
126,48,0.0
126,49,9.9
126,50,9.9
126,51,0.0
126,52,9.9
126,53,9.9
126,54,0.0
126,55,9.9
126,56,9.9
126,57,9.9
126,58,9.9
126,59,9.9
126,60,9.9
126,61,9.9
126,62,0.0
126,63,9.9
126,64,9.9
126,65,9.9
126,66,9.9
126,67,9.9
126,68,0.0
126,69,9.9
126,70,0.0
126,71,0.0
126,72,0.0
126,73,9.9
126,74,9.9
126,75,9.9
126,76,9.9
126,77,0.0
126,78,9.9
126,79,9.9
126,80,0.0
126,81,9.9
126,82,9.9
126,83,0.0
126,84,9.9
126,85,9.9
126,86,0.0
126,87,0.0
126,88,0.0
126,89,0.0
126,90,9.9
126,91,9.9
126,92,9.9
126,93,0.0
126,94,9.9
126,95,0.0
126,96,0.0
126,97,9.9
126,98,0.0
126,99,9.9
126,100,0.0
126,101,0.0
126,102,0.0
126,103,9.9
126,104,9.9
126,105,0.0
126,106,9.9
126,107,9.9
126,108,9.9
126,109,9.9
126,110,9.9
126,111,0.0
126,112,9.9
126,113,9.9
126,114,0.0
126,115,9.9
126,116,9.9
126,117,9.9
126,118,9.9
126,119,9.9
126,120,0.0
126,121,9.9
126,122,9.9
126,123,0.0
126,124,9.9
126,125,9.9
126,126,9.9
126,127,0.0
126,128,9.9
126,129,0.0
126,130,0.0
126,131,0.0
126,132,0.0
126,133,0.0
126,134,0.0
126,135,0.0
126,136,0.0
126,137,9.9
126,138,9.9
126,139,9.9
126,140,0.0
126,141,9.9
126,142,0.0
126,143,0.0
126,144,9.9
126,145,0.0
126,146,9.9
126,147,0.0
126,148,0.0
126,149,9.9
126,150,0.0
126,151,0.0
126,152,9.9
126,153,9.9
126,154,9.9
126,155,9.9
126,156,0.0
126,157,0.0
126,158,0.0
126,159,9.9
126,160,9.9
126,161,0.0
126,162,0.0
126,163,9.9
126,164,9.9
126,165,9.9
126,166,9.9
126,167,0.0
126,168,0.0
126,169,9.9
126,170,9.9
126,171,9.9
126,172,0.0
126,173,9.9
126,174,0.0
126,175,0.0
126,176,9.9
126,177,9.9
126,178,0.0
126,179,0.0
126,180,9.9
126,181,0.0
126,182,0.0
126,183,0.0
126,184,9.9
126,185,9.9
126,186,9.9
126,187,9.9
126,188,9.9
126,189,9.9
126,190,9.9
126,191,9.9
126,192,0.0
126,193,9.9
126,194,9.9
126,195,0.0
126,196,9.9
126,197,9.9
126,198,9.9
126,199,0.0
126,200,9.9
126,201,9.9
127,0,55
127,1,9.9
127,2,0.0
127,3,55
127,4,0.0
127,5,55
127,6,0.0
127,7,55
127,8,9.9
127,9,55
127,10,9.9
127,11,9.9
127,12,55
127,13,0.0
127,14,55
127,15,55
127,16,0.0
127,17,9.9
127,18,9.9
127,19,0.0
127,20,55
127,21,55
127,22,55
127,23,55
127,24,55
127,25,55
127,26,55
127,27,55
127,28,55
127,29,9.9
127,30,9.9
127,31,55
127,32,55
127,33,0.0
127,34,0.0
127,35,0.0
127,36,55
127,37,55
127,38,55
127,39,55
127,40,0.0
127,41,9.9
127,42,0.0
127,43,9.9
127,44,9.9
127,45,9.9
127,46,0.0
127,47,0.0
127,48,0.0
127,49,9.9
127,50,0.0
127,51,0.0
127,52,9.9
127,53,0.0
127,54,9.9
127,55,9.9
127,56,0.0
127,57,0.0
127,58,0.0
127,59,0.0
127,60,0.0
127,61,0.0
127,62,9.9
127,63,9.9
127,64,0.0
127,65,0.0
127,66,0.0
127,67,0.0
127,68,9.9
127,69,9.9
127,70,0.0
127,71,9.9
127,72,0.0
127,73,9.9
127,74,0.0
127,75,0.0
127,76,0.0
127,77,9.9
127,78,9.9
127,79,0.0
127,80,9.9
127,81,9.9
127,82,0.0
127,83,9.9
127,84,9.9
127,85,0.0
127,86,9.9
127,87,0.0
127,88,0.0
127,89,0.0
127,90,9.9
127,91,0.0
127,92,0.0
127,93,9.9
127,94,9.9
127,95,0.0
127,96,0.0
127,97,9.9
127,98,9.9
127,99,9.9
127,100,0.0
127,101,9.9
127,102,9.9
127,103,9.9
127,104,0.0
127,105,9.9
127,106,9.9
127,107,0.0
127,108,0.0
127,109,0.0
127,110,0.0
127,111,0.0
127,112,9.9
127,113,0.0
127,114,9.9
127,115,9.9
127,116,0.0
127,117,0.0
127,118,0.0
127,119,0.0
127,120,0.0
127,121,9.9
127,122,0.0
127,123,9.9
127,124,9.9
127,125,0.0
127,126,0.0
127,127,9.9
127,128,9.9
127,129,0.0
127,130,9.9
127,131,9.9
127,132,9.9
127,133,9.9
127,134,0.0
127,135,0.0
127,136,0.0
127,137,9.9
127,138,0.0
127,139,0.0
127,140,9.9
127,141,9.9
127,142,0.0
127,143,0.0
127,144,9.9
127,145,9.9
127,146,9.9
127,147,9.9
127,148,0.0
127,149,9.9
127,150,0.0
127,151,9.9
127,152,9.9
127,153,0.0
127,154,0.0
127,155,0.0
127,156,0.0
127,157,9.9
127,158,9.9
127,159,9.9
127,160,0.0
127,161,0.0
127,162,0.0
127,163,9.9
127,164,0.0
127,165,0.0
127,166,0.0
127,167,9.9
127,168,0.0
127,169,9.9
127,170,0.0
127,171,0.0
127,172,9.9
127,173,9.9
127,174,0.0
127,175,0.0
127,176,9.9
127,177,0.0
127,178,9.9
127,179,0.0
127,180,9.9
127,181,0.0
127,182,9.9
127,183,0.0
127,184,9.9
127,185,0.0
127,186,0.0
127,187,0.0
127,188,0.0
127,189,0.0
127,190,0.0
127,191,0.0
127,192,0.0
127,193,9.9
127,194,0.0
127,195,9.9
127,196,9.9
127,197,0.0
127,198,0.0
127,199,0.0
127,200,9.9
127,201,0.0
128,0,55
128,1,55
128,2,55
128,3,9.9
128,4,9.9
128,5,9.9
128,6,9.9
128,7,9.9
128,8,55
128,9,55
128,10,55
128,11,0.0
128,12,0.0
128,13,55
128,14,9.9
128,15,55
128,16,55
128,17,9.9
128,18,0.0
128,19,55
128,20,9.9
128,21,9.9
128,22,0.0
128,23,55
128,24,55
128,25,0.0
128,26,9.9
128,27,55
128,28,0.0
128,29,55
128,30,0.0
128,31,55
128,32,55
128,33,55
128,34,9.9
128,35,55
128,36,55
128,37,9.9
128,38,9.9
128,39,55
128,40,55
128,41,9.9
128,42,9.9
128,43,9.9
128,44,0.0
128,45,0.0
128,46,0.0
128,47,9.9
128,48,0.0
128,49,9.9
128,50,0.0
128,51,0.0
128,52,9.9
128,53,0.0
128,54,9.9
128,55,0.0
128,56,0.0
128,57,9.9
128,58,9.9
128,59,9.9
128,60,9.9
128,61,9.9
128,62,9.9
128,63,0.0
128,64,0.0
128,65,9.9
128,66,9.9
128,67,9.9
128,68,9.9
128,69,0.0
128,70,9.9
128,71,9.9
128,72,9.9
128,73,9.9
128,74,0.0
128,75,9.9
128,76,9.9
128,77,9.9
128,78,0.0
128,79,0.0
128,80,9.9
128,81,0.0
128,82,0.0
128,83,9.9
128,84,0.0
128,85,0.0
128,86,9.9
128,87,9.9
128,88,0.0
128,89,0.0
128,90,9.9
128,91,0.0
128,92,9.9
128,93,9.9
128,94,0.0
128,95,9.9
128,96,0.0
128,97,9.9
128,98,0.0
128,99,0.0
128,100,9.9
128,101,9.9
128,102,0.0
128,103,0.0
128,104,0.0
128,105,9.9
128,106,0.0
128,107,0.0
128,108,9.9
128,109,9.9
128,110,9.9
128,111,0.0
128,112,9.9
128,113,0.0
128,114,9.9
128,115,0.0
128,116,0.0
128,117,9.9
128,118,9.9
128,119,9.9
128,120,0.0
128,121,9.9
128,122,0.0
128,123,9.9
128,124,0.0
128,125,0.0
128,126,9.9
128,127,9.9
128,128,0.0
128,129,9.9
128,130,9.9
128,131,0.0
128,132,0.0
128,133,0.0
128,134,9.9
128,135,0.0
128,136,0.0
128,137,9.9
128,138,0.0
128,139,9.9
128,140,9.9
128,141,0.0
128,142,9.9
128,143,0.0
128,144,9.9
128,145,0.0
128,146,0.0
128,147,0.0
128,148,9.9
128,149,9.9
128,150,9.9
128,151,9.9
128,152,0.0
128,153,0.0
128,154,9.9
128,155,9.9
128,156,0.0
128,157,9.9
128,158,0.0
128,159,0.0
128,160,0.0
128,161,0.0
128,162,0.0
128,163,9.9
128,164,0.0
128,165,9.9
128,166,9.9
128,167,9.9
128,168,9.9
128,169,9.9
128,170,0.0
128,171,9.9
128,172,9.9
128,173,0.0
128,174,9.9
128,175,0.0
128,176,9.9
128,177,0.0
128,178,9.9
128,179,9.9
128,180,9.9
128,181,9.9
128,182,9.9
128,183,9.9
128,184,9.9
128,185,0.0
128,186,9.9
128,187,9.9
128,188,9.9
128,189,9.9
128,190,9.9
128,191,9.9
128,192,0.0
128,193,9.9
128,194,0.0
128,195,9.9
128,196,0.0
128,197,0.0
128,198,9.9
128,199,0.0
128,200,9.9
128,201,0.0
129,0,55
129,1,55
129,2,0.0
129,3,55
129,4,0.0
129,5,0.0
129,6,0.0
129,7,0.0
129,8,0.0
129,9,55
129,10,55
129,11,55
129,12,55
129,13,55
129,14,55
129,15,0.0
129,16,0.0
129,17,55
129,18,0.0
129,19,55
129,20,55
129,21,0.0
129,22,55
129,23,55
129,24,55
129,25,9.9
129,26,9.9
129,27,55
129,28,0.0
129,29,9.9
129,30,55
129,31,9.9
129,32,0.0
129,33,9.9
129,34,55
129,35,55
129,36,9.9
129,37,55
129,38,0.0
129,39,55
129,40,9.9
129,41,55
129,42,0.0
129,43,0.0
129,44,0.0
129,45,9.9
129,46,0.0
129,47,9.9
129,48,9.9
129,49,9.9
129,50,9.9
129,51,0.0
129,52,9.9
129,53,9.9
129,54,9.9
129,55,0.0
129,56,0.0
129,57,9.9
129,58,0.0
129,59,0.0
129,60,0.0
129,61,0.0
129,62,0.0
129,63,0.0
129,64,0.0
129,65,9.9
129,66,0.0
129,67,0.0
129,68,0.0
129,69,0.0
129,70,9.9
129,71,0.0
129,72,0.0
129,73,0.0
129,74,9.9
129,75,9.9
129,76,0.0
129,77,0.0
129,78,0.0
129,79,0.0
129,80,9.9
129,81,0.0
129,82,0.0
129,83,9.9
129,84,0.0
129,85,0.0
129,86,9.9
129,87,0.0
129,88,9.9
129,89,0.0
129,90,9.9
129,91,9.9
129,92,9.9
129,93,0.0
129,94,0.0
129,95,9.9
129,96,9.9
129,97,9.9
129,98,0.0
129,99,9.9
129,100,9.9
129,101,0.0
129,102,0.0
129,103,9.9
129,104,0.0
129,105,9.9
129,106,0.0
129,107,0.0
129,108,9.9
129,109,0.0
129,110,0.0
129,111,9.9
129,112,9.9
129,113,9.9
129,114,9.9
129,115,0.0
129,116,0.0
129,117,9.9
129,118,0.0
129,119,0.0
129,120,9.9
129,121,9.9
129,122,9.9
129,123,9.9
129,124,0.0
129,125,0.0
129,126,9.9
129,127,0.0
129,128,0.0
129,129,9.9
129,130,0.0
129,131,0.0
129,132,9.9
129,133,9.9
129,134,9.9
129,135,9.9
129,136,0.0
129,137,9.9
129,138,9.9
129,139,9.9
129,140,0.0
129,141,0.0
129,142,9.9
129,143,9.9
129,144,9.9
129,145,0.0
129,146,9.9
129,147,9.9
129,148,9.9
129,149,0.0
129,150,0.0
129,151,0.0
129,152,0.0
129,153,0.0
129,154,9.9
129,155,0.0
129,156,9.9
129,157,9.9
129,158,0.0
129,159,9.9
129,160,0.0
129,161,0.0
129,162,0.0
129,163,9.9
129,164,9.9
129,165,9.9
129,166,0.0
129,167,0.0
129,168,0.0
129,169,0.0
129,170,9.9
129,171,9.9
129,172,0.0
129,173,0.0
129,174,9.9
129,175,9.9
129,176,9.9
129,177,9.9
129,178,9.9
129,179,0.0
129,180,0.0
129,181,0.0
129,182,0.0
129,183,0.0
129,184,0.0
129,185,9.9
129,186,9.9
129,187,0.0
129,188,0.0
129,189,0.0
129,190,0.0
129,191,0.0
129,192,9.9
129,193,9.9
129,194,9.9
129,195,9.9
129,196,0.0
129,197,0.0
129,198,9.9
129,199,9.9
129,200,9.9
129,201,9.9
130,0,55
130,1,55
130,2,9.9
130,3,9.9
130,4,55
130,5,9.9
130,6,9.9
130,7,9.9
130,8,55
130,9,55
130,10,55
130,11,0.0
130,12,9.9
130,13,9.9
130,14,55
130,15,0.0
130,16,55
130,17,9.9
130,18,55
130,19,55
130,20,55
130,21,55
130,22,55
130,23,0.0
130,24,9.9
130,25,55
130,26,0.0
130,27,0.0
130,28,55
130,29,9.9
130,30,55
130,31,55
130,32,55
130,33,9.9
130,34,0.0
130,35,55
130,36,55
130,37,0.0
130,38,55
130,39,9.9
130,40,55
130,41,0.0
130,42,55
130,43,9.9
130,44,0.0
130,45,9.9
130,46,9.9
130,47,9.9
130,48,0.0
130,49,0.0
130,50,0.0
130,51,9.9
130,52,9.9
130,53,0.0
130,54,0.0
130,55,9.9
130,56,0.0
130,57,9.9
130,58,0.0
130,59,9.9
130,60,9.9
130,61,9.9
130,62,9.9
130,63,0.0
130,64,0.0
130,65,9.9
130,66,0.0
130,67,9.9
130,68,9.9
130,69,0.0
130,70,9.9
130,71,0.0
130,72,9.9
130,73,9.9
130,74,9.9
130,75,0.0
130,76,0.0
130,77,9.9
130,78,0.0
130,79,0.0
130,80,9.9
130,81,9.9
130,82,0.0
130,83,9.9
130,84,9.9
130,85,0.0
130,86,9.9
130,87,0.0
130,88,9.9
130,89,9.9
130,90,9.9
130,91,0.0
130,92,0.0
130,93,0.0
130,94,0.0
130,95,9.9
130,96,0.0
130,97,0.0
130,98,9.9
130,99,9.9
130,100,0.0
130,101,0.0
130,102,0.0
130,103,9.9
130,104,9.9
130,105,9.9
130,106,9.9
130,107,0.0
130,108,9.9
130,109,0.0
130,110,9.9
130,111,9.9
130,112,0.0
130,113,0.0
130,114,0.0
130,115,9.9
130,116,0.0
130,117,9.9
130,118,0.0
130,119,9.9
130,120,9.9
130,121,0.0
130,122,0.0
130,123,0.0
130,124,9.9
130,125,0.0
130,126,9.9
130,127,0.0
130,128,0.0
130,129,9.9
130,130,0.0
130,131,0.0
130,132,9.9
130,133,0.0
130,134,0.0
130,135,0.0
130,136,9.9
130,137,9.9
130,138,0.0
130,139,0.0
130,140,0.0
130,141,0.0
130,142,9.9
130,143,0.0
130,144,0.0
130,145,9.9
130,146,9.9
130,147,0.0
130,148,0.0
130,149,0.0
130,150,9.9
130,151,9.9
130,152,0.0
130,153,0.0
130,154,9.9
130,155,0.0
130,156,9.9
130,157,0.0
130,158,9.9
130,159,9.9
130,160,9.9
130,161,0.0
130,162,0.0
130,163,9.9
130,164,0.0
130,165,0.0
130,166,0.0
130,167,9.9
130,168,9.9
130,169,9.9
130,170,9.9
130,171,0.0
130,172,0.0
130,173,0.0
130,174,9.9
130,175,0.0
130,176,0.0
130,177,0.0
130,178,0.0
130,179,0.0
130,180,9.9
130,181,9.9
130,182,9.9
130,183,9.9
130,184,9.9
130,185,9.9
130,186,0.0
130,187,0.0
130,188,9.9
130,189,9.9
130,190,9.9
130,191,9.9
130,192,9.9
130,193,0.0
130,194,0.0
130,195,0.0
130,196,9.9
130,197,0.0
130,198,9.9
130,199,0.0
130,200,0.0
130,201,0.0
131,0,55
131,1,55
131,2,55
131,3,0.0
131,4,55
131,5,55
131,6,0.0
131,7,0.0
131,8,55
131,9,9.9
131,10,9.9
131,11,0.0
131,12,9.9
131,13,0.0
131,14,55
131,15,55
131,16,55
131,17,55
131,18,55
131,19,0.0
131,20,9.9
131,21,9.9
131,22,0.0
131,23,0.0
131,24,9.9
131,25,0.0
131,26,55
131,27,55
131,28,55
131,29,55
131,30,0.0
131,31,55
131,32,9.9
131,33,55
131,34,55
131,35,9.9
131,36,55
131,37,0.0
131,38,55
131,39,55
131,40,0.0
131,41,0.0
131,42,55
131,43,55
131,44,9.9
131,45,9.9
131,46,0.0
131,47,0.0
131,48,0.0
131,49,9.9
131,50,9.9
131,51,9.9
131,52,0.0
131,53,0.0
131,54,9.9
131,55,9.9
131,56,9.9
131,57,9.9
131,58,9.9
131,59,9.9
131,60,0.0
131,61,0.0
131,62,0.0
131,63,9.9
131,64,0.0
131,65,9.9
131,66,9.9
131,67,9.9
131,68,0.0
131,69,9.9
131,70,9.9
131,71,9.9
131,72,9.9
131,73,0.0
131,74,0.0
131,75,0.0
131,76,0.0
131,77,9.9
131,78,9.9
131,79,0.0
131,80,9.9
131,81,0.0
131,82,9.9
131,83,9.9
131,84,0.0
131,85,9.9
131,86,9.9
131,87,9.9
131,88,9.9
131,89,0.0
131,90,0.0
131,91,0.0
131,92,9.9
131,93,0.0
131,94,0.0
131,95,9.9
131,96,0.0
131,97,9.9
131,98,9.9
131,99,0.0
131,100,0.0
131,101,0.0
131,102,0.0
131,103,9.9
131,104,0.0
131,105,0.0
131,106,0.0
131,107,9.9
131,108,9.9
131,109,9.9
131,110,9.9
131,111,0.0
131,112,0.0
131,113,9.9
131,114,9.9
131,115,9.9
131,116,9.9
131,117,9.9
131,118,9.9
131,119,9.9
131,120,0.0
131,121,0.0
131,122,9.9
131,123,9.9
131,124,9.9
131,125,9.9
131,126,9.9
131,127,9.9
131,128,0.0
131,129,9.9
131,130,9.9
131,131,0.0
131,132,9.9
131,133,0.0
131,134,9.9
131,135,9.9
131,136,9.9
131,137,0.0
131,138,0.0
131,139,9.9
131,140,0.0
131,141,0.0
131,142,9.9
131,143,0.0
131,144,9.9
131,145,9.9
131,146,0.0
131,147,0.0
131,148,9.9
131,149,0.0
131,150,9.9
131,151,0.0
131,152,9.9
131,153,0.0
131,154,9.9
131,155,9.9
131,156,9.9
131,157,0.0
131,158,9.9
131,159,0.0
131,160,0.0
131,161,9.9
131,162,0.0
131,163,9.9
131,164,0.0
131,165,9.9
131,166,0.0
131,167,9.9
131,168,0.0
131,169,0.0
131,170,0.0
131,171,0.0
131,172,0.0
131,173,0.0
131,174,9.9
131,175,0.0
131,176,9.9
131,177,9.9
131,178,9.9
131,179,0.0
131,180,9.9
131,181,0.0
131,182,0.0
131,183,0.0
131,184,0.0
131,185,0.0
131,186,0.0
131,187,0.0
131,188,9.9
131,189,0.0
131,190,0.0
131,191,0.0
131,192,0.0
131,193,0.0
131,194,9.9
131,195,9.9
131,196,9.9
131,197,9.9
131,198,9.9
131,199,0.0
131,200,9.9
131,201,9.9
132,0,55
132,1,9.9
132,2,55
132,3,55
132,4,9.9
132,5,55
132,6,55
132,7,9.9
132,8,9.9
132,9,55
132,10,0.0
132,11,9.9
132,12,9.9
132,13,0.0
132,14,9.9
132,15,9.9
132,16,0.0
132,17,55
132,18,55
132,19,9.9
132,20,9.9
132,21,0.0
132,22,55
132,23,0.0
132,24,9.9
132,25,55
132,26,55
132,27,0.0
132,28,0.0
132,29,55
132,30,9.9
132,31,9.9
132,32,55
132,33,0.0
132,34,9.9
132,35,55
132,36,0.0
132,37,55
132,38,55
132,39,55
132,40,0.0
132,41,0.0
132,42,55
132,43,55
132,44,55
132,45,0.0
132,46,0.0
132,47,9.9
132,48,0.0
132,49,9.9
132,50,0.0
132,51,0.0
132,52,0.0
132,53,0.0
132,54,9.9
132,55,0.0
132,56,0.0
132,57,0.0
132,58,0.0
132,59,0.0
132,60,0.0
132,61,9.9
132,62,9.9
132,63,9.9
132,64,9.9
132,65,9.9
132,66,0.0
132,67,0.0
132,68,0.0
132,69,9.9
132,70,0.0
132,71,0.0
132,72,0.0
132,73,0.0
132,74,9.9
132,75,0.0
132,76,0.0
132,77,9.9
132,78,0.0
132,79,9.9
132,80,9.9
132,81,0.0
132,82,9.9
132,83,0.0
132,84,0.0
132,85,9.9
132,86,0.0
132,87,0.0
132,88,0.0
132,89,0.0
132,90,9.9
132,91,0.0
132,92,9.9
132,93,9.9
132,94,0.0
132,95,9.9
132,96,9.9
132,97,9.9
132,98,0.0
132,99,0.0
132,100,0.0
132,101,0.0
132,102,0.0
132,103,9.9
132,104,0.0
132,105,9.9
132,106,9.9
132,107,9.9
132,108,0.0
132,109,0.0
132,110,0.0
132,111,0.0
132,112,0.0
132,113,9.9
132,114,0.0
132,115,0.0
132,116,0.0
132,117,0.0
132,118,0.0
132,119,0.0
132,120,0.0
132,121,0.0
132,122,9.9
132,123,0.0
132,124,0.0
132,125,0.0
132,126,0.0
132,127,0.0
132,128,9.9
132,129,9.9
132,130,0.0
132,131,9.9
132,132,9.9
132,133,9.9
132,134,9.9
132,135,0.0
132,136,0.0
132,137,0.0
132,138,0.0
132,139,9.9
132,140,9.9
132,141,0.0
132,142,9.9
132,143,9.9
132,144,9.9
132,145,0.0
132,146,0.0
132,147,0.0
132,148,9.9
132,149,9.9
132,150,9.9
132,151,0.0
132,152,9.9
132,153,9.9
132,154,9.9
132,155,0.0
132,156,0.0
132,157,9.9
132,158,9.9
132,159,0.0
132,160,9.9
132,161,9.9
132,162,9.9
132,163,9.9
132,164,9.9
132,165,9.9
132,166,9.9
132,167,9.9
132,168,0.0
132,169,9.9
132,170,9.9
132,171,0.0
132,172,0.0
132,173,0.0
132,174,9.9
132,175,9.9
132,176,9.9
132,177,0.0
132,178,0.0
132,179,9.9
132,180,9.9
132,181,0.0
132,182,9.9
132,183,9.9
132,184,9.9
132,185,9.9
132,186,0.0
132,187,0.0
132,188,9.9
132,189,0.0
132,190,9.9
132,191,9.9
132,192,9.9
132,193,0.0
132,194,9.9
132,195,0.0
132,196,0.0
132,197,0.0
132,198,0.0
132,199,9.9
132,200,9.9
132,201,0.0
133,0,55
133,1,55
133,2,55
133,3,9.9
133,4,55
133,5,0.0
133,6,0.0
133,7,55
133,8,0.0
133,9,0.0
133,10,55
133,11,9.9
133,12,0.0
133,13,9.9
133,14,9.9
133,15,0.0
133,16,55
133,17,55
133,18,9.9
133,19,55
133,20,0.0
133,21,0.0
133,22,55
133,23,55
133,24,9.9
133,25,55
133,26,0.0
133,27,0.0
133,28,55
133,29,55
133,30,55
133,31,0.0
133,32,0.0
133,33,0.0
133,34,9.9
133,35,0.0
133,36,0.0
133,37,55
133,38,0.0
133,39,9.9
133,40,55
133,41,0.0
133,42,55
133,43,9.9
133,44,55
133,45,55
133,46,0.0
133,47,9.9
133,48,9.9
133,49,9.9
133,50,0.0
133,51,9.9
133,52,0.0
133,53,0.0
133,54,9.9
133,55,0.0
133,56,9.9
133,57,9.9
133,58,9.9
133,59,9.9
133,60,0.0
133,61,9.9
133,62,0.0
133,63,0.0
133,64,0.0
133,65,0.0
133,66,0.0
133,67,9.9
133,68,0.0
133,69,9.9
133,70,0.0
133,71,9.9
133,72,9.9
133,73,0.0
133,74,9.9
133,75,9.9
133,76,0.0
133,77,9.9
133,78,0.0
133,79,9.9
133,80,0.0
133,81,9.9
133,82,9.9
133,83,0.0
133,84,0.0
133,85,9.9
133,86,0.0
133,87,9.9
133,88,9.9
133,89,0.0
133,90,9.9
133,91,9.9
133,92,9.9
133,93,0.0
133,94,9.9
133,95,9.9
133,96,0.0
133,97,0.0
133,98,0.0
133,99,0.0
133,100,0.0
133,101,0.0
133,102,0.0
133,103,9.9
133,104,9.9
133,105,9.9
133,106,0.0
133,107,0.0
133,108,0.0
133,109,9.9
133,110,9.9
133,111,0.0
133,112,0.0
133,113,9.9
133,114,0.0
133,115,9.9
133,116,9.9
133,117,9.9
133,118,9.9
133,119,9.9
133,120,0.0
133,121,0.0
133,122,9.9
133,123,0.0
133,124,9.9
133,125,9.9
133,126,9.9
133,127,9.9
133,128,9.9
133,129,0.0
133,130,0.0
133,131,9.9
133,132,0.0
133,133,0.0
133,134,0.0
133,135,0.0
133,136,9.9
133,137,0.0
133,138,0.0
133,139,9.9
133,140,0.0
133,141,9.9
133,142,9.9
133,143,0.0
133,144,0.0
133,145,0.0
133,146,0.0
133,147,0.0
133,148,9.9
133,149,0.0
133,150,0.0
133,151,9.9
133,152,9.9
133,153,0.0
133,154,0.0
133,155,0.0
133,156,9.9
133,157,9.9
133,158,0.0
133,159,9.9
133,160,9.9
133,161,0.0
133,162,0.0
133,163,0.0
133,164,0.0
133,165,0.0
133,166,0.0
133,167,0.0
133,168,9.9
133,169,9.9
133,170,0.0
133,171,9.9
133,172,0.0
133,173,0.0
133,174,9.9
133,175,0.0
133,176,0.0
133,177,0.0
133,178,9.9
133,179,9.9
133,180,0.0
133,181,9.9
133,182,9.9
133,183,0.0
133,184,0.0
133,185,0.0
133,186,9.9
133,187,0.0
133,188,9.9
133,189,9.9
133,190,9.9
133,191,0.0
133,192,0.0
133,193,9.9
133,194,9.9
133,195,0.0
133,196,9.9
133,197,9.9
133,198,9.9
133,199,9.9
133,200,0.0
133,201,0.0
134,0,55
134,1,55
134,2,55
134,3,55
134,4,0.0
134,5,9.9
134,6,55
134,7,9.9
134,8,55
134,9,55
134,10,55
134,11,55
134,12,0.0
134,13,9.9
134,14,0.0
134,15,0.0
134,16,55
134,17,0.0
134,18,55
134,19,0.0
134,20,55
134,21,0.0
134,22,55
134,23,0.0
134,24,55
134,25,0.0
134,26,9.9
134,27,0.0
134,28,55
134,29,9.9
134,30,55
134,31,55
134,32,55
134,33,0.0
134,34,9.9
134,35,55
134,36,0.0
134,37,55
134,38,0.0
134,39,9.9
134,40,55
134,41,55
134,42,55
134,43,55
134,44,55
134,45,9.9
134,46,55
134,47,9.9
134,48,0.0
134,49,0.0
134,50,9.9
134,51,9.9
134,52,9.9
134,53,0.0
134,54,9.9
134,55,9.9
134,56,9.9
134,57,0.0
134,58,0.0
134,59,0.0
134,60,9.9
134,61,9.9
134,62,0.0
134,63,9.9
134,64,9.9
134,65,9.9
134,66,0.0
134,67,9.9
134,68,9.9
134,69,9.9
134,70,9.9
134,71,9.9
134,72,0.0
134,73,9.9
134,74,9.9
134,75,0.0
134,76,9.9
134,77,9.9
134,78,9.9
134,79,9.9
134,80,0.0
134,81,9.9
134,82,0.0
134,83,9.9
134,84,0.0
134,85,9.9
134,86,9.9
134,87,9.9
134,88,0.0
134,89,9.9
134,90,9.9
134,91,0.0
134,92,0.0
134,93,0.0
134,94,9.9
134,95,0.0
134,96,0.0
134,97,9.9
134,98,0.0
134,99,0.0
134,100,0.0
134,101,0.0
134,102,0.0
134,103,9.9
134,104,0.0
134,105,0.0
134,106,0.0
134,107,9.9
134,108,0.0
134,109,9.9
134,110,0.0
134,111,9.9
134,112,0.0
134,113,9.9
134,114,9.9
134,115,9.9
134,116,0.0
134,117,0.0
134,118,0.0
134,119,0.0
134,120,9.9
134,121,0.0
134,122,9.9
134,123,9.9
134,124,9.9
134,125,0.0
134,126,0.0
134,127,0.0
134,128,0.0
134,129,0.0
134,130,0.0
134,131,9.9
134,132,0.0
134,133,9.9
134,134,9.9
134,135,0.0
134,136,9.9
134,137,9.9
134,138,0.0
134,139,9.9
134,140,0.0
134,141,9.9
134,142,0.0
134,143,0.0
134,144,9.9
134,145,0.0
134,146,0.0
134,147,0.0
134,148,9.9
134,149,0.0
134,150,9.9
134,151,9.9
134,152,0.0
134,153,0.0
134,154,9.9
134,155,0.0
134,156,9.9
134,157,0.0
134,158,0.0
134,159,9.9
134,160,0.0
134,161,0.0
134,162,9.9
134,163,9.9
134,164,9.9
134,165,9.9
134,166,9.9
134,167,9.9
134,168,9.9
134,169,0.0
134,170,0.0
134,171,9.9
134,172,9.9
134,173,0.0
134,174,9.9
134,175,0.0
134,176,9.9
134,177,0.0
134,178,9.9
134,179,0.0
134,180,0.0
134,181,9.9
134,182,0.0
134,183,0.0
134,184,9.9
134,185,9.9
134,186,9.9
134,187,9.9
134,188,9.9
134,189,0.0
134,190,0.0
134,191,0.0
134,192,9.9
134,193,9.9
134,194,0.0
134,195,9.9
134,196,9.9
134,197,0.0
134,198,0.0
134,199,0.0
134,200,0.0
134,201,0.0
135,0,55
135,1,9.9
135,2,55
135,3,55
135,4,0.0
135,5,9.9
135,6,55
135,7,55
135,8,55
135,9,9.9
135,10,9.9
135,11,55
135,12,55
135,13,9.9
135,14,0.0
135,15,0.0
135,16,55
135,17,0.0
135,18,9.9
135,19,9.9
135,20,55
135,21,55
135,22,55
135,23,0.0
135,24,9.9
135,25,0.0
135,26,9.9
135,27,9.9
135,28,55
135,29,55
135,30,55
135,31,9.9
135,32,9.9
135,33,55
135,34,9.9
135,35,55
135,36,55
135,37,55
135,38,55
135,39,9.9
135,40,0.0
135,41,9.9
135,42,9.9
135,43,55
135,44,55
135,45,55
135,46,55
135,47,55
135,48,0.0
135,49,9.9
135,50,9.9
135,51,0.0
135,52,0.0
135,53,9.9
135,54,9.9
135,55,0.0
135,56,0.0
135,57,0.0
135,58,9.9
135,59,9.9
135,60,9.9
135,61,0.0
135,62,9.9
135,63,9.9
135,64,0.0
135,65,0.0
135,66,9.9
135,67,9.9
135,68,0.0
135,69,0.0
135,70,0.0
135,71,0.0
135,72,0.0
135,73,9.9
135,74,0.0
135,75,0.0
135,76,9.9
135,77,0.0
135,78,0.0
135,79,0.0
135,80,9.9
135,81,9.9
135,82,0.0
135,83,9.9
135,84,9.9
135,85,9.9
135,86,0.0
135,87,0.0
135,88,0.0
135,89,9.9
135,90,0.0
135,91,0.0
135,92,9.9
135,93,0.0
135,94,9.9
135,95,0.0
135,96,0.0
135,97,9.9
135,98,9.9
135,99,0.0
135,100,0.0
135,101,0.0
135,102,0.0
135,103,9.9
135,104,0.0
135,105,9.9
135,106,0.0
135,107,9.9
135,108,9.9
135,109,9.9
135,110,0.0
135,111,9.9
135,112,9.9
135,113,9.9
135,114,0.0
135,115,0.0
135,116,0.0
135,117,9.9
135,118,9.9
135,119,9.9
135,120,9.9
135,121,9.9
135,122,9.9
135,123,0.0
135,124,0.0
135,125,0.0
135,126,9.9
135,127,9.9
135,128,9.9
135,129,0.0
135,130,0.0
135,131,9.9
135,132,9.9
135,133,9.9
135,134,0.0
135,135,9.9
135,136,9.9
135,137,0.0
135,138,9.9
135,139,9.9
135,140,9.9
135,141,9.9
135,142,0.0
135,143,0.0
135,144,9.9
135,145,9.9
135,146,0.0
135,147,0.0
135,148,9.9
135,149,9.9
135,150,9.9
135,151,0.0
135,152,0.0
135,153,0.0
135,154,9.9
135,155,9.9
135,156,9.9
135,157,0.0
135,158,0.0
135,159,9.9
135,160,0.0
135,161,0.0
135,162,9.9
135,163,0.0
135,164,0.0
135,165,0.0
135,166,0.0
135,167,0.0
135,168,0.0
135,169,0.0
135,170,0.0
135,171,9.9
135,172,0.0
135,173,9.9
135,174,9.9
135,175,9.9
135,176,9.9
135,177,9.9
135,178,9.9
135,179,0.0
135,180,0.0
135,181,9.9
135,182,0.0
135,183,0.0
135,184,9.9
135,185,0.0
135,186,0.0
135,187,0.0
135,188,0.0
135,189,0.0
135,190,9.9
135,191,0.0
135,192,9.9
135,193,0.0
135,194,0.0
135,195,9.9
135,196,0.0
135,197,0.0
135,198,9.9
135,199,9.9
135,200,0.0
135,201,0.0
136,0,0.0
136,1,55
136,2,55
136,3,55
136,4,55
136,5,9.9
136,6,0.0
136,7,55
136,8,55
136,9,55
136,10,0.0
136,11,55
136,12,0.0
136,13,55
136,14,9.9
136,15,0.0
136,16,55
136,17,55
136,18,9.9
136,19,0.0
136,20,55
136,21,0.0
136,22,0.0
136,23,55
136,24,9.9
136,25,9.9
136,26,9.9
136,27,0.0
136,28,55
136,29,55
136,30,55
136,31,55
136,32,0.0
136,33,55
136,34,55
136,35,0.0
136,36,9.9
136,37,9.9
136,38,0.0
136,39,55
136,40,55
136,41,9.9
136,42,0.0
136,43,55
136,44,55
136,45,55
136,46,55
136,47,55
136,48,55
136,49,9.9
136,50,0.0
136,51,0.0
136,52,9.9
136,53,9.9
136,54,0.0
136,55,0.0
136,56,9.9
136,57,0.0
136,58,9.9
136,59,0.0
136,60,0.0
136,61,0.0
136,62,9.9
136,63,0.0
136,64,0.0
136,65,9.9
136,66,9.9
136,67,0.0
136,68,0.0
136,69,9.9
136,70,9.9
136,71,9.9
136,72,0.0
136,73,9.9
136,74,0.0
136,75,0.0
136,76,9.9
136,77,0.0
136,78,9.9
136,79,9.9
136,80,9.9
136,81,0.0
136,82,9.9
136,83,9.9
136,84,0.0
136,85,0.0
136,86,0.0
136,87,9.9
136,88,0.0
136,89,9.9
136,90,0.0
136,91,0.0
136,92,9.9
136,93,9.9
136,94,9.9
136,95,9.9
136,96,0.0
136,97,9.9
136,98,0.0
136,99,9.9
136,100,0.0
136,101,0.0
136,102,0.0
136,103,9.9
136,104,9.9
136,105,9.9
136,106,9.9
136,107,9.9
136,108,0.0
136,109,0.0
136,110,9.9
136,111,9.9
136,112,0.0
136,113,0.0
136,114,0.0
136,115,9.9
136,116,0.0
136,117,9.9
136,118,0.0
136,119,0.0
136,120,0.0
136,121,0.0
136,122,0.0
136,123,0.0
136,124,9.9
136,125,0.0
136,126,9.9
136,127,0.0
136,128,0.0
136,129,9.9
136,130,0.0
136,131,9.9
136,132,0.0
136,133,0.0
136,134,0.0
136,135,9.9
136,136,0.0
136,137,0.0
136,138,9.9
136,139,0.0
136,140,0.0
136,141,0.0
136,142,9.9
136,143,0.0
136,144,9.9
136,145,0.0
136,146,9.9
136,147,0.0
136,148,9.9
136,149,0.0
136,150,0.0
136,151,0.0
136,152,0.0
136,153,0.0
136,154,9.9
136,155,0.0
136,156,0.0
136,157,9.9
136,158,0.0
136,159,9.9
136,160,9.9
136,161,0.0
136,162,9.9
136,163,0.0
136,164,9.9
136,165,9.9
136,166,9.9
136,167,9.9
136,168,9.9
136,169,0.0
136,170,0.0
136,171,9.9
136,172,0.0
136,173,9.9
136,174,0.0
136,175,0.0
136,176,0.0
136,177,0.0
136,178,0.0
136,179,9.9
136,180,0.0
136,181,9.9
136,182,9.9
136,183,0.0
136,184,9.9
136,185,0.0
136,186,9.9
136,187,9.9
136,188,9.9
136,189,0.0
136,190,9.9
136,191,9.9
136,192,9.9
136,193,0.0
136,194,0.0
136,195,9.9
136,196,0.0
136,197,0.0
136,198,9.9
136,199,0.0
136,200,9.9
136,201,0.0
137,0,0.0
137,1,9.9
137,2,55
137,3,0.0
137,4,0.0
137,5,55
137,6,55
137,7,9.9
137,8,55
137,9,55
137,10,55
137,11,9.9
137,12,9.9
137,13,9.9
137,14,55
137,15,9.9
137,16,55
137,17,0.0
137,18,55
137,19,0.0
137,20,9.9
137,21,9.9
137,22,55
137,23,55
137,24,55
137,25,0.0
137,26,0.0
137,27,0.0
137,28,9.9
137,29,0.0
137,30,55
137,31,55
137,32,55
137,33,9.9
137,34,55
137,35,9.9
137,36,9.9
137,37,0.0
137,38,55
137,39,9.9
137,40,0.0
137,41,55
137,42,0.0
137,43,9.9
137,44,0.0
137,45,55
137,46,55
137,47,55
137,48,9.9
137,49,55
137,50,0.0
137,51,0.0
137,52,9.9
137,53,0.0
137,54,0.0
137,55,0.0
137,56,9.9
137,57,9.9
137,58,9.9
137,59,0.0
137,60,9.9
137,61,0.0
137,62,9.9
137,63,0.0
137,64,0.0
137,65,9.9
137,66,0.0
137,67,0.0
137,68,0.0
137,69,9.9
137,70,0.0
137,71,0.0
137,72,9.9
137,73,9.9
137,74,9.9
137,75,0.0
137,76,9.9
137,77,9.9
137,78,9.9
137,79,0.0
137,80,0.0
137,81,0.0
137,82,9.9
137,83,0.0
137,84,0.0
137,85,9.9
137,86,0.0
137,87,9.9
137,88,9.9
137,89,9.9
137,90,9.9
137,91,0.0
137,92,9.9
137,93,0.0
137,94,0.0
137,95,0.0
137,96,9.9
137,97,9.9
137,98,0.0
137,99,9.9
137,100,9.9
137,101,0.0
137,102,0.0
137,103,9.9
137,104,0.0
137,105,0.0
137,106,0.0
137,107,0.0
137,108,0.0
137,109,9.9
137,110,9.9
137,111,0.0
137,112,0.0
137,113,9.9
137,114,0.0
137,115,9.9
137,116,9.9
137,117,9.9
137,118,0.0
137,119,9.9
137,120,9.9
137,121,9.9
137,122,9.9
137,123,0.0
137,124,9.9
137,125,9.9
137,126,9.9
137,127,0.0
137,128,9.9
137,129,9.9
137,130,9.9
137,131,9.9
137,132,0.0
137,133,9.9
137,134,0.0
137,135,9.9
137,136,0.0
137,137,0.0
137,138,9.9
137,139,0.0
137,140,9.9
137,141,9.9
137,142,9.9
137,143,9.9
137,144,9.9
137,145,0.0
137,146,9.9
137,147,9.9
137,148,9.9
137,149,0.0
137,150,9.9
137,151,0.0
137,152,0.0
137,153,0.0
137,154,9.9
137,155,0.0
137,156,9.9
137,157,9.9
137,158,9.9
137,159,9.9
137,160,0.0
137,161,9.9
137,162,9.9
137,163,9.9
137,164,9.9
137,165,0.0
137,166,0.0
137,167,0.0
137,168,0.0
137,169,9.9
137,170,0.0
137,171,9.9
137,172,9.9
137,173,9.9
137,174,0.0
137,175,9.9
137,176,9.9
137,177,9.9
137,178,9.9
137,179,9.9
137,180,9.9
137,181,9.9
137,182,0.0
137,183,9.9
137,184,9.9
137,185,9.9
137,186,9.9
137,187,0.0
137,188,0.0
137,189,9.9
137,190,9.9
137,191,0.0
137,192,0.0
137,193,9.9
137,194,0.0
137,195,9.9
137,196,9.9
137,197,0.0
137,198,9.9
137,199,0.0
137,200,9.9
137,201,9.9
138,0,9.9
138,1,9.9
138,2,55
138,3,0.0
138,4,55
138,5,9.9
138,6,9.9
138,7,55
138,8,0.0
138,9,55
138,10,0.0
138,11,55
138,12,0.0
138,13,0.0
138,14,0.0
138,15,55
138,16,55
138,17,0.0
138,18,9.9
138,19,55
138,20,9.9
138,21,0.0
138,22,55
138,23,0.0
138,24,55
138,25,55
138,26,9.9
138,27,0.0
138,28,9.9
138,29,55
138,30,55
138,31,55
138,32,0.0
138,33,55
138,34,0.0
138,35,55
138,36,0.0
138,37,0.0
138,38,55
138,39,55
138,40,55
138,41,9.9
138,42,55
138,43,9.9
138,44,55
138,45,55
138,46,55
138,47,55
138,48,55
138,49,0.0
138,50,55
138,51,0.0
138,52,9.9
138,53,0.0
138,54,0.0
138,55,0.0
138,56,9.9
138,57,0.0
138,58,0.0
138,59,9.9
138,60,9.9
138,61,9.9
138,62,9.9
138,63,9.9
138,64,0.0
138,65,9.9
138,66,0.0
138,67,0.0
138,68,0.0
138,69,9.9
138,70,0.0
138,71,9.9
138,72,9.9
138,73,0.0
138,74,0.0
138,75,9.9
138,76,9.9
138,77,0.0
138,78,0.0
138,79,0.0
138,80,9.9
138,81,0.0
138,82,9.9
138,83,0.0
138,84,0.0
138,85,9.9
138,86,9.9
138,87,9.9
138,88,0.0
138,89,0.0
138,90,0.0
138,91,9.9
138,92,9.9
138,93,0.0
138,94,9.9
138,95,9.9
138,96,9.9
138,97,0.0
138,98,9.9
138,99,9.9
138,100,0.0
138,101,9.9
138,102,0.0
138,103,9.9
138,104,0.0
138,105,9.9
138,106,9.9
138,107,9.9
138,108,0.0
138,109,9.9
138,110,0.0
138,111,0.0
138,112,0.0
138,113,9.9
138,114,9.9
138,115,9.9
138,116,0.0
138,117,0.0
138,118,9.9
138,119,9.9
138,120,0.0
138,121,0.0
138,122,0.0
138,123,9.9
138,124,9.9
138,125,0.0
138,126,0.0
138,127,9.9
138,128,9.9
138,129,0.0
138,130,0.0
138,131,0.0
138,132,9.9
138,133,9.9
138,134,9.9
138,135,9.9
138,136,9.9
138,137,0.0
138,138,9.9
138,139,9.9
138,140,9.9
138,141,0.0
138,142,0.0
138,143,0.0
138,144,0.0
138,145,9.9
138,146,9.9
138,147,0.0
138,148,0.0
138,149,9.9
138,150,9.9
138,151,9.9
138,152,0.0
138,153,0.0
138,154,9.9
138,155,9.9
138,156,9.9
138,157,0.0
138,158,0.0
138,159,0.0
138,160,0.0
138,161,9.9
138,162,0.0
138,163,0.0
138,164,0.0
138,165,0.0
138,166,9.9
138,167,9.9
138,168,9.9
138,169,9.9
138,170,9.9
138,171,9.9
138,172,0.0
138,173,0.0
138,174,9.9
138,175,9.9
138,176,0.0
138,177,0.0
138,178,0.0
138,179,0.0
138,180,0.0
138,181,0.0
138,182,0.0
138,183,9.9
138,184,0.0
138,185,0.0
138,186,0.0
138,187,0.0
138,188,9.9
138,189,9.9
138,190,0.0
138,191,0.0
138,192,9.9
138,193,9.9
138,194,9.9
138,195,9.9
138,196,0.0
138,197,9.9
138,198,9.9
138,199,9.9
138,200,9.9
138,201,0.0
139,0,0.0
139,1,0.0
139,2,0.0
139,3,55
139,4,55
139,5,55
139,6,0.0
139,7,0.0
139,8,0.0
139,9,9.9
139,10,9.9
139,11,9.9
139,12,55
139,13,9.9
139,14,55
139,15,9.9
139,16,55
139,17,55
139,18,9.9
139,19,55
139,20,55
139,21,0.0
139,22,9.9
139,23,9.9
139,24,55
139,25,9.9
139,26,55
139,27,9.9
139,28,9.9
139,29,55
139,30,0.0
139,31,9.9
139,32,0.0
139,33,9.9
139,34,0.0
139,35,9.9
139,36,55
139,37,0.0
139,38,55
139,39,55
139,40,0.0
139,41,55
139,42,55
139,43,55
139,44,55
139,45,0.0
139,46,9.9
139,47,55
139,48,55
139,49,0.0
139,50,55
139,51,55
139,52,9.9
139,53,9.9
139,54,0.0
139,55,0.0
139,56,9.9
139,57,0.0
139,58,9.9
139,59,9.9
139,60,0.0
139,61,0.0
139,62,0.0
139,63,0.0
139,64,9.9
139,65,9.9
139,66,9.9
139,67,0.0
139,68,0.0
139,69,9.9
139,70,9.9
139,71,9.9
139,72,0.0
139,73,0.0
139,74,9.9
139,75,9.9
139,76,0.0
139,77,0.0
139,78,9.9
139,79,0.0
139,80,9.9
139,81,9.9
139,82,9.9
139,83,9.9
139,84,0.0
139,85,9.9
139,86,0.0
139,87,0.0
139,88,0.0
139,89,9.9
139,90,9.9
139,91,9.9
139,92,0.0
139,93,9.9
139,94,9.9
139,95,0.0
139,96,0.0
139,97,0.0
139,98,9.9
139,99,0.0
139,100,0.0
139,101,9.9
139,102,9.9
139,103,9.9
139,104,9.9
139,105,9.9
139,106,0.0
139,107,0.0
139,108,9.9
139,109,9.9
139,110,0.0
139,111,0.0
139,112,0.0
139,113,9.9
139,114,0.0
139,115,0.0
139,116,0.0
139,117,9.9
139,118,9.9
139,119,0.0
139,120,0.0
139,121,9.9
139,122,9.9
139,123,9.9
139,124,0.0
139,125,0.0
139,126,9.9
139,127,9.9
139,128,0.0
139,129,0.0
139,130,9.9
139,131,9.9
139,132,9.9
139,133,0.0
139,134,0.0
139,135,0.0
139,136,0.0
139,137,9.9
139,138,9.9
139,139,0.0
139,140,0.0
139,141,0.0
139,142,9.9
139,143,9.9
139,144,9.9
139,145,9.9
139,146,0.0
139,147,0.0
139,148,9.9
139,149,9.9
139,150,0.0
139,151,0.0
139,152,9.9
139,153,0.0
139,154,9.9
139,155,0.0
139,156,0.0
139,157,0.0
139,158,9.9
139,159,9.9
139,160,0.0
139,161,9.9
139,162,0.0
139,163,9.9
139,164,9.9
139,165,0.0
139,166,9.9
139,167,0.0
139,168,0.0
139,169,0.0
139,170,0.0
139,171,0.0
139,172,0.0
139,173,9.9
139,174,9.9
139,175,0.0
139,176,0.0
139,177,9.9
139,178,9.9
139,179,9.9
139,180,9.9
139,181,9.9
139,182,0.0
139,183,9.9
139,184,0.0
139,185,9.9
139,186,9.9
139,187,0.0
139,188,9.9
139,189,0.0
139,190,0.0
139,191,0.0
139,192,9.9
139,193,0.0
139,194,0.0
139,195,0.0
139,196,0.0
139,197,9.9
139,198,0.0
139,199,0.0
139,200,0.0
139,201,0.0
140,0,0.0
140,1,9.9
140,2,55
140,3,55
140,4,9.9
140,5,55
140,6,55
140,7,55
140,8,0.0
140,9,9.9
140,10,0.0
140,11,0.0
140,12,55
140,13,55
140,14,55
140,15,55
140,16,0.0
140,17,9.9
140,18,55
140,19,0.0
140,20,55
140,21,55
140,22,9.9
140,23,0.0
140,24,55
140,25,55
140,26,0.0
140,27,55
140,28,0.0
140,29,0.0
140,30,9.9
140,31,9.9
140,32,9.9
140,33,9.9
140,34,9.9
140,35,9.9
140,36,55
140,37,55
140,38,55
140,39,9.9
140,40,0.0
140,41,9.9
140,42,55
140,43,55
140,44,55
140,45,9.9
140,46,9.9
140,47,55
140,48,55
140,49,55
140,50,55
140,51,0.0
140,52,55
140,53,0.0
140,54,9.9
140,55,0.0
140,56,9.9
140,57,9.9
140,58,9.9
140,59,0.0
140,60,0.0
140,61,9.9
140,62,9.9
140,63,9.9
140,64,9.9
140,65,0.0
140,66,0.0
140,67,9.9
140,68,0.0
140,69,9.9
140,70,0.0
140,71,0.0
140,72,0.0
140,73,0.0
140,74,9.9
140,75,0.0
140,76,0.0
140,77,0.0
140,78,9.9
140,79,9.9
140,80,9.9
140,81,0.0
140,82,0.0
140,83,0.0
140,84,9.9
140,85,9.9
140,86,0.0
140,87,9.9
140,88,0.0
140,89,9.9
140,90,0.0
140,91,0.0
140,92,0.0
140,93,9.9
140,94,0.0
140,95,0.0
140,96,9.9
140,97,0.0
140,98,9.9
140,99,0.0
140,100,0.0
140,101,9.9
140,102,0.0
140,103,0.0
140,104,0.0
140,105,0.0
140,106,0.0
140,107,9.9
140,108,9.9
140,109,0.0
140,110,9.9
140,111,0.0
140,112,0.0
140,113,9.9
140,114,0.0
140,115,9.9
140,116,0.0
140,117,9.9
140,118,0.0
140,119,0.0
140,120,0.0
140,121,9.9
140,122,0.0
140,123,0.0
140,124,0.0
140,125,0.0
140,126,9.9
140,127,0.0
140,128,0.0
140,129,0.0
140,130,9.9
140,131,0.0
140,132,0.0
140,133,0.0
140,134,9.9
140,135,9.9
140,136,9.9
140,137,9.9
140,138,0.0
140,139,0.0
140,140,9.9
140,141,0.0
140,142,9.9
140,143,0.0
140,144,0.0
140,145,0.0
140,146,0.0
140,147,0.0
140,148,9.9
140,149,0.0
140,150,0.0
140,151,9.9
140,152,9.9
140,153,9.9
140,154,9.9
140,155,0.0
140,156,9.9
140,157,0.0
140,158,9.9
140,159,0.0
140,160,9.9
140,161,9.9
140,162,9.9
140,163,9.9
140,164,0.0
140,165,9.9
140,166,9.9
140,167,0.0
140,168,9.9
140,169,9.9
140,170,9.9
140,171,9.9
140,172,0.0
140,173,9.9
140,174,0.0
140,175,0.0
140,176,0.0
140,177,9.9
140,178,0.0
140,179,0.0
140,180,0.0
140,181,0.0
140,182,9.9
140,183,9.9
140,184,9.9
140,185,9.9
140,186,0.0
140,187,9.9
140,188,9.9
140,189,0.0
140,190,0.0
140,191,0.0
140,192,9.9
140,193,0.0
140,194,9.9
140,195,9.9
140,196,0.0
140,197,9.9
140,198,0.0
140,199,9.9
140,200,9.9
140,201,0.0
141,0,55
141,1,9.9
141,2,55
141,3,0.0
141,4,55
141,5,55
141,6,9.9
141,7,9.9
141,8,55
141,9,9.9
141,10,0.0
141,11,9.9
141,12,9.9
141,13,55
141,14,55
141,15,55
141,16,9.9
141,17,9.9
141,18,0.0
141,19,0.0
141,20,9.9
141,21,9.9
141,22,55
141,23,0.0
141,24,9.9
141,25,55
141,26,9.9
141,27,9.9
141,28,55
141,29,55
141,30,9.9
141,31,0.0
141,32,0.0
141,33,0.0
141,34,0.0
141,35,0.0
141,36,0.0
141,37,9.9
141,38,9.9
141,39,55
141,40,9.9
141,41,9.9
141,42,0.0
141,43,55
141,44,0.0
141,45,55
141,46,0.0
141,47,0.0
141,48,0.0
141,49,0.0
141,50,9.9
141,51,0.0
141,52,9.9
141,53,55
141,54,9.9
141,55,9.9
141,56,9.9
141,57,0.0
141,58,0.0
141,59,0.0
141,60,0.0
141,61,9.9
141,62,0.0
141,63,0.0
141,64,0.0
141,65,0.0
141,66,9.9
141,67,9.9
141,68,9.9
141,69,9.9
141,70,0.0
141,71,9.9
141,72,0.0
141,73,0.0
141,74,9.9
141,75,0.0
141,76,0.0
141,77,0.0
141,78,9.9
141,79,0.0
141,80,0.0
141,81,0.0
141,82,9.9
141,83,9.9
141,84,9.9
141,85,0.0
141,86,9.9
141,87,9.9
141,88,9.9
141,89,9.9
141,90,0.0
141,91,9.9
141,92,0.0
141,93,9.9
141,94,0.0
141,95,0.0
141,96,9.9
141,97,9.9
141,98,9.9
141,99,9.9
141,100,0.0
141,101,9.9
141,102,0.0
141,103,9.9
141,104,9.9
141,105,9.9
141,106,0.0
141,107,9.9
141,108,0.0
141,109,0.0
141,110,9.9
141,111,9.9
141,112,0.0
141,113,9.9
141,114,9.9
141,115,9.9
141,116,9.9
141,117,9.9
141,118,0.0
141,119,0.0
141,120,0.0
141,121,9.9
141,122,0.0
141,123,9.9
141,124,0.0
141,125,0.0
141,126,9.9
141,127,0.0
141,128,0.0
141,129,0.0
141,130,9.9
141,131,0.0
141,132,9.9
141,133,0.0
141,134,9.9
141,135,0.0
141,136,0.0
141,137,0.0
141,138,0.0
141,139,0.0
141,140,9.9
141,141,9.9
141,142,9.9
141,143,0.0
141,144,9.9
141,145,9.9
141,146,0.0
141,147,0.0
141,148,9.9
141,149,0.0
141,150,0.0
141,151,9.9
141,152,0.0
141,153,0.0
141,154,0.0
141,155,9.9
141,156,9.9
141,157,9.9
141,158,9.9
141,159,0.0
141,160,9.9
141,161,0.0
141,162,0.0
141,163,0.0
141,164,0.0
141,165,9.9
141,166,0.0
141,167,9.9
141,168,9.9
141,169,0.0
141,170,0.0
141,171,0.0
141,172,9.9
141,173,9.9
141,174,0.0
141,175,0.0
141,176,0.0
141,177,9.9
141,178,0.0
141,179,9.9
141,180,9.9
141,181,9.9
141,182,9.9
141,183,0.0
141,184,0.0
141,185,0.0
141,186,0.0
141,187,9.9
141,188,0.0
141,189,9.9
141,190,0.0
141,191,0.0
141,192,9.9
141,193,9.9
141,194,9.9
141,195,0.0
141,196,9.9
141,197,9.9
141,198,9.9
141,199,9.9
141,200,0.0
141,201,9.9
142,0,55
142,1,55
142,2,0.0
142,3,9.9
142,4,9.9
142,5,55
142,6,55
142,7,0.0
142,8,55
142,9,55
142,10,9.9
142,11,9.9
142,12,0.0
142,13,0.0
142,14,55
142,15,55
142,16,55
142,17,0.0
142,18,55
142,19,0.0
142,20,9.9
142,21,0.0
142,22,0.0
142,23,55
142,24,9.9
142,25,0.0
142,26,55
142,27,0.0
142,28,55
142,29,0.0
142,30,55
142,31,0.0
142,32,9.9
142,33,9.9
142,34,9.9
142,35,9.9
142,36,55
142,37,9.9
142,38,0.0
142,39,0.0
142,40,55
142,41,0.0
142,42,55
142,43,9.9
142,44,9.9
142,45,9.9
142,46,55
142,47,55
142,48,55
142,49,55
142,50,9.9
142,51,9.9
142,52,9.9
142,53,55
142,54,55
142,55,0.0
142,56,0.0
142,57,0.0
142,58,9.9
142,59,0.0
142,60,0.0
142,61,9.9
142,62,0.0
142,63,9.9
142,64,9.9
142,65,0.0
142,66,9.9
142,67,0.0
142,68,0.0
142,69,0.0
142,70,9.9
142,71,9.9
142,72,9.9
142,73,0.0
142,74,9.9
142,75,9.9
142,76,0.0
142,77,0.0
142,78,9.9
142,79,0.0
142,80,9.9
142,81,0.0
142,82,9.9
142,83,0.0
142,84,0.0
142,85,0.0
142,86,9.9
142,87,0.0
142,88,0.0
142,89,0.0
142,90,9.9
142,91,9.9
142,92,9.9
142,93,9.9
142,94,9.9
142,95,0.0
142,96,9.9
142,97,0.0
142,98,0.0
142,99,0.0
142,100,9.9
142,101,9.9
142,102,9.9
142,103,9.9
142,104,0.0
142,105,0.0
142,106,9.9
142,107,9.9
142,108,0.0
142,109,0.0
142,110,9.9
142,111,0.0
142,112,9.9
142,113,9.9
142,114,0.0
142,115,0.0
142,116,0.0
142,117,0.0
142,118,9.9
142,119,0.0
142,120,0.0
142,121,9.9
142,122,9.9
142,123,9.9
142,124,9.9
142,125,0.0
142,126,9.9
142,127,9.9
142,128,0.0
142,129,0.0
142,130,9.9
142,131,9.9
142,132,9.9
142,133,9.9
142,134,9.9
142,135,0.0
142,136,9.9
142,137,9.9
142,138,0.0
142,139,0.0
142,140,9.9
142,141,0.0
142,142,0.0
142,143,9.9
142,144,9.9
142,145,0.0
142,146,9.9
142,147,0.0
142,148,9.9
142,149,9.9
142,150,0.0
142,151,9.9
142,152,0.0
142,153,9.9
142,154,9.9
142,155,9.9
142,156,0.0
142,157,0.0
142,158,0.0
142,159,9.9
142,160,9.9
142,161,0.0
142,162,9.9
142,163,9.9
142,164,0.0
142,165,9.9
142,166,0.0
142,167,9.9
142,168,0.0
142,169,0.0
142,170,9.9
142,171,9.9
142,172,9.9
142,173,0.0
142,174,9.9
142,175,0.0
142,176,0.0
142,177,9.9
142,178,9.9
142,179,9.9
142,180,0.0
142,181,0.0
142,182,0.0
142,183,0.0
142,184,9.9
142,185,9.9
142,186,0.0
142,187,9.9
142,188,0.0
142,189,9.9
142,190,9.9
142,191,0.0
142,192,9.9
142,193,0.0
142,194,0.0
142,195,0.0
142,196,9.9
142,197,0.0
142,198,0.0
142,199,0.0
142,200,0.0
142,201,9.9
143,0,55
143,1,55
143,2,0.0
143,3,9.9
143,4,0.0
143,5,0.0
143,6,55
143,7,55
143,8,9.9
143,9,55
143,10,55
143,11,0.0
143,12,0.0
143,13,55
143,14,9.9
143,15,55
143,16,55
143,17,55
143,18,55
143,19,55
143,20,9.9
143,21,0.0
143,22,55
143,23,55
143,24,55
143,25,55
143,26,9.9
143,27,55
143,28,9.9
143,29,9.9
143,30,9.9
143,31,55
143,32,9.9
143,33,0.0
143,34,0.0
143,35,0.0
143,36,55
143,37,55
143,38,0.0
143,39,55
143,40,9.9
143,41,55
143,42,55
143,43,55
143,44,0.0
143,45,0.0
143,46,55
143,47,0.0
143,48,0.0
143,49,0.0
143,50,55
143,51,0.0
143,52,0.0
143,53,0.0
143,54,55
143,55,55
143,56,9.9
143,57,0.0
143,58,9.9
143,59,9.9
143,60,0.0
143,61,9.9
143,62,9.9
143,63,9.9
143,64,0.0
143,65,9.9
143,66,9.9
143,67,0.0
143,68,9.9
143,69,9.9
143,70,9.9
143,71,0.0
143,72,0.0
143,73,9.9
143,74,9.9
143,75,0.0
143,76,9.9
143,77,0.0
143,78,9.9
143,79,9.9
143,80,9.9
143,81,9.9
143,82,9.9
143,83,0.0
143,84,9.9
143,85,0.0
143,86,9.9
143,87,0.0
143,88,9.9
143,89,9.9
143,90,9.9
143,91,0.0
143,92,0.0
143,93,0.0
143,94,0.0
143,95,9.9
143,96,9.9
143,97,0.0
143,98,9.9
143,99,9.9
143,100,9.9
143,101,0.0
143,102,0.0
143,103,0.0
143,104,0.0
143,105,9.9
143,106,9.9
143,107,0.0
143,108,9.9
143,109,0.0
143,110,9.9
143,111,0.0
143,112,9.9
143,113,0.0
143,114,0.0
143,115,9.9
143,116,9.9
143,117,9.9
143,118,9.9
143,119,9.9
143,120,0.0
143,121,9.9
143,122,0.0
143,123,0.0
143,124,0.0
143,125,9.9
143,126,9.9
143,127,0.0
143,128,9.9
143,129,0.0
143,130,9.9
143,131,0.0
143,132,0.0
143,133,0.0
143,134,0.0
143,135,9.9
143,136,9.9
143,137,0.0
143,138,9.9
143,139,0.0
143,140,9.9
143,141,0.0
143,142,9.9
143,143,9.9
143,144,0.0
143,145,0.0
143,146,9.9
143,147,9.9
143,148,9.9
143,149,0.0
143,150,9.9
143,151,9.9
143,152,9.9
143,153,9.9
143,154,0.0
143,155,0.0
143,156,0.0
143,157,9.9
143,158,9.9
143,159,9.9
143,160,0.0
143,161,9.9
143,162,9.9
143,163,0.0
143,164,9.9
143,165,9.9
143,166,9.9
143,167,9.9
143,168,0.0
143,169,0.0
143,170,9.9
143,171,0.0
143,172,0.0
143,173,0.0
143,174,9.9
143,175,9.9
143,176,0.0
143,177,9.9
143,178,0.0
143,179,0.0
143,180,0.0
143,181,9.9
143,182,9.9
143,183,0.0
143,184,9.9
143,185,0.0
143,186,9.9
143,187,9.9
143,188,9.9
143,189,9.9
143,190,0.0
143,191,9.9
143,192,9.9
143,193,0.0
143,194,9.9
143,195,0.0
143,196,9.9
143,197,0.0
143,198,9.9
143,199,9.9
143,200,0.0
143,201,9.9
144,0,55
144,1,0.0
144,2,55
144,3,9.9
144,4,0.0
144,5,55
144,6,9.9
144,7,0.0
144,8,55
144,9,0.0
144,10,55
144,11,55
144,12,0.0
144,13,55
144,14,55
144,15,0.0
144,16,55
144,17,0.0
144,18,9.9
144,19,0.0
144,20,55
144,21,9.9
144,22,55
144,23,0.0
144,24,55
144,25,9.9
144,26,55
144,27,55
144,28,55
144,29,0.0
144,30,0.0
144,31,55
144,32,55
144,33,0.0
144,34,9.9
144,35,9.9
144,36,9.9
144,37,55
144,38,55
144,39,55
144,40,55
144,41,55
144,42,9.9
144,43,55
144,44,55
144,45,9.9
144,46,9.9
144,47,9.9
144,48,55
144,49,55
144,50,9.9
144,51,55
144,52,9.9
144,53,55
144,54,9.9
144,55,0.0
144,56,55
144,57,9.9
144,58,9.9
144,59,0.0
144,60,9.9
144,61,9.9
144,62,0.0
144,63,0.0
144,64,0.0
144,65,9.9
144,66,0.0
144,67,9.9
144,68,9.9
144,69,0.0
144,70,0.0
144,71,0.0
144,72,9.9
144,73,9.9
144,74,0.0
144,75,0.0
144,76,9.9
144,77,9.9
144,78,9.9
144,79,0.0
144,80,0.0
144,81,0.0
144,82,0.0
144,83,9.9
144,84,9.9
144,85,9.9
144,86,9.9
144,87,9.9
144,88,9.9
144,89,0.0
144,90,0.0
144,91,0.0
144,92,9.9
144,93,9.9
144,94,9.9
144,95,9.9
144,96,0.0
144,97,9.9
144,98,9.9
144,99,0.0
144,100,0.0
144,101,0.0
144,102,9.9
144,103,9.9
144,104,0.0
144,105,9.9
144,106,0.0
144,107,0.0
144,108,9.9
144,109,9.9
144,110,9.9
144,111,9.9
144,112,9.9
144,113,0.0
144,114,0.0
144,115,9.9
144,116,0.0
144,117,0.0
144,118,0.0
144,119,0.0
144,120,9.9
144,121,9.9
144,122,0.0
144,123,9.9
144,124,9.9
144,125,9.9
144,126,0.0
144,127,0.0
144,128,9.9
144,129,9.9
144,130,9.9
144,131,0.0
144,132,9.9
144,133,9.9
144,134,9.9
144,135,9.9
144,136,0.0
144,137,0.0
144,138,9.9
144,139,9.9
144,140,9.9
144,141,9.9
144,142,9.9
144,143,0.0
144,144,0.0
144,145,0.0
144,146,9.9
144,147,0.0
144,148,0.0
144,149,0.0
144,150,9.9
144,151,0.0
144,152,0.0
144,153,0.0
144,154,0.0
144,155,9.9
144,156,0.0
144,157,9.9
144,158,0.0
144,159,0.0
144,160,0.0
144,161,9.9
144,162,0.0
144,163,0.0
144,164,9.9
144,165,0.0
144,166,0.0
144,167,0.0
144,168,9.9
144,169,0.0
144,170,9.9
144,171,0.0
144,172,9.9
144,173,0.0
144,174,9.9
144,175,0.0
144,176,9.9
144,177,9.9
144,178,0.0
144,179,9.9
144,180,0.0
144,181,9.9
144,182,0.0
144,183,9.9
144,184,9.9
144,185,0.0
144,186,9.9
144,187,0.0
144,188,0.0
144,189,0.0
144,190,0.0
144,191,9.9
144,192,0.0
144,193,9.9
144,194,9.9
144,195,9.9
144,196,9.9
144,197,9.9
144,198,9.9
144,199,0.0
144,200,9.9
144,201,9.9
145,0,55
145,1,0.0
145,2,55
145,3,55
145,4,9.9
145,5,55
145,6,55
145,7,55
145,8,9.9
145,9,0.0
145,10,9.9
145,11,0.0
145,12,55
145,13,55
145,14,55
145,15,9.9
145,16,9.9
145,17,9.9
145,18,9.9
145,19,55
145,20,9.9
145,21,55
145,22,55
145,23,0.0
145,24,55
145,25,55
145,26,0.0
145,27,55
145,28,55
145,29,55
145,30,9.9
145,31,9.9
145,32,55
145,33,55
145,34,9.9
145,35,0.0
145,36,0.0
145,37,0.0
145,38,9.9
145,39,0.0
145,40,55
145,41,55
145,42,55
145,43,55
145,44,9.9
145,45,55
145,46,0.0
145,47,0.0
145,48,55
145,49,0.0
145,50,55
145,51,55
145,52,55
145,53,55
145,54,55
145,55,55
145,56,9.9
145,57,55
145,58,0.0
145,59,0.0
145,60,9.9
145,61,0.0
145,62,0.0
145,63,9.9
145,64,0.0
145,65,9.9
145,66,0.0
145,67,9.9
145,68,0.0
145,69,0.0
145,70,9.9
145,71,0.0
145,72,9.9
145,73,0.0
145,74,0.0
145,75,0.0
145,76,9.9
145,77,0.0
145,78,0.0
145,79,0.0
145,80,9.9
145,81,9.9
145,82,9.9
145,83,9.9
145,84,0.0
145,85,0.0
145,86,0.0
145,87,0.0
145,88,0.0
145,89,0.0
145,90,9.9
145,91,0.0
145,92,9.9
145,93,0.0
145,94,0.0
145,95,0.0
145,96,0.0
145,97,9.9
145,98,0.0
145,99,0.0
145,100,9.9
145,101,0.0
145,102,9.9
145,103,0.0
145,104,9.9
145,105,9.9
145,106,0.0
145,107,0.0
145,108,9.9
145,109,0.0
145,110,0.0
145,111,0.0
145,112,0.0
145,113,9.9
145,114,0.0
145,115,9.9
145,116,0.0
145,117,9.9
145,118,9.9
145,119,9.9
145,120,9.9
145,121,0.0
145,122,9.9
145,123,9.9
145,124,0.0
145,125,0.0
145,126,0.0
145,127,0.0
145,128,9.9
145,129,0.0
145,130,0.0
145,131,9.9
145,132,9.9
145,133,0.0
145,134,0.0
145,135,0.0
145,136,0.0
145,137,0.0
145,138,9.9
145,139,0.0
145,140,0.0
145,141,0.0
145,142,0.0
145,143,0.0
145,144,0.0
145,145,0.0
145,146,9.9
145,147,0.0
145,148,9.9
145,149,0.0
145,150,9.9
145,151,0.0
145,152,9.9
145,153,9.9
145,154,0.0
145,155,9.9
145,156,9.9
145,157,9.9
145,158,0.0
145,159,9.9
145,160,0.0
145,161,9.9
145,162,0.0
145,163,0.0
145,164,9.9
145,165,0.0
145,166,9.9
145,167,9.9
145,168,9.9
145,169,9.9
145,170,9.9
145,171,9.9
145,172,9.9
145,173,9.9
145,174,9.9
145,175,0.0
145,176,9.9
145,177,0.0
145,178,9.9
145,179,9.9
145,180,9.9
145,181,9.9
145,182,0.0
145,183,9.9
145,184,0.0
145,185,9.9
145,186,9.9
145,187,0.0
145,188,9.9
145,189,9.9
145,190,0.0
145,191,9.9
145,192,0.0
145,193,9.9
145,194,0.0
145,195,0.0
145,196,0.0
145,197,0.0
145,198,0.0
145,199,0.0
145,200,9.9
145,201,0.0
146,0,9.9
146,1,55
146,2,55
146,3,55
146,4,55
146,5,55
146,6,55
146,7,9.9
146,8,55
146,9,9.9
146,10,9.9
146,11,55
146,12,55
146,13,9.9
146,14,9.9
146,15,55
146,16,0.0
146,17,0.0
146,18,0.0
146,19,55
146,20,55
146,21,0.0
146,22,55
146,23,55
146,24,55
146,25,55
146,26,9.9
146,27,55
146,28,55
146,29,0.0
146,30,55
146,31,0.0
146,32,0.0
146,33,9.9
146,34,55
146,35,0.0
146,36,9.9
146,37,55
146,38,9.9
146,39,55
146,40,55
146,41,55
146,42,55
146,43,55
146,44,55
146,45,0.0
146,46,55
146,47,9.9
146,48,9.9
146,49,9.9
146,50,9.9
146,51,55
146,52,55
146,53,55
146,54,55
146,55,9.9
146,56,55
146,57,0.0
146,58,55
146,59,0.0
146,60,9.9
146,61,0.0
146,62,0.0
146,63,9.9
146,64,9.9
146,65,9.9
146,66,9.9
146,67,9.9
146,68,0.0
146,69,0.0
146,70,9.9
146,71,9.9
146,72,9.9
146,73,0.0
146,74,0.0
146,75,0.0
146,76,9.9
146,77,0.0
146,78,9.9
146,79,0.0
146,80,9.9
146,81,0.0
146,82,0.0
146,83,0.0
146,84,0.0
146,85,9.9
146,86,9.9
146,87,9.9
146,88,9.9
146,89,0.0
146,90,9.9
146,91,9.9
146,92,9.9
146,93,0.0
146,94,9.9
146,95,9.9
146,96,0.0
146,97,9.9
146,98,0.0
146,99,0.0
146,100,9.9
146,101,9.9
146,102,9.9
146,103,0.0
146,104,9.9
146,105,0.0
146,106,9.9
146,107,0.0
146,108,9.9
146,109,0.0
146,110,9.9
146,111,9.9
146,112,9.9
146,113,9.9
146,114,9.9
146,115,9.9
146,116,9.9
146,117,9.9
146,118,0.0
146,119,0.0
146,120,0.0
146,121,0.0
146,122,9.9
146,123,0.0
146,124,0.0
146,125,9.9
146,126,0.0
146,127,0.0
146,128,9.9
146,129,0.0
146,130,9.9
146,131,9.9
146,132,0.0
146,133,0.0
146,134,9.9
146,135,9.9
146,136,0.0
146,137,0.0
146,138,9.9
146,139,0.0
146,140,9.9
146,141,9.9
146,142,9.9
146,143,0.0
146,144,0.0
146,145,0.0
146,146,9.9
146,147,9.9
146,148,9.9
146,149,9.9
146,150,9.9
146,151,9.9
146,152,9.9
146,153,0.0
146,154,9.9
146,155,9.9
146,156,0.0
146,157,0.0
146,158,9.9
146,159,9.9
146,160,9.9
146,161,9.9
146,162,9.9
146,163,0.0
146,164,9.9
146,165,9.9
146,166,9.9
146,167,0.0
146,168,0.0
146,169,0.0
146,170,0.0
146,171,0.0
146,172,0.0
146,173,0.0
146,174,0.0
146,175,9.9
146,176,9.9
146,177,0.0
146,178,9.9
146,179,0.0
146,180,0.0
146,181,0.0
146,182,9.9
146,183,9.9
146,184,0.0
146,185,9.9
146,186,0.0
146,187,9.9
146,188,9.9
146,189,0.0
146,190,9.9
146,191,9.9
146,192,9.9
146,193,9.9
146,194,0.0
146,195,9.9
146,196,9.9
146,197,9.9
146,198,9.9
146,199,0.0
146,200,9.9
146,201,0.0
147,0,55
147,1,55
147,2,0.0
147,3,9.9
147,4,55
147,5,55
147,6,0.0
147,7,55
147,8,0.0
147,9,55
147,10,0.0
147,11,55
147,12,9.9
147,13,55
147,14,0.0
147,15,0.0
147,16,55
147,17,9.9
147,18,9.9
147,19,9.9
147,20,55
147,21,0.0
147,22,55
147,23,0.0
147,24,0.0
147,25,9.9
147,26,55
147,27,55
147,28,9.9
147,29,0.0
147,30,9.9
147,31,55
147,32,55
147,33,9.9
147,34,0.0
147,35,55
147,36,9.9
147,37,55
147,38,55
147,39,55
147,40,0.0
147,41,9.9
147,42,55
147,43,0.0
147,44,55
147,45,0.0
147,46,55
147,47,55
147,48,0.0
147,49,0.0
147,50,0.0
147,51,0.0
147,52,55
147,53,55
147,54,55
147,55,55
147,56,0.0
147,57,0.0
147,58,55
147,59,55
147,60,9.9
147,61,9.9
147,62,0.0
147,63,9.9
147,64,0.0
147,65,0.0
147,66,0.0
147,67,0.0
147,68,9.9
147,69,0.0
147,70,9.9
147,71,0.0
147,72,0.0
147,73,9.9
147,74,0.0
147,75,0.0
147,76,9.9
147,77,9.9
147,78,9.9
147,79,9.9
147,80,9.9
147,81,0.0
147,82,9.9
147,83,9.9
147,84,0.0
147,85,9.9
147,86,0.0
147,87,0.0
147,88,0.0
147,89,9.9
147,90,9.9
147,91,0.0
147,92,0.0
147,93,9.9
147,94,9.9
147,95,0.0
147,96,9.9
147,97,9.9
147,98,9.9
147,99,0.0
147,100,9.9
147,101,0.0
147,102,0.0
147,103,9.9
147,104,9.9
147,105,0.0
147,106,9.9
147,107,9.9
147,108,9.9
147,109,9.9
147,110,9.9
147,111,0.0
147,112,0.0
147,113,0.0
147,114,0.0
147,115,0.0
147,116,0.0
147,117,0.0
147,118,0.0
147,119,9.9
147,120,9.9
147,121,0.0
147,122,9.9
147,123,0.0
147,124,0.0
147,125,9.9
147,126,9.9
147,127,0.0
147,128,9.9
147,129,9.9
147,130,9.9
147,131,0.0
147,132,0.0
147,133,0.0
147,134,9.9
147,135,0.0
147,136,9.9
147,137,0.0
147,138,9.9
147,139,9.9
147,140,9.9
147,141,0.0
147,142,0.0
147,143,9.9
147,144,0.0
147,145,0.0
147,146,9.9
147,147,0.0
147,148,0.0
147,149,0.0
147,150,0.0
147,151,0.0
147,152,0.0
147,153,0.0
147,154,9.9
147,155,0.0
147,156,0.0
147,157,9.9
147,158,9.9
147,159,0.0
147,160,0.0
147,161,0.0
147,162,0.0
147,163,9.9
147,164,9.9
147,165,0.0
147,166,0.0
147,167,0.0
147,168,9.9
147,169,9.9
147,170,9.9
147,171,9.9
147,172,9.9
147,173,9.9
147,174,9.9
147,175,9.9
147,176,0.0
147,177,9.9
147,178,9.9
147,179,0.0
147,180,9.9
147,181,9.9
147,182,9.9
147,183,0.0
147,184,9.9
147,185,9.9
147,186,0.0
147,187,9.9
147,188,0.0
147,189,0.0
147,190,9.9
147,191,0.0
147,192,0.0
147,193,0.0
147,194,9.9
147,195,9.9
147,196,0.0
147,197,0.0
147,198,0.0
147,199,9.9
147,200,9.9
147,201,9.9
148,0,9.9
148,1,55
148,2,9.9
148,3,9.9
148,4,55
148,5,55
148,6,9.9
148,7,9.9
148,8,9.9
148,9,9.9
148,10,55
148,11,9.9
148,12,55
148,13,0.0
148,14,55
148,15,55
148,16,55
148,17,55
148,18,0.0
148,19,0.0
148,20,0.0
148,21,55
148,22,55
148,23,0.0
148,24,55
148,25,9.9
148,26,0.0
148,27,55
148,28,55
148,29,9.9
148,30,9.9
148,31,55
148,32,9.9
148,33,55
148,34,55
148,35,55
148,36,55
148,37,0.0
148,38,55
148,39,55
148,40,9.9
148,41,9.9
148,42,55
148,43,0.0
148,44,55
148,45,55
148,46,55
148,47,55
148,48,55
148,49,9.9
148,50,9.9
148,51,55
148,52,9.9
148,53,55
148,54,55
148,55,55
148,56,0.0
148,57,0.0
148,58,55
148,59,0.0
148,60,55
148,61,0.0
148,62,9.9
148,63,9.9
148,64,0.0
148,65,9.9
148,66,9.9
148,67,9.9
148,68,9.9
148,69,9.9
148,70,9.9
148,71,0.0
148,72,9.9
148,73,9.9
148,74,9.9
148,75,0.0
148,76,9.9
148,77,0.0
148,78,0.0
148,79,0.0
148,80,0.0
148,81,9.9
148,82,9.9
148,83,0.0
148,84,9.9
148,85,9.9
148,86,0.0
148,87,9.9
148,88,9.9
148,89,9.9
148,90,0.0
148,91,0.0
148,92,9.9
148,93,9.9
148,94,0.0
148,95,0.0
148,96,9.9
148,97,0.0
148,98,0.0
148,99,9.9
148,100,9.9
148,101,0.0
148,102,9.9
148,103,9.9
148,104,0.0
148,105,9.9
148,106,9.9
148,107,0.0
148,108,0.0
148,109,0.0
148,110,0.0
148,111,0.0
148,112,9.9
148,113,9.9
148,114,9.9
148,115,9.9
148,116,9.9
148,117,9.9
148,118,0.0
148,119,9.9
148,120,0.0
148,121,9.9
148,122,9.9
148,123,9.9
148,124,0.0
148,125,9.9
148,126,0.0
148,127,9.9
148,128,9.9
148,129,0.0
148,130,0.0
148,131,0.0
148,132,0.0
148,133,0.0
148,134,9.9
148,135,0.0
148,136,9.9
148,137,9.9
148,138,9.9
148,139,0.0
148,140,0.0
148,141,0.0
148,142,9.9
148,143,9.9
148,144,9.9
148,145,0.0
148,146,9.9
148,147,0.0
148,148,9.9
148,149,9.9
148,150,9.9
148,151,9.9
148,152,9.9
148,153,0.0
148,154,9.9
148,155,0.0
148,156,0.0
148,157,9.9
148,158,0.0
148,159,0.0
148,160,9.9
148,161,9.9
148,162,9.9
148,163,9.9
148,164,0.0
148,165,0.0
148,166,9.9
148,167,0.0
148,168,9.9
148,169,0.0
148,170,0.0
148,171,0.0
148,172,0.0
148,173,0.0
148,174,0.0
148,175,0.0
148,176,0.0
148,177,9.9
148,178,0.0
148,179,9.9
148,180,9.9
148,181,0.0
148,182,0.0
148,183,0.0
148,184,9.9
148,185,0.0
148,186,9.9
148,187,9.9
148,188,0.0
148,189,0.0
148,190,9.9
148,191,0.0
148,192,9.9
148,193,9.9
148,194,9.9
148,195,0.0
148,196,0.0
148,197,9.9
148,198,9.9
148,199,9.9
148,200,0.0
148,201,0.0
149,0,9.9
149,1,55
149,2,55
149,3,0.0
149,4,0.0
149,5,0.0
149,6,55
149,7,0.0
149,8,0.0
149,9,0.0
149,10,55
149,11,55
149,12,0.0
149,13,0.0
149,14,55
149,15,9.9
149,16,9.9
149,17,55
149,18,55
149,19,9.9
149,20,55
149,21,55
149,22,0.0
149,23,55
149,24,55
149,25,55
149,26,55
149,27,9.9
149,28,55
149,29,55
149,30,0.0
149,31,0.0
149,32,55
149,33,0.0
149,34,0.0
149,35,9.9
149,36,55
149,37,9.9
149,38,9.9
149,39,55
149,40,55
149,41,0.0
149,42,0.0
149,43,55
149,44,55
149,45,0.0
149,46,9.9
149,47,9.9
149,48,9.9
149,49,55
149,50,0.0
149,51,55
149,52,55
149,53,0.0
149,54,55
149,55,55
149,56,55
149,57,0.0
149,58,55
149,59,0.0
149,60,9.9
149,61,55
149,62,9.9
149,63,0.0
149,64,9.9
149,65,9.9
149,66,0.0
149,67,0.0
149,68,0.0
149,69,0.0
149,70,0.0
149,71,9.9
149,72,9.9
149,73,0.0
149,74,0.0
149,75,9.9
149,76,9.9
149,77,0.0
149,78,9.9
149,79,9.9
149,80,9.9
149,81,9.9
149,82,0.0
149,83,0.0
149,84,9.9
149,85,0.0
149,86,9.9
149,87,9.9
149,88,0.0
149,89,0.0
149,90,0.0
149,91,0.0
149,92,9.9
149,93,0.0
149,94,0.0
149,95,0.0
149,96,9.9
149,97,0.0
149,98,9.9
149,99,9.9
149,100,0.0
149,101,9.9
149,102,9.9
149,103,0.0
149,104,0.0
149,105,9.9
149,106,0.0
149,107,0.0
149,108,9.9
149,109,9.9
149,110,9.9
149,111,0.0
149,112,9.9
149,113,0.0
149,114,0.0
149,115,0.0
149,116,0.0
149,117,0.0
149,118,9.9
149,119,9.9
149,120,0.0
149,121,9.9
149,122,0.0
149,123,0.0
149,124,9.9
149,125,9.9
149,126,0.0
149,127,9.9
149,128,0.0
149,129,0.0
149,130,9.9
149,131,0.0
149,132,0.0
149,133,0.0
149,134,9.9
149,135,9.9
149,136,9.9
149,137,0.0
149,138,0.0
149,139,0.0
149,140,9.9
149,141,0.0
149,142,9.9
149,143,0.0
149,144,0.0
149,145,9.9
149,146,9.9
149,147,9.9
149,148,9.9
149,149,0.0
149,150,0.0
149,151,0.0
149,152,0.0
149,153,9.9
149,154,9.9
149,155,9.9
149,156,0.0
149,157,9.9
149,158,0.0
149,159,0.0
149,160,9.9
149,161,0.0
149,162,0.0
149,163,0.0
149,164,0.0
149,165,0.0
149,166,9.9
149,167,9.9
149,168,9.9
149,169,0.0
149,170,9.9
149,171,9.9
149,172,9.9
149,173,9.9
149,174,9.9
149,175,9.9
149,176,0.0
149,177,9.9
149,178,0.0
149,179,9.9
149,180,0.0
149,181,0.0
149,182,9.9
149,183,0.0
149,184,9.9
149,185,0.0
149,186,9.9
149,187,0.0
149,188,9.9
149,189,0.0
149,190,9.9
149,191,9.9
149,192,9.9
149,193,0.0
149,194,0.0
149,195,0.0
149,196,0.0
149,197,9.9
149,198,0.0
149,199,0.0
149,200,0.0
149,201,9.9
150,0,0.0
150,1,0.0
150,2,55
150,3,55
150,4,55
150,5,55
150,6,9.9
150,7,55
150,8,9.9
150,9,9.9
150,10,9.9
150,11,55
150,12,0.0
150,13,0.0
150,14,55
150,15,55
150,16,0.0
150,17,55
150,18,9.9
150,19,55
150,20,55
150,21,0.0
150,22,0.0
150,23,55
150,24,0.0
150,25,55
150,26,0.0
150,27,55
150,28,0.0
150,29,55
150,30,55
150,31,55
150,32,9.9
150,33,0.0
150,34,55
150,35,9.9
150,36,55
150,37,55
150,38,0.0
150,39,0.0
150,40,55
150,41,55
150,42,55
150,43,55
150,44,0.0
150,45,0.0
150,46,9.9
150,47,0.0
150,48,0.0
150,49,0.0
150,50,55
150,51,9.9
150,52,55
150,53,9.9
150,54,9.9
150,55,55
150,56,9.9
150,57,55
150,58,55
150,59,55
150,60,9.9
150,61,55
150,62,55
150,63,0.0
150,64,9.9
150,65,0.0
150,66,0.0
150,67,9.9
150,68,9.9
150,69,9.9
150,70,9.9
150,71,9.9
150,72,0.0
150,73,0.0
150,74,9.9
150,75,9.9
150,76,0.0
150,77,9.9
150,78,9.9
150,79,0.0
150,80,0.0
150,81,0.0
150,82,0.0
150,83,0.0
150,84,9.9
150,85,0.0
150,86,9.9
150,87,0.0
150,88,0.0
150,89,9.9
150,90,0.0
150,91,0.0
150,92,9.9
150,93,0.0
150,94,0.0
150,95,0.0
150,96,9.9
150,97,9.9
150,98,9.9
150,99,0.0
150,100,0.0
150,101,9.9
150,102,0.0
150,103,0.0
150,104,0.0
150,105,9.9
150,106,0.0
150,107,0.0
150,108,9.9
150,109,0.0
150,110,0.0
150,111,9.9
150,112,9.9
150,113,0.0
150,114,9.9
150,115,9.9
150,116,9.9
150,117,9.9
150,118,9.9
150,119,0.0
150,120,9.9
150,121,9.9
150,122,0.0
150,123,9.9
150,124,9.9
150,125,0.0
150,126,9.9
150,127,9.9
150,128,0.0
150,129,0.0
150,130,9.9
150,131,9.9
150,132,0.0
150,133,0.0
150,134,9.9
150,135,0.0
150,136,0.0
150,137,0.0
150,138,9.9
150,139,0.0
150,140,9.9
150,141,9.9
150,142,9.9
150,143,0.0
150,144,9.9
150,145,9.9
150,146,0.0
150,147,0.0
150,148,0.0
150,149,0.0
150,150,9.9
150,151,9.9
150,152,9.9
150,153,9.9
150,154,0.0
150,155,0.0
150,156,9.9
150,157,9.9
150,158,9.9
150,159,0.0
150,160,9.9
150,161,0.0
150,162,9.9
150,163,9.9
150,164,0.0
150,165,0.0
150,166,9.9
150,167,0.0
150,168,0.0
150,169,9.9
150,170,9.9
150,171,0.0
150,172,0.0
150,173,0.0
150,174,0.0
150,175,0.0
150,176,9.9
150,177,9.9
150,178,9.9
150,179,9.9
150,180,0.0
150,181,0.0
150,182,9.9
150,183,9.9
150,184,9.9
150,185,9.9
150,186,9.9
150,187,0.0
150,188,9.9
150,189,9.9
150,190,9.9
150,191,0.0
150,192,0.0
150,193,0.0
150,194,9.9
150,195,0.0
150,196,0.0
150,197,9.9
150,198,0.0
150,199,9.9
150,200,0.0
150,201,9.9
151,0,55
151,1,55
151,2,9.9
151,3,0.0
151,4,0.0
151,5,0.0
151,6,55
151,7,55
151,8,55
151,9,0.0
151,10,0.0
151,11,0.0
151,12,55
151,13,0.0
151,14,55
151,15,55
151,16,55
151,17,9.9
151,18,55
151,19,0.0
151,20,55
151,21,9.9
151,22,0.0
151,23,55
151,24,0.0
151,25,55
151,26,0.0
151,27,9.9
151,28,0.0
151,29,9.9
151,30,0.0
151,31,0.0
151,32,55
151,33,9.9
151,34,55
151,35,55
151,36,0.0
151,37,55
151,38,55
151,39,55
151,40,9.9
151,41,0.0
151,42,9.9
151,43,0.0
151,44,0.0
151,45,0.0
151,46,9.9
151,47,0.0
151,48,9.9
151,49,55
151,50,55
151,51,55
151,52,0.0
151,53,55
151,54,0.0
151,55,0.0
151,56,55
151,57,55
151,58,0.0
151,59,0.0
151,60,55
151,61,0.0
151,62,55
151,63,55
151,64,9.9
151,65,0.0
151,66,0.0
151,67,9.9
151,68,0.0
151,69,0.0
151,70,0.0
151,71,0.0
151,72,0.0
151,73,0.0
151,74,9.9
151,75,0.0
151,76,0.0
151,77,9.9
151,78,0.0
151,79,0.0
151,80,9.9
151,81,9.9
151,82,0.0
151,83,0.0
151,84,9.9
151,85,9.9
151,86,9.9
151,87,0.0
151,88,0.0
151,89,9.9
151,90,9.9
151,91,0.0
151,92,9.9
151,93,9.9
151,94,0.0
151,95,0.0
151,96,9.9
151,97,0.0
151,98,0.0
151,99,0.0
151,100,0.0
151,101,9.9
151,102,0.0
151,103,0.0
151,104,0.0
151,105,9.9
151,106,9.9
151,107,0.0
151,108,9.9
151,109,0.0
151,110,9.9
151,111,9.9
151,112,0.0
151,113,9.9
151,114,9.9
151,115,0.0
151,116,0.0
151,117,0.0
151,118,0.0
151,119,0.0
151,120,9.9
151,121,0.0
151,122,9.9
151,123,9.9
151,124,0.0
151,125,0.0
151,126,9.9
151,127,0.0
151,128,9.9
151,129,0.0
151,130,9.9
151,131,0.0
151,132,9.9
151,133,0.0
151,134,9.9
151,135,0.0
151,136,9.9
151,137,0.0
151,138,9.9
151,139,9.9
151,140,9.9
151,141,0.0
151,142,0.0
151,143,9.9
151,144,9.9
151,145,0.0
151,146,0.0
151,147,9.9
151,148,9.9
151,149,0.0
151,150,9.9
151,151,0.0
151,152,0.0
151,153,0.0
151,154,0.0
151,155,9.9
151,156,9.9
151,157,0.0
151,158,0.0
151,159,9.9
151,160,9.9
151,161,9.9
151,162,9.9
151,163,0.0
151,164,9.9
151,165,0.0
151,166,9.9
151,167,0.0
151,168,9.9
151,169,9.9
151,170,0.0
151,171,0.0
151,172,9.9
151,173,9.9
151,174,9.9
151,175,9.9
151,176,9.9
151,177,0.0
151,178,0.0
151,179,0.0
151,180,9.9
151,181,0.0
151,182,9.9
151,183,0.0
151,184,0.0
151,185,0.0
151,186,0.0
151,187,9.9
151,188,9.9
151,189,0.0
151,190,0.0
151,191,0.0
151,192,9.9
151,193,0.0
151,194,9.9
151,195,9.9
151,196,0.0
151,197,9.9
151,198,9.9
151,199,9.9
151,200,9.9
151,201,9.9
152,0,9.9
152,1,9.9
152,2,55
152,3,55
152,4,55
152,5,55
152,6,9.9
152,7,55
152,8,55
152,9,55
152,10,9.9
152,11,55
152,12,55
152,13,55
152,14,55
152,15,9.9
152,16,9.9
152,17,55
152,18,0.0
152,19,0.0
152,20,55
152,21,55
152,22,9.9
152,23,55
152,24,55
152,25,55
152,26,55
152,27,9.9
152,28,9.9
152,29,9.9
152,30,55
152,31,55
152,32,9.9
152,33,55
152,34,55
152,35,55
152,36,0.0
152,37,9.9
152,38,0.0
152,39,9.9
152,40,55
152,41,55
152,42,9.9
152,43,55
152,44,0.0
152,45,0.0
152,46,9.9
152,47,9.9
152,48,9.9
152,49,55
152,50,9.9
152,51,55
152,52,0.0
152,53,9.9
152,54,55
152,55,55
152,56,9.9
152,57,55
152,58,9.9
152,59,55
152,60,9.9
152,61,0.0
152,62,9.9
152,63,9.9
152,64,55
152,65,9.9
152,66,0.0
152,67,9.9
152,68,0.0
152,69,9.9
152,70,9.9
152,71,9.9
152,72,0.0
152,73,0.0
152,74,9.9
152,75,0.0
152,76,0.0
152,77,9.9
152,78,0.0
152,79,0.0
152,80,9.9
152,81,0.0
152,82,9.9
152,83,0.0
152,84,9.9
152,85,0.0
152,86,0.0
152,87,9.9
152,88,0.0
152,89,9.9
152,90,0.0
152,91,9.9
152,92,9.9
152,93,0.0
152,94,9.9
152,95,0.0
152,96,9.9
152,97,0.0
152,98,9.9
152,99,0.0
152,100,0.0
152,101,9.9
152,102,9.9
152,103,0.0
152,104,0.0
152,105,9.9
152,106,0.0
152,107,9.9
152,108,9.9
152,109,9.9
152,110,9.9
152,111,0.0
152,112,0.0
152,113,9.9
152,114,0.0
152,115,0.0
152,116,9.9
152,117,9.9
152,118,9.9
152,119,0.0
152,120,9.9
152,121,0.0
152,122,9.9
152,123,0.0
152,124,0.0
152,125,0.0
152,126,9.9
152,127,0.0
152,128,9.9
152,129,9.9
152,130,9.9
152,131,0.0
152,132,9.9
152,133,9.9
152,134,9.9
152,135,9.9
152,136,9.9
152,137,9.9
152,138,9.9
152,139,0.0
152,140,0.0
152,141,0.0
152,142,9.9
152,143,9.9
152,144,0.0
152,145,0.0
152,146,0.0
152,147,9.9
152,148,0.0
152,149,9.9
152,150,9.9
152,151,0.0
152,152,9.9
152,153,9.9
152,154,0.0
152,155,9.9
152,156,0.0
152,157,0.0
152,158,9.9
152,159,9.9
152,160,0.0
152,161,0.0
152,162,0.0
152,163,0.0
152,164,9.9
152,165,9.9
152,166,9.9
152,167,9.9
152,168,9.9
152,169,0.0
152,170,0.0
152,171,0.0
152,172,9.9
152,173,0.0
152,174,0.0
152,175,0.0
152,176,0.0
152,177,0.0
152,178,9.9
152,179,9.9
152,180,9.9
152,181,9.9
152,182,9.9
152,183,0.0
152,184,9.9
152,185,9.9
152,186,9.9
152,187,9.9
152,188,0.0
152,189,0.0
152,190,9.9
152,191,0.0
152,192,9.9
152,193,9.9
152,194,9.9
152,195,0.0
152,196,9.9
152,197,9.9
152,198,0.0
152,199,0.0
152,200,0.0
152,201,0.0
153,0,0.0
153,1,0.0
153,2,0.0
153,3,9.9
153,4,9.9
153,5,0.0
153,6,55
153,7,0.0
153,8,55
153,9,0.0
153,10,55
153,11,55
153,12,0.0
153,13,0.0
153,14,0.0
153,15,55
153,16,0.0
153,17,0.0
153,18,0.0
153,19,0.0
153,20,55
153,21,55
153,22,55
153,23,55
153,24,0.0
153,25,9.9
153,26,0.0
153,27,55
153,28,0.0
153,29,0.0
153,30,55
153,31,9.9
153,32,55
153,33,0.0
153,34,55
153,35,0.0
153,36,55
153,37,9.9
153,38,55
153,39,9.9
153,40,0.0
153,41,9.9
153,42,55
153,43,55
153,44,55
153,45,0.0
153,46,9.9
153,47,0.0
153,48,0.0
153,49,0.0
153,50,55
153,51,55
153,52,55
153,53,9.9
153,54,55
153,55,0.0
153,56,55
153,57,0.0
153,58,55
153,59,55
153,60,55
153,61,9.9
153,62,9.9
153,63,0.0
153,64,0.0
153,65,55
153,66,9.9
153,67,9.9
153,68,9.9
153,69,9.9
153,70,0.0
153,71,0.0
153,72,9.9
153,73,0.0
153,74,9.9
153,75,9.9
153,76,0.0
153,77,9.9
153,78,9.9
153,79,0.0
153,80,9.9
153,81,0.0
153,82,9.9
153,83,9.9
153,84,9.9
153,85,0.0
153,86,9.9
153,87,9.9
153,88,9.9
153,89,9.9
153,90,0.0
153,91,9.9
153,92,0.0
153,93,0.0
153,94,9.9
153,95,9.9
153,96,9.9
153,97,9.9
153,98,9.9
153,99,9.9
153,100,0.0
153,101,9.9
153,102,0.0
153,103,9.9
153,104,0.0
153,105,9.9
153,106,0.0
153,107,9.9
153,108,0.0
153,109,0.0
153,110,0.0
153,111,0.0
153,112,0.0
153,113,9.9
153,114,0.0
153,115,0.0
153,116,9.9
153,117,0.0
153,118,0.0
153,119,9.9
153,120,9.9
153,121,9.9
153,122,9.9
153,123,0.0
153,124,0.0
153,125,0.0
153,126,9.9
153,127,9.9
153,128,9.9
153,129,0.0
153,130,0.0
153,131,9.9
153,132,9.9
153,133,0.0
153,134,0.0
153,135,0.0
153,136,0.0
153,137,0.0
153,138,0.0
153,139,0.0
153,140,9.9
153,141,0.0
153,142,9.9
153,143,0.0
153,144,0.0
153,145,0.0
153,146,0.0
153,147,9.9
153,148,0.0
153,149,9.9
153,150,0.0
153,151,9.9
153,152,9.9
153,153,0.0
153,154,9.9
153,155,9.9
153,156,0.0
153,157,0.0
153,158,9.9
153,159,0.0
153,160,0.0
153,161,9.9
153,162,9.9
153,163,0.0
153,164,9.9
153,165,0.0
153,166,0.0
153,167,0.0
153,168,0.0
153,169,0.0
153,170,0.0
153,171,0.0
153,172,9.9
153,173,0.0
153,174,9.9
153,175,9.9
153,176,9.9
153,177,0.0
153,178,9.9
153,179,0.0
153,180,0.0
153,181,0.0
153,182,0.0
153,183,9.9
153,184,9.9
153,185,0.0
153,186,0.0
153,187,0.0
153,188,0.0
153,189,0.0
153,190,9.9
153,191,9.9
153,192,9.9
153,193,0.0
153,194,0.0
153,195,0.0
153,196,9.9
153,197,0.0
153,198,0.0
153,199,9.9
153,200,9.9
153,201,9.9
154,0,55
154,1,9.9
154,2,55
154,3,9.9
154,4,0.0
154,5,55
154,6,9.9
154,7,9.9
154,8,9.9
154,9,9.9
154,10,9.9
154,11,55
154,12,9.9
154,13,55
154,14,55
154,15,9.9
154,16,55
154,17,55
154,18,0.0
154,19,0.0
154,20,55
154,21,9.9
154,22,55
154,23,55
154,24,9.9
154,25,9.9
154,26,55
154,27,9.9
154,28,55
154,29,9.9
154,30,9.9
154,31,55
154,32,0.0
154,33,9.9
154,34,9.9
154,35,9.9
154,36,55
154,37,55
154,38,55
154,39,55
154,40,55
154,41,9.9
154,42,0.0
154,43,55
154,44,9.9
154,45,55
154,46,9.9
154,47,0.0
154,48,9.9
154,49,55
154,50,9.9
154,51,55
154,52,9.9
154,53,55
154,54,0.0
154,55,9.9
154,56,9.9
154,57,9.9
154,58,9.9
154,59,55
154,60,55
154,61,55
154,62,0.0
154,63,0.0
154,64,55
154,65,9.9
154,66,55
154,67,0.0
154,68,0.0
154,69,0.0
154,70,0.0
154,71,9.9
154,72,9.9
154,73,9.9
154,74,9.9
154,75,0.0
154,76,9.9
154,77,9.9
154,78,0.0
154,79,9.9
154,80,9.9
154,81,9.9
154,82,9.9
154,83,0.0
154,84,0.0
154,85,9.9
154,86,9.9
154,87,0.0
154,88,0.0
154,89,0.0
154,90,9.9
154,91,9.9
154,92,0.0
154,93,0.0
154,94,9.9
154,95,0.0
154,96,0.0
154,97,0.0
154,98,0.0
154,99,0.0
154,100,9.9
154,101,9.9
154,102,0.0
154,103,9.9
154,104,9.9
154,105,9.9
154,106,9.9
154,107,9.9
154,108,0.0
154,109,9.9
154,110,9.9
154,111,0.0
154,112,0.0
154,113,9.9
154,114,9.9
154,115,0.0
154,116,9.9
154,117,0.0
154,118,9.9
154,119,9.9
154,120,0.0
154,121,0.0
154,122,0.0
154,123,9.9
154,124,0.0
154,125,0.0
154,126,9.9
154,127,0.0
154,128,0.0
154,129,0.0
154,130,9.9
154,131,9.9
154,132,0.0
154,133,0.0
154,134,9.9
154,135,9.9
154,136,9.9
154,137,9.9
154,138,9.9
154,139,0.0
154,140,9.9
154,141,9.9
154,142,9.9
154,143,0.0
154,144,0.0
154,145,0.0
154,146,0.0
154,147,9.9
154,148,9.9
154,149,9.9
154,150,0.0
154,151,9.9
154,152,0.0
154,153,0.0
154,154,9.9
154,155,0.0
154,156,9.9
154,157,0.0
154,158,9.9
154,159,0.0
154,160,0.0
154,161,9.9
154,162,0.0
154,163,9.9
154,164,9.9
154,165,0.0
154,166,9.9
154,167,9.9
154,168,9.9
154,169,0.0
154,170,0.0
154,171,0.0
154,172,9.9
154,173,9.9
154,174,9.9
154,175,0.0
154,176,0.0
154,177,9.9
154,178,9.9
154,179,0.0
154,180,9.9
154,181,9.9
154,182,9.9
154,183,9.9
154,184,0.0
154,185,0.0
154,186,9.9
154,187,9.9
154,188,0.0
154,189,0.0
154,190,9.9
154,191,0.0
154,192,0.0
154,193,0.0
154,194,9.9
154,195,0.0
154,196,9.9
154,197,0.0
154,198,0.0
154,199,9.9
154,200,0.0
154,201,0.0
155,0,55
155,1,55
155,2,55
155,3,55
155,4,0.0
155,5,55
155,6,55
155,7,0.0
155,8,0.0
155,9,0.0
155,10,0.0
155,11,55
155,12,55
155,13,55
155,14,0.0
155,15,55
155,16,55
155,17,9.9
155,18,55
155,19,0.0
155,20,55
155,21,55
155,22,55
155,23,55
155,24,55
155,25,0.0
155,26,55
155,27,55
155,28,55
155,29,55
155,30,0.0
155,31,0.0
155,32,0.0
155,33,9.9
155,34,0.0
155,35,0.0
155,36,55
155,37,55
155,38,55
155,39,55
155,40,9.9
155,41,55
155,42,55
155,43,55
155,44,55
155,45,55
155,46,55
155,47,9.9
155,48,9.9
155,49,55
155,50,55
155,51,55
155,52,55
155,53,0.0
155,54,0.0
155,55,9.9
155,56,0.0
155,57,0.0
155,58,0.0
155,59,0.0
155,60,55
155,61,55
155,62,55
155,63,0.0
155,64,55
155,65,55
155,66,0.0
155,67,55
155,68,9.9
155,69,9.9
155,70,0.0
155,71,9.9
155,72,0.0
155,73,0.0
155,74,0.0
155,75,0.0
155,76,9.9
155,77,0.0
155,78,0.0
155,79,9.9
155,80,0.0
155,81,0.0
155,82,0.0
155,83,0.0
155,84,9.9
155,85,9.9
155,86,0.0
155,87,0.0
155,88,9.9
155,89,9.9
155,90,9.9
155,91,0.0
155,92,9.9
155,93,0.0
155,94,9.9
155,95,0.0
155,96,9.9
155,97,9.9
155,98,9.9
155,99,9.9
155,100,9.9
155,101,0.0
155,102,9.9
155,103,9.9
155,104,0.0
155,105,0.0
155,106,0.0
155,107,0.0
155,108,9.9
155,109,9.9
155,110,0.0
155,111,9.9
155,112,0.0
155,113,9.9
155,114,0.0
155,115,9.9
155,116,9.9
155,117,9.9
155,118,9.9
155,119,0.0
155,120,0.0
155,121,9.9
155,122,9.9
155,123,9.9
155,124,9.9
155,125,0.0
155,126,9.9
155,127,0.0
155,128,9.9
155,129,0.0
155,130,9.9
155,131,0.0
155,132,0.0
155,133,0.0
155,134,9.9
155,135,0.0
155,136,0.0
155,137,0.0
155,138,0.0
155,139,9.9
155,140,9.9
155,141,0.0
155,142,0.0
155,143,9.9
155,144,0.0
155,145,0.0
155,146,0.0
155,147,9.9
155,148,0.0
155,149,0.0
155,150,9.9
155,151,9.9
155,152,0.0
155,153,0.0
155,154,9.9
155,155,0.0
155,156,9.9
155,157,9.9
155,158,9.9
155,159,9.9
155,160,0.0
155,161,9.9
155,162,0.0
155,163,9.9
155,164,0.0
155,165,9.9
155,166,9.9
155,167,0.0
155,168,0.0
155,169,9.9
155,170,0.0
155,171,0.0
155,172,9.9
155,173,0.0
155,174,0.0
155,175,0.0
155,176,9.9
155,177,9.9
155,178,0.0
155,179,9.9
155,180,9.9
155,181,0.0
155,182,0.0
155,183,0.0
155,184,0.0
155,185,0.0
155,186,9.9
155,187,0.0
155,188,9.9
155,189,0.0
155,190,9.9
155,191,0.0
155,192,9.9
155,193,0.0
155,194,9.9
155,195,9.9
155,196,9.9
155,197,9.9
155,198,0.0
155,199,9.9
155,200,0.0
155,201,9.9
156,0,0.0
156,1,55
156,2,55
156,3,55
156,4,55
156,5,55
156,6,55
156,7,55
156,8,9.9
156,9,9.9
156,10,9.9
156,11,9.9
156,12,55
156,13,55
156,14,9.9
156,15,9.9
156,16,55
156,17,55
156,18,55
156,19,55
156,20,55
156,21,55
156,22,55
156,23,0.0
156,24,55
156,25,55
156,26,9.9
156,27,55
156,28,55
156,29,55
156,30,55
156,31,55
156,32,0.0
156,33,9.9
156,34,0.0
156,35,9.9
156,36,9.9
156,37,0.0
156,38,55
156,39,55
156,40,55
156,41,0.0
156,42,9.9
156,43,0.0
156,44,55
156,45,55
156,46,55
156,47,55
156,48,0.0
156,49,0.0
156,50,55
156,51,55
156,52,55
156,53,9.9
156,54,0.0
156,55,9.9
156,56,0.0
156,57,9.9
156,58,9.9
156,59,55
156,60,9.9
156,61,55
156,62,0.0
156,63,55
156,64,55
156,65,55
156,66,9.9
156,67,55
156,68,55
156,69,0.0
156,70,9.9
156,71,9.9
156,72,0.0
156,73,9.9
156,74,9.9
156,75,0.0
156,76,9.9
156,77,0.0
156,78,0.0
156,79,9.9
156,80,0.0
156,81,9.9
156,82,9.9
156,83,0.0
156,84,9.9
156,85,0.0
156,86,0.0
156,87,0.0
156,88,9.9
156,89,0.0
156,90,0.0
156,91,0.0
156,92,9.9
156,93,9.9
156,94,9.9
156,95,9.9
156,96,9.9
156,97,0.0
156,98,0.0
156,99,0.0
156,100,0.0
156,101,0.0
156,102,9.9
156,103,0.0
156,104,0.0
156,105,9.9
156,106,9.9
156,107,9.9
156,108,9.9
156,109,0.0
156,110,0.0
156,111,9.9
156,112,9.9
156,113,9.9
156,114,0.0
156,115,9.9
156,116,0.0
156,117,0.0
156,118,0.0
156,119,0.0
156,120,0.0
156,121,9.9
156,122,0.0
156,123,0.0
156,124,0.0
156,125,9.9
156,126,9.9
156,127,9.9
156,128,9.9
156,129,9.9
156,130,9.9
156,131,0.0
156,132,0.0
156,133,0.0
156,134,9.9
156,135,0.0
156,136,9.9
156,137,9.9
156,138,9.9
156,139,9.9
156,140,0.0
156,141,0.0
156,142,9.9
156,143,9.9
156,144,9.9
156,145,0.0
156,146,0.0
156,147,9.9
156,148,0.0
156,149,9.9
156,150,9.9
156,151,0.0
156,152,9.9
156,153,0.0
156,154,9.9
156,155,9.9
156,156,9.9
156,157,0.0
156,158,0.0
156,159,0.0
156,160,9.9
156,161,9.9
156,162,9.9
156,163,9.9
156,164,0.0
156,165,9.9
156,166,0.0
156,167,0.0
156,168,9.9
156,169,9.9
156,170,9.9
156,171,0.0
156,172,9.9
156,173,0.0
156,174,9.9
156,175,0.0
156,176,9.9
156,177,0.0
156,178,0.0
156,179,9.9
156,180,0.0
156,181,0.0
156,182,9.9
156,183,9.9
156,184,0.0
156,185,0.0
156,186,9.9
156,187,0.0
156,188,9.9
156,189,9.9
156,190,9.9
156,191,9.9
156,192,9.9
156,193,9.9
156,194,9.9
156,195,0.0
156,196,0.0
156,197,0.0
156,198,9.9
156,199,9.9
156,200,9.9
156,201,9.9
157,0,55
157,1,9.9
157,2,0.0
157,3,55
157,4,9.9
157,5,0.0
157,6,9.9
157,7,9.9
157,8,55
157,9,0.0
157,10,0.0
157,11,0.0
157,12,0.0
157,13,0.0
157,14,55
157,15,0.0
157,16,0.0
157,17,55
157,18,55
157,19,9.9
157,20,9.9
157,21,9.9
157,22,55
157,23,9.9
157,24,55
157,25,9.9
157,26,55
157,27,0.0
157,28,0.0
157,29,55
157,30,0.0
157,31,9.9
157,32,55
157,33,9.9
157,34,9.9
157,35,9.9
157,36,0.0
157,37,55
157,38,55
157,39,55
157,40,55
157,41,0.0
157,42,9.9
157,43,55
157,44,55
157,45,9.9
157,46,55
157,47,55
157,48,55
157,49,55
157,50,9.9
157,51,55
157,52,55
157,53,55
157,54,9.9
157,55,9.9
157,56,9.9
157,57,9.9
157,58,0.0
157,59,55
157,60,55
157,61,0.0
157,62,9.9
157,63,55
157,64,9.9
157,65,9.9
157,66,55
157,67,55
157,68,55
157,69,55
157,70,9.9
157,71,0.0
157,72,9.9
157,73,9.9
157,74,0.0
157,75,9.9
157,76,9.9
157,77,9.9
157,78,0.0
157,79,9.9
157,80,9.9
157,81,9.9
157,82,0.0
157,83,9.9
157,84,9.9
157,85,0.0
157,86,0.0
157,87,0.0
157,88,9.9
157,89,0.0
157,90,9.9
157,91,0.0
157,92,9.9
157,93,0.0
157,94,0.0
157,95,0.0
157,96,0.0
157,97,0.0
157,98,9.9
157,99,9.9
157,100,9.9
157,101,0.0
157,102,9.9
157,103,0.0
157,104,0.0
157,105,9.9
157,106,0.0
157,107,0.0
157,108,0.0
157,109,0.0
157,110,0.0
157,111,9.9
157,112,0.0
157,113,0.0
157,114,9.9
157,115,9.9
157,116,0.0
157,117,9.9
157,118,9.9
157,119,0.0
157,120,0.0
157,121,9.9
157,122,0.0
157,123,9.9
157,124,9.9
157,125,9.9
157,126,0.0
157,127,0.0
157,128,0.0
157,129,0.0
157,130,0.0
157,131,9.9
157,132,0.0
157,133,0.0
157,134,9.9
157,135,9.9
157,136,9.9
157,137,0.0
157,138,0.0
157,139,0.0
157,140,0.0
157,141,0.0
157,142,9.9
157,143,0.0
157,144,0.0
157,145,9.9
157,146,0.0
157,147,9.9
157,148,9.9
157,149,9.9
157,150,0.0
157,151,0.0
157,152,9.9
157,153,9.9
157,154,9.9
157,155,0.0
157,156,0.0
157,157,0.0
157,158,9.9
157,159,9.9
157,160,9.9
157,161,0.0
157,162,0.0
157,163,0.0
157,164,9.9
157,165,9.9
157,166,0.0
157,167,0.0
157,168,9.9
157,169,0.0
157,170,0.0
157,171,9.9
157,172,9.9
157,173,9.9
157,174,9.9
157,175,9.9
157,176,9.9
157,177,0.0
157,178,0.0
157,179,9.9
157,180,0.0
157,181,0.0
157,182,9.9
157,183,0.0
157,184,9.9
157,185,0.0
157,186,9.9
157,187,9.9
157,188,9.9
157,189,0.0
157,190,0.0
157,191,0.0
157,192,0.0
157,193,0.0
157,194,0.0
157,195,0.0
157,196,9.9
157,197,9.9
157,198,9.9
157,199,0.0
157,200,0.0
157,201,0.0
158,0,55
158,1,55
158,2,55
158,3,55
158,4,55
158,5,55
158,6,9.9
158,7,0.0
158,8,0.0
158,9,55
158,10,9.9
158,11,9.9
158,12,55
158,13,55
158,14,9.9
158,15,55
158,16,55
158,17,9.9
158,18,55
158,19,55
158,20,0.0
158,21,0.0
158,22,55
158,23,55
158,24,55
158,25,55
158,26,0.0
158,27,9.9
158,28,55
158,29,55
158,30,0.0
158,31,9.9
158,32,55
158,33,55
158,34,0.0
158,35,0.0
158,36,0.0
158,37,55
158,38,0.0
158,39,9.9
158,40,55
158,41,55
158,42,9.9
158,43,55
158,44,0.0
158,45,55
158,46,55
158,47,55
158,48,0.0
158,49,0.0
158,50,55
158,51,0.0
158,52,55
158,53,55
158,54,55
158,55,0.0
158,56,0.0
158,57,0.0
158,58,0.0
158,59,9.9
158,60,55
158,61,9.9
158,62,9.9
158,63,55
158,64,55
158,65,0.0
158,66,0.0
158,67,55
158,68,0.0
158,69,9.9
158,70,55
158,71,0.0
158,72,9.9
158,73,0.0
158,74,0.0
158,75,9.9
158,76,0.0
158,77,0.0
158,78,9.9
158,79,9.9
158,80,0.0
158,81,0.0
158,82,0.0
158,83,9.9
158,84,0.0
158,85,9.9
158,86,0.0
158,87,0.0
158,88,9.9
158,89,9.9
158,90,9.9
158,91,9.9
158,92,9.9
158,93,0.0
158,94,9.9
158,95,9.9
158,96,9.9
158,97,0.0
158,98,9.9
158,99,0.0
158,100,0.0
158,101,9.9
158,102,9.9
158,103,9.9
158,104,0.0
158,105,9.9
158,106,0.0
158,107,9.9
158,108,9.9
158,109,0.0
158,110,0.0
158,111,9.9
158,112,0.0
158,113,9.9
158,114,9.9
158,115,0.0
158,116,9.9
158,117,9.9
158,118,0.0
158,119,9.9
158,120,0.0
158,121,9.9
158,122,9.9
158,123,9.9
158,124,0.0
158,125,0.0
158,126,0.0
158,127,9.9
158,128,9.9
158,129,9.9
158,130,9.9
158,131,9.9
158,132,9.9
158,133,0.0
158,134,9.9
158,135,0.0
158,136,0.0
158,137,0.0
158,138,9.9
158,139,9.9
158,140,0.0
158,141,0.0
158,142,9.9
158,143,0.0
158,144,9.9
158,145,9.9
158,146,9.9
158,147,9.9
158,148,0.0
158,149,0.0
158,150,0.0
158,151,0.0
158,152,9.9
158,153,0.0
158,154,0.0
158,155,0.0
158,156,9.9
158,157,0.0
158,158,9.9
158,159,0.0
158,160,0.0
158,161,0.0
158,162,9.9
158,163,9.9
158,164,9.9
158,165,0.0
158,166,9.9
158,167,0.0
158,168,9.9
158,169,0.0
158,170,9.9
158,171,9.9
158,172,0.0
158,173,0.0
158,174,0.0
158,175,0.0
158,176,0.0
158,177,9.9
158,178,0.0
158,179,9.9
158,180,9.9
158,181,0.0
158,182,9.9
158,183,0.0
158,184,9.9
158,185,9.9
158,186,9.9
158,187,0.0
158,188,0.0
158,189,0.0
158,190,9.9
158,191,9.9
158,192,9.9
158,193,9.9
158,194,9.9
158,195,0.0
158,196,9.9
158,197,0.0
158,198,0.0
158,199,0.0
158,200,9.9
158,201,9.9
159,0,0.0
159,1,55
159,2,9.9
159,3,0.0
159,4,55
159,5,9.9
159,6,55
159,7,0.0
159,8,55
159,9,55
159,10,55
159,11,0.0
159,12,55
159,13,0.0
159,14,55
159,15,55
159,16,9.9
159,17,55
159,18,0.0
159,19,55
159,20,55
159,21,9.9
159,22,9.9
159,23,55
159,24,55
159,25,55
159,26,9.9
159,27,9.9
159,28,55
159,29,9.9
159,30,55
159,31,9.9
159,32,0.0
159,33,55
159,34,55
159,35,9.9
159,36,0.0
159,37,55
159,38,0.0
159,39,9.9
159,40,55
159,41,0.0
159,42,55
159,43,0.0
159,44,9.9
159,45,9.9
159,46,55
159,47,0.0
159,48,0.0
159,49,55
159,50,9.9
159,51,9.9
159,52,9.9
159,53,55
159,54,55
159,55,55
159,56,9.9
159,57,9.9
159,58,0.0
159,59,9.9
159,60,0.0
159,61,55
159,62,0.0
159,63,0.0
159,64,55
159,65,55
159,66,55
159,67,9.9
159,68,9.9
159,69,9.9
159,70,0.0
159,71,55
159,72,9.9
159,73,0.0
159,74,0.0
159,75,9.9
159,76,0.0
159,77,9.9
159,78,9.9
159,79,0.0
159,80,0.0
159,81,9.9
159,82,0.0
159,83,9.9
159,84,0.0
159,85,9.9
159,86,9.9
159,87,0.0
159,88,9.9
159,89,0.0
159,90,0.0
159,91,0.0
159,92,0.0
159,93,9.9
159,94,9.9
159,95,0.0
159,96,0.0
159,97,9.9
159,98,9.9
159,99,0.0
159,100,9.9
159,101,9.9
159,102,0.0
159,103,0.0
159,104,9.9
159,105,9.9
159,106,9.9
159,107,9.9
159,108,0.0
159,109,9.9
159,110,0.0
159,111,9.9
159,112,9.9
159,113,9.9
159,114,0.0
159,115,0.0
159,116,9.9
159,117,0.0
159,118,0.0
159,119,9.9
159,120,9.9
159,121,9.9
159,122,0.0
159,123,0.0
159,124,0.0
159,125,9.9
159,126,0.0
159,127,9.9
159,128,0.0
159,129,0.0
159,130,0.0
159,131,0.0
159,132,0.0
159,133,9.9
159,134,9.9
159,135,0.0
159,136,9.9
159,137,0.0
159,138,9.9
159,139,0.0
159,140,9.9
159,141,0.0
159,142,9.9
159,143,9.9
159,144,9.9
159,145,0.0
159,146,0.0
159,147,0.0
159,148,0.0
159,149,9.9
159,150,0.0
159,151,0.0
159,152,9.9
159,153,0.0
159,154,9.9
159,155,0.0
159,156,9.9
159,157,9.9
159,158,9.9
159,159,0.0
159,160,9.9
159,161,0.0
159,162,9.9
159,163,0.0
159,164,0.0
159,165,0.0
159,166,9.9
159,167,9.9
159,168,9.9
159,169,9.9
159,170,9.9
159,171,0.0
159,172,0.0
159,173,9.9
159,174,9.9
159,175,9.9
159,176,9.9
159,177,9.9
159,178,9.9
159,179,9.9
159,180,0.0
159,181,9.9
159,182,9.9
159,183,9.9
159,184,9.9
159,185,0.0
159,186,0.0
159,187,0.0
159,188,9.9
159,189,0.0
159,190,9.9
159,191,0.0
159,192,0.0
159,193,0.0
159,194,0.0
159,195,9.9
159,196,9.9
159,197,0.0
159,198,9.9
159,199,0.0
159,200,9.9
159,201,0.0
160,0,55
160,1,55
160,2,55
160,3,55
160,4,55
160,5,55
160,6,0.0
160,7,55
160,8,55
160,9,9.9
160,10,55
160,11,55
160,12,9.9
160,13,9.9
160,14,9.9
160,15,55
160,16,55
160,17,0.0
160,18,9.9
160,19,9.9
160,20,0.0
160,21,55
160,22,0.0
160,23,0.0
160,24,55
160,25,55
160,26,55
160,27,0.0
160,28,0.0
160,29,55
160,30,55
160,31,55
160,32,55
160,33,9.9
160,34,0.0
160,35,55
160,36,9.9
160,37,55
160,38,55
160,39,9.9
160,40,0.0
160,41,9.9
160,42,9.9
160,43,9.9
160,44,9.9
160,45,0.0
160,46,0.0
160,47,9.9
160,48,0.0
160,49,55
160,50,55
160,51,0.0
160,52,0.0
160,53,0.0
160,54,55
160,55,0.0
160,56,55
160,57,0.0
160,58,9.9
160,59,9.9
160,60,55
160,61,9.9
160,62,55
160,63,55
160,64,9.9
160,65,0.0
160,66,9.9
160,67,55
160,68,0.0
160,69,0.0
160,70,55
160,71,55
160,72,55
160,73,9.9
160,74,0.0
160,75,9.9
160,76,9.9
160,77,9.9
160,78,0.0
160,79,0.0
160,80,0.0
160,81,9.9
160,82,9.9
160,83,9.9
160,84,9.9
160,85,9.9
160,86,0.0
160,87,9.9
160,88,9.9
160,89,0.0
160,90,9.9
160,91,9.9
160,92,9.9
160,93,9.9
160,94,0.0
160,95,0.0
160,96,9.9
160,97,9.9
160,98,0.0
160,99,9.9
160,100,9.9
160,101,0.0
160,102,0.0
160,103,9.9
160,104,9.9
160,105,0.0
160,106,0.0
160,107,0.0
160,108,0.0
160,109,9.9
160,110,9.9
160,111,9.9
160,112,0.0
160,113,0.0
160,114,0.0
160,115,0.0
160,116,9.9
160,117,0.0
160,118,0.0
160,119,9.9
160,120,0.0
160,121,0.0
160,122,0.0
160,123,9.9
160,124,0.0
160,125,9.9
160,126,9.9
160,127,9.9
160,128,0.0
160,129,9.9
160,130,9.9
160,131,9.9
160,132,9.9
160,133,9.9
160,134,0.0
160,135,9.9
160,136,9.9
160,137,9.9
160,138,9.9
160,139,0.0
160,140,9.9
160,141,9.9
160,142,9.9
160,143,0.0
160,144,0.0
160,145,0.0
160,146,9.9
160,147,9.9
160,148,0.0
160,149,9.9
160,150,9.9
160,151,0.0
160,152,9.9
160,153,9.9
160,154,9.9
160,155,9.9
160,156,9.9
160,157,0.0
160,158,0.0
160,159,9.9
160,160,9.9
160,161,9.9
160,162,9.9
160,163,0.0
160,164,9.9
160,165,0.0
160,166,9.9
160,167,0.0
160,168,0.0
160,169,0.0
160,170,0.0
160,171,0.0
160,172,0.0
160,173,9.9
160,174,0.0
160,175,0.0
160,176,0.0
160,177,0.0
160,178,0.0
160,179,0.0
160,180,0.0
160,181,9.9
160,182,0.0
160,183,0.0
160,184,0.0
160,185,0.0
160,186,9.9
160,187,0.0
160,188,9.9
160,189,9.9
160,190,9.9
160,191,0.0
160,192,9.9
160,193,9.9
160,194,9.9
160,195,9.9
160,196,0.0
160,197,9.9
160,198,9.9
160,199,9.9
160,200,9.9
160,201,0.0
161,0,55
161,1,9.9
161,2,55
161,3,9.9
161,4,0.0
161,5,55
161,6,9.9
161,7,55
161,8,9.9
161,9,55
161,10,55
161,11,9.9
161,12,55
161,13,0.0
161,14,0.0
161,15,0.0
161,16,55
161,17,0.0
161,18,9.9
161,19,0.0
161,20,55
161,21,9.9
161,22,55
161,23,55
161,24,9.9
161,25,55
161,26,55
161,27,55
161,28,55
161,29,9.9
161,30,55
161,31,55
161,32,0.0
161,33,55
161,34,55
161,35,9.9
161,36,55
161,37,55
161,38,0.0
161,39,55
161,40,55
161,41,9.9
161,42,0.0
161,43,0.0
161,44,0.0
161,45,0.0
161,46,55
161,47,9.9
161,48,9.9
161,49,55
161,50,55
161,51,55
161,52,9.9
161,53,55
161,54,9.9
161,55,9.9
161,56,9.9
161,57,55
161,58,9.9
161,59,0.0
161,60,55
161,61,55
161,62,55
161,63,0.0
161,64,55
161,65,55
161,66,9.9
161,67,0.0
161,68,55
161,69,9.9
161,70,55
161,71,9.9
161,72,55
161,73,55
161,74,9.9
161,75,9.9
161,76,0.0
161,77,0.0
161,78,0.0
161,79,0.0
161,80,0.0
161,81,9.9
161,82,0.0
161,83,0.0
161,84,0.0
161,85,0.0
161,86,0.0
161,87,9.9
161,88,0.0
161,89,9.9
161,90,9.9
161,91,0.0
161,92,0.0
161,93,0.0
161,94,0.0
161,95,0.0
161,96,9.9
161,97,0.0
161,98,0.0
161,99,9.9
161,100,0.0
161,101,0.0
161,102,0.0
161,103,9.9
161,104,0.0
161,105,0.0
161,106,9.9
161,107,9.9
161,108,0.0
161,109,9.9
161,110,0.0
161,111,0.0
161,112,0.0
161,113,9.9
161,114,0.0
161,115,0.0
161,116,9.9
161,117,9.9
161,118,0.0
161,119,9.9
161,120,0.0
161,121,9.9
161,122,0.0
161,123,9.9
161,124,9.9
161,125,9.9
161,126,0.0
161,127,0.0
161,128,9.9
161,129,9.9
161,130,0.0
161,131,0.0
161,132,0.0
161,133,0.0
161,134,0.0
161,135,9.9
161,136,0.0
161,137,0.0
161,138,0.0
161,139,9.9
161,140,9.9
161,141,0.0
161,142,0.0
161,143,0.0
161,144,9.9
161,145,0.0
161,146,9.9
161,147,0.0
161,148,9.9
161,149,9.9
161,150,0.0
161,151,9.9
161,152,9.9
161,153,0.0
161,154,0.0
161,155,0.0
161,156,0.0
161,157,0.0
161,158,9.9
161,159,9.9
161,160,0.0
161,161,0.0
161,162,0.0
161,163,9.9
161,164,9.9
161,165,9.9
161,166,9.9
161,167,0.0
161,168,9.9
161,169,9.9
161,170,9.9
161,171,0.0
161,172,0.0
161,173,9.9
161,174,0.0
161,175,9.9
161,176,9.9
161,177,9.9
161,178,9.9
161,179,9.9
161,180,0.0
161,181,9.9
161,182,0.0
161,183,9.9
161,184,9.9
161,185,0.0
161,186,9.9
161,187,9.9
161,188,9.9
161,189,0.0
161,190,0.0
161,191,9.9
161,192,9.9
161,193,0.0
161,194,0.0
161,195,0.0
161,196,0.0
161,197,9.9
161,198,0.0
161,199,0.0
161,200,0.0
161,201,9.9
162,0,55
162,1,55
162,2,55
162,3,55
162,4,55
162,5,55
162,6,55
162,7,55
162,8,55
162,9,0.0
162,10,55
162,11,55
162,12,0.0
162,13,55
162,14,9.9
162,15,55
162,16,9.9
162,17,55
162,18,9.9
162,19,0.0
162,20,55
162,21,55
162,22,55
162,23,9.9
162,24,55
162,25,0.0
162,26,55
162,27,0.0
162,28,0.0
162,29,55
162,30,0.0
162,31,55
162,32,9.9
162,33,9.9
162,34,0.0
162,35,55
162,36,0.0
162,37,55
162,38,9.9
162,39,9.9
162,40,9.9
162,41,55
162,42,0.0
162,43,9.9
162,44,9.9
162,45,0.0
162,46,55
162,47,55
162,48,0.0
162,49,55
162,50,9.9
162,51,9.9
162,52,55
162,53,55
162,54,55
162,55,0.0
162,56,0.0
162,57,55
162,58,55
162,59,0.0
162,60,9.9
162,61,55
162,62,55
162,63,9.9
162,64,9.9
162,65,9.9
162,66,55
162,67,55
162,68,55
162,69,55
162,70,55
162,71,55
162,72,55
162,73,55
162,74,55
162,75,0.0
162,76,0.0
162,77,9.9
162,78,0.0
162,79,0.0
162,80,0.0
162,81,9.9
162,82,0.0
162,83,9.9
162,84,9.9
162,85,9.9
162,86,0.0
162,87,9.9
162,88,0.0
162,89,9.9
162,90,0.0
162,91,0.0
162,92,9.9
162,93,9.9
162,94,0.0
162,95,0.0
162,96,9.9
162,97,0.0
162,98,0.0
162,99,9.9
162,100,0.0
162,101,0.0
162,102,0.0
162,103,9.9
162,104,0.0
162,105,0.0
162,106,9.9
162,107,0.0
162,108,9.9
162,109,9.9
162,110,0.0
162,111,9.9
162,112,0.0
162,113,9.9
162,114,9.9
162,115,0.0
162,116,9.9
162,117,0.0
162,118,9.9
162,119,9.9
162,120,9.9
162,121,9.9
162,122,9.9
162,123,9.9
162,124,0.0
162,125,0.0
162,126,0.0
162,127,9.9
162,128,9.9
162,129,0.0
162,130,0.0
162,131,9.9
162,132,9.9
162,133,9.9
162,134,0.0
162,135,9.9
162,136,0.0
162,137,9.9
162,138,9.9
162,139,9.9
162,140,0.0
162,141,0.0
162,142,9.9
162,143,0.0
162,144,9.9
162,145,9.9
162,146,9.9
162,147,0.0
162,148,9.9
162,149,0.0
162,150,0.0
162,151,9.9
162,152,0.0
162,153,0.0
162,154,9.9
162,155,9.9
162,156,9.9
162,157,0.0
162,158,9.9
162,159,0.0
162,160,0.0
162,161,9.9
162,162,9.9
162,163,9.9
162,164,0.0
162,165,0.0
162,166,0.0
162,167,9.9
162,168,9.9
162,169,0.0
162,170,0.0
162,171,9.9
162,172,0.0
162,173,9.9
162,174,9.9
162,175,9.9
162,176,0.0
162,177,0.0
162,178,0.0
162,179,0.0
162,180,9.9
162,181,9.9
162,182,9.9
162,183,9.9
162,184,0.0
162,185,9.9
162,186,9.9
162,187,0.0
162,188,0.0
162,189,0.0
162,190,9.9
162,191,9.9
162,192,0.0
162,193,0.0
162,194,9.9
162,195,9.9
162,196,0.0
162,197,9.9
162,198,0.0
162,199,9.9
162,200,9.9
162,201,9.9
163,0,0.0
163,1,55
163,2,55
163,3,55
163,4,9.9
163,5,0.0
163,6,55
163,7,55
163,8,55
163,9,9.9
163,10,9.9
163,11,55
163,12,0.0
163,13,55
163,14,55
163,15,55
163,16,55
163,17,55
163,18,55
163,19,9.9
163,20,55
163,21,55
163,22,55
163,23,55
163,24,0.0
163,25,9.9
163,26,9.9
163,27,9.9
163,28,55
163,29,9.9
163,30,9.9
163,31,9.9
163,32,55
163,33,0.0
163,34,55
163,35,9.9
163,36,0.0
163,37,9.9
163,38,55
163,39,0.0
163,40,0.0
163,41,0.0
163,42,55
163,43,9.9
163,44,0.0
163,45,9.9
163,46,55
163,47,55
163,48,55
163,49,9.9
163,50,55
163,51,0.0
163,52,0.0
163,53,55
163,54,55
163,55,55
163,56,9.9
163,57,9.9
163,58,55
163,59,55
163,60,9.9
163,61,0.0
163,62,0.0
163,63,55
163,64,0.0
163,65,0.0
163,66,0.0
163,67,9.9
163,68,0.0
163,69,55
163,70,55
163,71,55
163,72,55
163,73,0.0
163,74,55
163,75,55
163,76,0.0
163,77,9.9
163,78,9.9
163,79,0.0
163,80,0.0
163,81,9.9
163,82,9.9
163,83,9.9
163,84,0.0
163,85,0.0
163,86,9.9
163,87,9.9
163,88,9.9
163,89,9.9
163,90,0.0
163,91,0.0
163,92,9.9
163,93,0.0
163,94,9.9
163,95,0.0
163,96,9.9
163,97,9.9
163,98,0.0
163,99,9.9
163,100,9.9
163,101,0.0
163,102,0.0
163,103,9.9
163,104,9.9
163,105,0.0
163,106,9.9
163,107,0.0
163,108,9.9
163,109,0.0
163,110,9.9
163,111,9.9
163,112,9.9
163,113,9.9
163,114,0.0
163,115,9.9
163,116,9.9
163,117,0.0
163,118,9.9
163,119,0.0
163,120,0.0
163,121,0.0
163,122,0.0
163,123,0.0
163,124,0.0
163,125,9.9
163,126,0.0
163,127,9.9
163,128,0.0
163,129,0.0
163,130,0.0
163,131,9.9
163,132,0.0
163,133,0.0
163,134,9.9
163,135,9.9
163,136,9.9
163,137,9.9
163,138,0.0
163,139,0.0
163,140,0.0
163,141,0.0
163,142,9.9
163,143,9.9
163,144,9.9
163,145,0.0
163,146,0.0
163,147,9.9
163,148,9.9
163,149,0.0
163,150,0.0
163,151,9.9
163,152,0.0
163,153,0.0
163,154,9.9
163,155,0.0
163,156,0.0
163,157,9.9
163,158,9.9
163,159,0.0
163,160,0.0
163,161,9.9
163,162,0.0
163,163,0.0
163,164,0.0
163,165,9.9
163,166,9.9
163,167,9.9
163,168,0.0
163,169,0.0
163,170,9.9
163,171,9.9
163,172,9.9
163,173,9.9
163,174,0.0
163,175,0.0
163,176,0.0
163,177,9.9
163,178,9.9
163,179,9.9
163,180,9.9
163,181,0.0
163,182,0.0
163,183,0.0
163,184,0.0
163,185,9.9
163,186,0.0
163,187,0.0
163,188,9.9
163,189,0.0
163,190,9.9
163,191,0.0
163,192,0.0
163,193,0.0
163,194,9.9
163,195,0.0
163,196,9.9
163,197,9.9
163,198,9.9
163,199,9.9
163,200,0.0
163,201,0.0
164,0,9.9
164,1,9.9
164,2,0.0
164,3,55
164,4,55
164,5,55
164,6,55
164,7,9.9
164,8,55
164,9,55
164,10,0.0
164,11,0.0
164,12,55
164,13,55
164,14,55
164,15,55
164,16,55
164,17,55
164,18,55
164,19,55
164,20,55
164,21,9.9
164,22,9.9
164,23,55
164,24,0.0
164,25,9.9
164,26,0.0
164,27,0.0
164,28,55
164,29,55
164,30,0.0
164,31,0.0
164,32,0.0
164,33,55
164,34,55
164,35,55
164,36,9.9
164,37,9.9
164,38,0.0
164,39,55
164,40,9.9
164,41,55
164,42,55
164,43,55
164,44,0.0
164,45,9.9
164,46,55
164,47,9.9
164,48,9.9
164,49,55
164,50,0.0
164,51,55
164,52,55
164,53,9.9
164,54,55
164,55,0.0
164,56,55
164,57,0.0
164,58,0.0
164,59,9.9
164,60,55
164,61,55
164,62,55
164,63,9.9
164,64,55
164,65,9.9
164,66,55
164,67,9.9
164,68,55
164,69,55
164,70,9.9
164,71,55
164,72,55
164,73,9.9
164,74,55
164,75,9.9
164,76,55
164,77,9.9
164,78,0.0
164,79,9.9
164,80,0.0
164,81,9.9
164,82,0.0
164,83,0.0
164,84,0.0
164,85,9.9
164,86,9.9
164,87,0.0
164,88,0.0
164,89,0.0
164,90,9.9
164,91,0.0
164,92,9.9
164,93,0.0
164,94,9.9
164,95,9.9
164,96,9.9
164,97,0.0
164,98,9.9
164,99,9.9
164,100,0.0
164,101,9.9
164,102,0.0
164,103,9.9
164,104,0.0
164,105,9.9
164,106,9.9
164,107,9.9
164,108,9.9
164,109,0.0
164,110,9.9
164,111,0.0
164,112,0.0
164,113,0.0
164,114,0.0
164,115,9.9
164,116,0.0
164,117,9.9
164,118,9.9
164,119,0.0
164,120,9.9
164,121,9.9
164,122,9.9
164,123,9.9
164,124,0.0
164,125,9.9
164,126,9.9
164,127,9.9
164,128,0.0
164,129,0.0
164,130,0.0
164,131,9.9
164,132,0.0
164,133,9.9
164,134,9.9
164,135,0.0
164,136,0.0
164,137,0.0
164,138,0.0
164,139,9.9
164,140,0.0
164,141,0.0
164,142,9.9
164,143,0.0
164,144,0.0
164,145,0.0
164,146,9.9
164,147,9.9
164,148,0.0
164,149,9.9
164,150,0.0
164,151,9.9
164,152,9.9
164,153,0.0
164,154,9.9
164,155,0.0
164,156,9.9
164,157,9.9
164,158,0.0
164,159,9.9
164,160,0.0
164,161,9.9
164,162,0.0
164,163,9.9
164,164,0.0
164,165,9.9
164,166,0.0
164,167,0.0
164,168,0.0
164,169,0.0
164,170,9.9
164,171,0.0
164,172,0.0
164,173,0.0
164,174,0.0
164,175,9.9
164,176,0.0
164,177,9.9
164,178,0.0
164,179,0.0
164,180,0.0
164,181,0.0
164,182,9.9
164,183,9.9
164,184,0.0
164,185,9.9
164,186,0.0
164,187,0.0
164,188,9.9
164,189,9.9
164,190,9.9
164,191,0.0
164,192,0.0
164,193,0.0
164,194,9.9
164,195,0.0
164,196,9.9
164,197,0.0
164,198,0.0
164,199,0.0
164,200,0.0
164,201,9.9
165,0,9.9
165,1,0.0
165,2,55
165,3,55
165,4,55
165,5,0.0
165,6,0.0
165,7,55
165,8,55
165,9,55
165,10,55
165,11,55
165,12,55
165,13,0.0
165,14,9.9
165,15,9.9
165,16,55
165,17,0.0
165,18,55
165,19,55
165,20,55
165,21,55
165,22,0.0
165,23,55
165,24,55
165,25,9.9
165,26,0.0
165,27,9.9
165,28,9.9
165,29,55
165,30,55
165,31,9.9
165,32,55
165,33,55
165,34,0.0
165,35,55
165,36,55
165,37,0.0
165,38,55
165,39,55
165,40,55
165,41,55
165,42,0.0
165,43,55
165,44,55
165,45,9.9
165,46,0.0
165,47,55
165,48,0.0
165,49,0.0
165,50,0.0
165,51,55
165,52,0.0
165,53,55
165,54,0.0
165,55,9.9
165,56,9.9
165,57,55
165,58,55
165,59,9.9
165,60,0.0
165,61,0.0
165,62,9.9
165,63,55
165,64,55
165,65,55
165,66,55
165,67,55
165,68,55
165,69,0.0
165,70,55
165,71,55
165,72,55
165,73,55
165,74,55
165,75,55
165,76,55
165,77,55
165,78,0.0
165,79,9.9
165,80,9.9
165,81,9.9
165,82,0.0
165,83,9.9
165,84,0.0
165,85,9.9
165,86,0.0
165,87,0.0
165,88,9.9
165,89,9.9
165,90,9.9
165,91,9.9
165,92,9.9
165,93,9.9
165,94,9.9
165,95,0.0
165,96,0.0
165,97,0.0
165,98,9.9
165,99,0.0
165,100,0.0
165,101,9.9
165,102,9.9
165,103,9.9
165,104,0.0
165,105,9.9
165,106,0.0
165,107,0.0
165,108,0.0
165,109,9.9
165,110,9.9
165,111,0.0
165,112,9.9
165,113,9.9
165,114,0.0
165,115,9.9
165,116,0.0
165,117,9.9
165,118,0.0
165,119,9.9
165,120,9.9
165,121,0.0
165,122,0.0
165,123,0.0
165,124,9.9
165,125,9.9
165,126,0.0
165,127,0.0
165,128,9.9
165,129,0.0
165,130,0.0
165,131,9.9
165,132,9.9
165,133,9.9
165,134,0.0
165,135,0.0
165,136,9.9
165,137,9.9
165,138,0.0
165,139,9.9
165,140,9.9
165,141,0.0
165,142,9.9
165,143,0.0
165,144,9.9
165,145,0.0
165,146,9.9
165,147,0.0
165,148,0.0
165,149,9.9
165,150,9.9
165,151,9.9
165,152,0.0
165,153,9.9
165,154,9.9
165,155,9.9
165,156,9.9
165,157,0.0
165,158,0.0
165,159,9.9
165,160,9.9
165,161,9.9
165,162,9.9
165,163,9.9
165,164,9.9
165,165,9.9
165,166,0.0
165,167,9.9
165,168,0.0
165,169,0.0
165,170,9.9
165,171,0.0
165,172,9.9
165,173,9.9
165,174,0.0
165,175,9.9
165,176,9.9
165,177,9.9
165,178,0.0
165,179,9.9
165,180,9.9
165,181,0.0
165,182,9.9
165,183,0.0
165,184,9.9
165,185,9.9
165,186,9.9
165,187,0.0
165,188,9.9
165,189,0.0
165,190,0.0
165,191,9.9
165,192,0.0
165,193,0.0
165,194,9.9
165,195,9.9
165,196,9.9
165,197,0.0
165,198,9.9
165,199,9.9
165,200,0.0
165,201,9.9
166,0,55
166,1,0.0
166,2,55
166,3,0.0
166,4,9.9
166,5,0.0
166,6,55
166,7,9.9
166,8,55
166,9,0.0
166,10,9.9
166,11,0.0
166,12,0.0
166,13,0.0
166,14,9.9
166,15,0.0
166,16,55
166,17,0.0
166,18,55
166,19,55
166,20,0.0
166,21,55
166,22,55
166,23,9.9
166,24,9.9
166,25,55
166,26,9.9
166,27,9.9
166,28,0.0
166,29,0.0
166,30,0.0
166,31,55
166,32,55
166,33,9.9
166,34,0.0
166,35,55
166,36,55
166,37,55
166,38,55
166,39,0.0
166,40,55
166,41,55
166,42,9.9
166,43,55
166,44,0.0
166,45,55
166,46,55
166,47,9.9
166,48,55
166,49,55
166,50,0.0
166,51,55
166,52,0.0
166,53,9.9
166,54,9.9
166,55,9.9
166,56,0.0
166,57,55
166,58,0.0
166,59,55
166,60,55
166,61,55
166,62,9.9
166,63,0.0
166,64,55
166,65,55
166,66,55
166,67,55
166,68,55
166,69,9.9
166,70,9.9
166,71,55
166,72,0.0
166,73,55
166,74,55
166,75,55
166,76,55
166,77,55
166,78,55
166,79,9.9
166,80,0.0
166,81,0.0
166,82,9.9
166,83,9.9
166,84,9.9
166,85,9.9
166,86,0.0
166,87,0.0
166,88,9.9
166,89,0.0
166,90,0.0
166,91,0.0
166,92,0.0
166,93,0.0
166,94,0.0
166,95,0.0
166,96,9.9
166,97,0.0
166,98,9.9
166,99,0.0
166,100,0.0
166,101,9.9
166,102,0.0
166,103,0.0
166,104,9.9
166,105,9.9
166,106,0.0
166,107,9.9
166,108,9.9
166,109,9.9
166,110,0.0
166,111,9.9
166,112,9.9
166,113,0.0
166,114,9.9
166,115,9.9
166,116,9.9
166,117,9.9
166,118,0.0
166,119,9.9
166,120,0.0
166,121,0.0
166,122,9.9
166,123,9.9
166,124,9.9
166,125,0.0
166,126,0.0
166,127,9.9
166,128,9.9
166,129,9.9
166,130,0.0
166,131,9.9
166,132,0.0
166,133,0.0
166,134,0.0
166,135,0.0
166,136,9.9
166,137,0.0
166,138,9.9
166,139,9.9
166,140,0.0
166,141,9.9
166,142,9.9
166,143,9.9
166,144,9.9
166,145,9.9
166,146,9.9
166,147,0.0
166,148,0.0
166,149,9.9
166,150,0.0
166,151,0.0
166,152,0.0
166,153,9.9
166,154,0.0
166,155,0.0
166,156,0.0
166,157,0.0
166,158,0.0
166,159,9.9
166,160,0.0
166,161,0.0
166,162,0.0
166,163,0.0
166,164,0.0
166,165,0.0
166,166,9.9
166,167,9.9
166,168,9.9
166,169,0.0
166,170,9.9
166,171,9.9
166,172,9.9
166,173,0.0
166,174,9.9
166,175,9.9
166,176,0.0
166,177,0.0
166,178,9.9
166,179,9.9
166,180,0.0
166,181,9.9
166,182,9.9
166,183,0.0
166,184,9.9
166,185,0.0
166,186,0.0
166,187,9.9
166,188,9.9
166,189,0.0
166,190,9.9
166,191,9.9
166,192,9.9
166,193,0.0
166,194,9.9
166,195,0.0
166,196,0.0
166,197,9.9
166,198,9.9
166,199,0.0
166,200,9.9
166,201,9.9
167,0,0.0
167,1,55
167,2,55
167,3,0.0
167,4,9.9
167,5,9.9
167,6,55
167,7,55
167,8,0.0
167,9,9.9
167,10,9.9
167,11,55
167,12,55
167,13,0.0
167,14,9.9
167,15,0.0
167,16,9.9
167,17,55
167,18,55
167,19,9.9
167,20,0.0
167,21,55
167,22,9.9
167,23,55
167,24,0.0
167,25,0.0
167,26,55
167,27,0.0
167,28,0.0
167,29,55
167,30,55
167,31,9.9
167,32,55
167,33,55
167,34,9.9
167,35,55
167,36,9.9
167,37,9.9
167,38,0.0
167,39,0.0
167,40,55
167,41,9.9
167,42,55
167,43,55
167,44,0.0
167,45,9.9
167,46,0.0
167,47,55
167,48,55
167,49,0.0
167,50,55
167,51,55
167,52,55
167,53,9.9
167,54,0.0
167,55,0.0
167,56,0.0
167,57,9.9
167,58,9.9
167,59,9.9
167,60,0.0
167,61,9.9
167,62,55
167,63,55
167,64,9.9
167,65,55
167,66,55
167,67,55
167,68,55
167,69,55
167,70,0.0
167,71,0.0
167,72,9.9
167,73,55
167,74,9.9
167,75,55
167,76,0.0
167,77,55
167,78,9.9
167,79,55
167,80,0.0
167,81,9.9
167,82,9.9
167,83,0.0
167,84,0.0
167,85,0.0
167,86,9.9
167,87,0.0
167,88,9.9
167,89,0.0
167,90,9.9
167,91,9.9
167,92,9.9
167,93,9.9
167,94,9.9
167,95,0.0
167,96,9.9
167,97,9.9
167,98,9.9
167,99,9.9
167,100,0.0
167,101,9.9
167,102,0.0
167,103,9.9
167,104,9.9
167,105,0.0
167,106,9.9
167,107,9.9
167,108,0.0
167,109,0.0
167,110,0.0
167,111,9.9
167,112,0.0
167,113,0.0
167,114,9.9
167,115,0.0
167,116,0.0
167,117,0.0
167,118,9.9
167,119,9.9
167,120,0.0
167,121,0.0
167,122,9.9
167,123,0.0
167,124,0.0
167,125,0.0
167,126,0.0
167,127,9.9
167,128,0.0
167,129,0.0
167,130,9.9
167,131,9.9
167,132,0.0
167,133,9.9
167,134,0.0
167,135,0.0
167,136,9.9
167,137,0.0
167,138,9.9
167,139,0.0
167,140,0.0
167,141,9.9
167,142,0.0
167,143,0.0
167,144,0.0
167,145,0.0
167,146,0.0
167,147,9.9
167,148,0.0
167,149,9.9
167,150,0.0
167,151,9.9
167,152,0.0
167,153,9.9
167,154,0.0
167,155,9.9
167,156,9.9
167,157,0.0
167,158,0.0
167,159,9.9
167,160,0.0
167,161,9.9
167,162,9.9
167,163,9.9
167,164,9.9
167,165,9.9
167,166,9.9
167,167,0.0
167,168,0.0
167,169,9.9
167,170,9.9
167,171,0.0
167,172,0.0
167,173,0.0
167,174,9.9
167,175,0.0
167,176,0.0
167,177,9.9
167,178,9.9
167,179,0.0
167,180,0.0
167,181,9.9
167,182,0.0
167,183,9.9
167,184,9.9
167,185,0.0
167,186,9.9
167,187,9.9
167,188,0.0
167,189,9.9
167,190,9.9
167,191,0.0
167,192,0.0
167,193,9.9
167,194,9.9
167,195,0.0
167,196,9.9
167,197,9.9
167,198,0.0
167,199,0.0
167,200,9.9
167,201,0.0
168,0,9.9
168,1,55
168,2,0.0
168,3,55
168,4,9.9
168,5,0.0
168,6,55
168,7,55
168,8,9.9
168,9,9.9
168,10,0.0
168,11,55
168,12,9.9
168,13,55
168,14,9.9
168,15,9.9
168,16,9.9
168,17,55
168,18,0.0
168,19,55
168,20,9.9
168,21,55
168,22,55
168,23,0.0
168,24,55
168,25,55
168,26,9.9
168,27,55
168,28,0.0
168,29,55
168,30,0.0
168,31,55
168,32,0.0
168,33,55
168,34,55
168,35,55
168,36,55
168,37,0.0
168,38,55
168,39,0.0
168,40,55
168,41,55
168,42,0.0
168,43,55
168,44,55
168,45,9.9
168,46,55
168,47,9.9
168,48,55
168,49,9.9
168,50,55
168,51,9.9
168,52,0.0
168,53,55
168,54,0.0
168,55,9.9
168,56,0.0
168,57,9.9
168,58,0.0
168,59,0.0
168,60,55
168,61,9.9
168,62,0.0
168,63,0.0
168,64,55
168,65,0.0
168,66,55
168,67,55
168,68,55
168,69,55
168,70,55
168,71,55
168,72,9.9
168,73,55
168,74,55
168,75,55
168,76,0.0
168,77,55
168,78,55
168,79,0.0
168,80,55
168,81,9.9
168,82,0.0
168,83,0.0
168,84,9.9
168,85,9.9
168,86,9.9
168,87,9.9
168,88,9.9
168,89,9.9
168,90,9.9
168,91,0.0
168,92,0.0
168,93,0.0
168,94,0.0
168,95,9.9
168,96,9.9
168,97,0.0
168,98,0.0
168,99,0.0
168,100,9.9
168,101,9.9
168,102,9.9
168,103,9.9
168,104,0.0
168,105,0.0
168,106,9.9
168,107,0.0
168,108,0.0
168,109,9.9
168,110,0.0
168,111,9.9
168,112,0.0
168,113,0.0
168,114,9.9
168,115,0.0
168,116,9.9
168,117,9.9
168,118,9.9
168,119,0.0
168,120,9.9
168,121,0.0
168,122,9.9
168,123,0.0
168,124,9.9
168,125,0.0
168,126,0.0
168,127,9.9
168,128,0.0
168,129,9.9
168,130,9.9
168,131,0.0
168,132,9.9
168,133,9.9
168,134,9.9
168,135,0.0
168,136,9.9
168,137,9.9
168,138,9.9
168,139,0.0
168,140,0.0
168,141,9.9
168,142,0.0
168,143,9.9
168,144,9.9
168,145,9.9
168,146,9.9
168,147,9.9
168,148,9.9
168,149,9.9
168,150,9.9
168,151,9.9
168,152,9.9
168,153,9.9
168,154,9.9
168,155,9.9
168,156,0.0
168,157,9.9
168,158,0.0
168,159,9.9
168,160,9.9
168,161,9.9
168,162,0.0
168,163,0.0
168,164,0.0
168,165,0.0
168,166,0.0
168,167,0.0
168,168,9.9
168,169,9.9
168,170,0.0
168,171,0.0
168,172,9.9
168,173,0.0
168,174,9.9
168,175,0.0
168,176,0.0
168,177,9.9
168,178,0.0
168,179,0.0
168,180,0.0
168,181,9.9
168,182,0.0
168,183,9.9
168,184,0.0
168,185,9.9
168,186,9.9
168,187,0.0
168,188,0.0
168,189,9.9
168,190,0.0
168,191,0.0
168,192,9.9
168,193,9.9
168,194,0.0
168,195,9.9
168,196,9.9
168,197,0.0
168,198,0.0
168,199,0.0
168,200,9.9
168,201,0.0
169,0,55
169,1,55
169,2,0.0
169,3,55
169,4,55
169,5,0.0
169,6,9.9
169,7,0.0
169,8,55
169,9,0.0
169,10,0.0
169,11,9.9
169,12,55
169,13,55
169,14,55
169,15,0.0
169,16,0.0
169,17,0.0
169,18,9.9
169,19,9.9
169,20,55
169,21,55
169,22,55
169,23,9.9
169,24,55
169,25,9.9
169,26,55
169,27,55
169,28,55
169,29,55
169,30,0.0
169,31,9.9
169,32,9.9
169,33,9.9
169,34,55
169,35,55
169,36,55
169,37,55
169,38,55
169,39,55
169,40,55
169,41,55
169,42,9.9
169,43,9.9
169,44,9.9
169,45,55
169,46,55
169,47,55
169,48,55
169,49,55
169,50,55
169,51,55
169,52,55
169,53,9.9
169,54,55
169,55,9.9
169,56,9.9
169,57,9.9
169,58,0.0
169,59,9.9
169,60,55
169,61,55
169,62,55
169,63,55
169,64,9.9
169,65,0.0
169,66,9.9
169,67,55
169,68,55
169,69,55
169,70,0.0
169,71,0.0
169,72,55
169,73,0.0
169,74,55
169,75,55
169,76,55
169,77,55
169,78,55
169,79,9.9
169,80,55
169,81,55
169,82,0.0
169,83,0.0
169,84,9.9
169,85,0.0
169,86,0.0
169,87,0.0
169,88,0.0
169,89,0.0
169,90,0.0
169,91,0.0
169,92,9.9
169,93,9.9
169,94,9.9
169,95,9.9
169,96,0.0
169,97,0.0
169,98,9.9
169,99,9.9
169,100,9.9
169,101,0.0
169,102,0.0
169,103,0.0
169,104,0.0
169,105,0.0
169,106,9.9
169,107,0.0
169,108,0.0
169,109,9.9
169,110,9.9
169,111,9.9
169,112,9.9
169,113,0.0
169,114,9.9
169,115,9.9
169,116,9.9
169,117,0.0
169,118,0.0
169,119,0.0
169,120,9.9
169,121,9.9
169,122,9.9
169,123,9.9
169,124,9.9
169,125,9.9
169,126,0.0
169,127,9.9
169,128,9.9
169,129,9.9
169,130,0.0
169,131,0.0
169,132,9.9
169,133,0.0
169,134,0.0
169,135,9.9
169,136,9.9
169,137,0.0
169,138,0.0
169,139,9.9
169,140,0.0
169,141,9.9
169,142,9.9
169,143,9.9
169,144,0.0
169,145,0.0
169,146,0.0
169,147,0.0
169,148,0.0
169,149,0.0
169,150,0.0
169,151,0.0
169,152,0.0
169,153,0.0
169,154,0.0
169,155,0.0
169,156,0.0
169,157,9.9
169,158,9.9
169,159,9.9
169,160,0.0
169,161,0.0
169,162,0.0
169,163,9.9
169,164,9.9
169,165,9.9
169,166,9.9
169,167,0.0
169,168,9.9
169,169,0.0
169,170,0.0
169,171,0.0
169,172,9.9
169,173,9.9
169,174,9.9
169,175,9.9
169,176,0.0
169,177,9.9
169,178,0.0
169,179,0.0
169,180,0.0
169,181,9.9
169,182,9.9
169,183,9.9
169,184,0.0
169,185,9.9
169,186,0.0
169,187,0.0
169,188,0.0
169,189,9.9
169,190,0.0
169,191,0.0
169,192,9.9
169,193,0.0
169,194,0.0
169,195,9.9
169,196,0.0
169,197,0.0
169,198,0.0
169,199,0.0
169,200,9.9
169,201,9.9
170,0,55
170,1,55
170,2,55
170,3,55
170,4,55
170,5,55
170,6,9.9
170,7,55
170,8,9.9
170,9,55
170,10,0.0
170,11,9.9
170,12,0.0
170,13,55
170,14,55
170,15,55
170,16,9.9
170,17,55
170,18,9.9
170,19,0.0
170,20,0.0
170,21,55
170,22,0.0
170,23,55
170,24,55
170,25,55
170,26,0.0
170,27,55
170,28,9.9
170,29,0.0
170,30,55
170,31,9.9
170,32,0.0
170,33,0.0
170,34,0.0
170,35,55
170,36,55
170,37,0.0
170,38,9.9
170,39,0.0
170,40,0.0
170,41,9.9
170,42,55
170,43,0.0
170,44,0.0
170,45,0.0
170,46,55
170,47,55
170,48,55
170,49,55
170,50,55
170,51,55
170,52,9.9
170,53,55
170,54,55
170,55,55
170,56,0.0
170,57,0.0
170,58,9.9
170,59,9.9
170,60,55
170,61,55
170,62,9.9
170,63,9.9
170,64,55
170,65,9.9
170,66,9.9
170,67,0.0
170,68,55
170,69,55
170,70,9.9
170,71,55
170,72,9.9
170,73,0.0
170,74,9.9
170,75,55
170,76,9.9
170,77,0.0
170,78,9.9
170,79,55
170,80,55
170,81,55
170,82,55
170,83,0.0
170,84,9.9
170,85,0.0
170,86,9.9
170,87,9.9
170,88,9.9
170,89,9.9
170,90,9.9
170,91,0.0
170,92,9.9
170,93,0.0
170,94,0.0
170,95,0.0
170,96,0.0
170,97,0.0
170,98,9.9
170,99,0.0
170,100,0.0
170,101,0.0
170,102,9.9
170,103,9.9
170,104,0.0
170,105,0.0
170,106,9.9
170,107,9.9
170,108,0.0
170,109,9.9
170,110,0.0
170,111,0.0
170,112,0.0
170,113,9.9
170,114,9.9
170,115,0.0
170,116,0.0
170,117,0.0
170,118,9.9
170,119,0.0
170,120,9.9
170,121,0.0
170,122,0.0
170,123,0.0
170,124,0.0
170,125,0.0
170,126,9.9
170,127,9.9
170,128,0.0
170,129,0.0
170,130,0.0
170,131,0.0
170,132,9.9
170,133,0.0
170,134,9.9
170,135,9.9
170,136,0.0
170,137,0.0
170,138,9.9
170,139,9.9
170,140,9.9
170,141,9.9
170,142,0.0
170,143,0.0
170,144,0.0
170,145,9.9
170,146,9.9
170,147,9.9
170,148,9.9
170,149,9.9
170,150,9.9
170,151,9.9
170,152,9.9
170,153,9.9
170,154,9.9
170,155,9.9
170,156,0.0
170,157,9.9
170,158,0.0
170,159,0.0
170,160,0.0
170,161,9.9
170,162,0.0
170,163,9.9
170,164,0.0
170,165,0.0
170,166,0.0
170,167,9.9
170,168,9.9
170,169,0.0
170,170,0.0
170,171,0.0
170,172,9.9
170,173,0.0
170,174,0.0
170,175,0.0
170,176,9.9
170,177,9.9
170,178,9.9
170,179,0.0
170,180,0.0
170,181,9.9
170,182,0.0
170,183,0.0
170,184,9.9
170,185,9.9
170,186,0.0
170,187,0.0
170,188,0.0
170,189,9.9
170,190,9.9
170,191,0.0
170,192,9.9
170,193,0.0
170,194,0.0
170,195,9.9
170,196,0.0
170,197,0.0
170,198,0.0
170,199,0.0
170,200,9.9
170,201,0.0
171,0,55
171,1,55
171,2,9.9
171,3,9.9
171,4,9.9
171,5,0.0
171,6,55
171,7,55
171,8,55
171,9,55
171,10,55
171,11,9.9
171,12,55
171,13,9.9
171,14,55
171,15,0.0
171,16,55
171,17,55
171,18,55
171,19,0.0
171,20,55
171,21,55
171,22,0.0
171,23,9.9
171,24,55
171,25,55
171,26,9.9
171,27,9.9
171,28,55
171,29,55
171,30,55
171,31,55
171,32,0.0
171,33,9.9
171,34,55
171,35,9.9
171,36,55
171,37,9.9
171,38,9.9
171,39,55
171,40,55
171,41,9.9
171,42,0.0
171,43,55
171,44,9.9
171,45,55
171,46,55
171,47,55
171,48,0.0
171,49,55
171,50,0.0
171,51,55
171,52,55
171,53,0.0
171,54,55
171,55,55
171,56,55
171,57,9.9
171,58,9.9
171,59,0.0
171,60,0.0
171,61,0.0
171,62,55
171,63,0.0
171,64,0.0
171,65,55
171,66,0.0
171,67,55
171,68,9.9
171,69,55
171,70,55
171,71,55
171,72,55
171,73,9.9
171,74,9.9
171,75,0.0
171,76,55
171,77,55
171,78,9.9
171,79,0.0
171,80,55
171,81,0.0
171,82,0.0
171,83,55
171,84,9.9
171,85,9.9
171,86,9.9
171,87,0.0
171,88,0.0
171,89,0.0
171,90,0.0
171,91,9.9
171,92,9.9
171,93,0.0
171,94,9.9
171,95,9.9
171,96,0.0
171,97,0.0
171,98,9.9
171,99,0.0
171,100,9.9
171,101,0.0
171,102,9.9
171,103,0.0
171,104,9.9
171,105,0.0
171,106,9.9
171,107,0.0
171,108,9.9
171,109,9.9
171,110,0.0
171,111,9.9
171,112,9.9
171,113,9.9
171,114,0.0
171,115,0.0
171,116,9.9
171,117,0.0
171,118,9.9
171,119,9.9
171,120,9.9
171,121,0.0
171,122,9.9
171,123,9.9
171,124,9.9
171,125,9.9
171,126,9.9
171,127,0.0
171,128,0.0
171,129,9.9
171,130,0.0
171,131,0.0
171,132,9.9
171,133,9.9
171,134,9.9
171,135,0.0
171,136,0.0
171,137,0.0
171,138,9.9
171,139,0.0
171,140,0.0
171,141,0.0
171,142,0.0
171,143,9.9
171,144,0.0
171,145,9.9
171,146,0.0
171,147,0.0
171,148,0.0
171,149,0.0
171,150,0.0
171,151,0.0
171,152,0.0
171,153,0.0
171,154,0.0
171,155,0.0
171,156,9.9
171,157,9.9
171,158,0.0
171,159,9.9
171,160,0.0
171,161,9.9
171,162,9.9
171,163,9.9
171,164,0.0
171,165,9.9
171,166,9.9
171,167,9.9
171,168,0.0
171,169,9.9
171,170,0.0
171,171,0.0
171,172,9.9
171,173,0.0
171,174,9.9
171,175,9.9
171,176,9.9
171,177,0.0
171,178,0.0
171,179,9.9
171,180,0.0
171,181,9.9
171,182,0.0
171,183,9.9
171,184,9.9
171,185,0.0
171,186,9.9
171,187,0.0
171,188,0.0
171,189,9.9
171,190,0.0
171,191,9.9
171,192,9.9
171,193,9.9
171,194,0.0
171,195,9.9
171,196,9.9
171,197,0.0
171,198,0.0
171,199,0.0
171,200,9.9
171,201,0.0
172,0,0.0
172,1,55
172,2,55
172,3,0.0
172,4,0.0
172,5,55
172,6,9.9
172,7,55
172,8,55
172,9,55
172,10,9.9
172,11,55
172,12,55
172,13,55
172,14,0.0
172,15,9.9
172,16,9.9
172,17,55
172,18,55
172,19,55
172,20,55
172,21,9.9
172,22,55
172,23,9.9
172,24,0.0
172,25,55
172,26,55
172,27,0.0
172,28,0.0
172,29,0.0
172,30,9.9
172,31,55
172,32,55
172,33,9.9
172,34,55
172,35,55
172,36,0.0
172,37,55
172,38,0.0
172,39,55
172,40,9.9
172,41,55
172,42,55
172,43,55
172,44,55
172,45,55
172,46,9.9
172,47,9.9
172,48,0.0
172,49,55
172,50,0.0
172,51,55
172,52,55
172,53,0.0
172,54,9.9
172,55,55
172,56,0.0
172,57,55
172,58,0.0
172,59,0.0
172,60,55
172,61,55
172,62,9.9
172,63,55
172,64,55
172,65,9.9
172,66,55
172,67,55
172,68,55
172,69,0.0
172,70,55
172,71,55
172,72,55
172,73,55
172,74,0.0
172,75,55
172,76,9.9
172,77,0.0
172,78,55
172,79,55
172,80,55
172,81,0.0
172,82,55
172,83,55
172,84,55
172,85,0.0
172,86,0.0
172,87,0.0
172,88,9.9
172,89,9.9
172,90,9.9
172,91,9.9
172,92,0.0
172,93,9.9
172,94,9.9
172,95,0.0
172,96,9.9
172,97,0.0
172,98,9.9
172,99,9.9
172,100,9.9
172,101,9.9
172,102,9.9
172,103,0.0
172,104,9.9
172,105,9.9
172,106,9.9
172,107,0.0
172,108,9.9
172,109,0.0
172,110,9.9
172,111,9.9
172,112,0.0
172,113,0.0
172,114,0.0
172,115,0.0
172,116,9.9
172,117,9.9
172,118,9.9
172,119,0.0
172,120,0.0
172,121,9.9
172,122,9.9
172,123,0.0
172,124,0.0
172,125,0.0
172,126,0.0
172,127,0.0
172,128,0.0
172,129,9.9
172,130,9.9
172,131,0.0
172,132,9.9
172,133,0.0
172,134,0.0
172,135,0.0
172,136,0.0
172,137,0.0
172,138,9.9
172,139,0.0
172,140,9.9
172,141,9.9
172,142,0.0
172,143,9.9
172,144,9.9
172,145,9.9
172,146,0.0
172,147,9.9
172,148,9.9
172,149,9.9
172,150,9.9
172,151,9.9
172,152,9.9
172,153,9.9
172,154,9.9
172,155,9.9
172,156,9.9
172,157,0.0
172,158,9.9
172,159,9.9
172,160,9.9
172,161,9.9
172,162,0.0
172,163,0.0
172,164,9.9
172,165,9.9
172,166,0.0
172,167,0.0
172,168,0.0
172,169,9.9
172,170,9.9
172,171,0.0
172,172,9.9
172,173,9.9
172,174,9.9
172,175,0.0
172,176,0.0
172,177,0.0
172,178,9.9
172,179,9.9
172,180,9.9
172,181,9.9
172,182,9.9
172,183,9.9
172,184,0.0
172,185,0.0
172,186,9.9
172,187,9.9
172,188,0.0
172,189,9.9
172,190,0.0
172,191,9.9
172,192,0.0
172,193,0.0
172,194,9.9
172,195,9.9
172,196,0.0
172,197,9.9
172,198,0.0
172,199,0.0
172,200,9.9
172,201,9.9
173,0,55
173,1,9.9
173,2,55
173,3,55
173,4,9.9
173,5,55
173,6,55
173,7,0.0
173,8,55
173,9,0.0
173,10,55
173,11,0.0
173,12,55
173,13,55
173,14,0.0
173,15,9.9
173,16,0.0
173,17,55
173,18,55
173,19,9.9
173,20,0.0
173,21,55
173,22,55
173,23,55
173,24,55
173,25,9.9
173,26,55
173,27,55
173,28,55
173,29,55
173,30,9.9
173,31,55
173,32,0.0
173,33,55
173,34,0.0
173,35,55
173,36,9.9
173,37,9.9
173,38,55
173,39,9.9
173,40,55
173,41,0.0
173,42,0.0
173,43,0.0
173,44,55
173,45,55
173,46,55
173,47,0.0
173,48,9.9
173,49,55
173,50,55
173,51,55
173,52,9.9
173,53,55
173,54,9.9
173,55,0.0
173,56,9.9
173,57,9.9
173,58,55
173,59,0.0
173,60,55
173,61,0.0
173,62,55
173,63,55
173,64,9.9
173,65,55
173,66,55
173,67,9.9
173,68,55
173,69,0.0
173,70,9.9
173,71,55
173,72,55
173,73,55
173,74,55
173,75,55
173,76,55
173,77,55
173,78,9.9
173,79,9.9
173,80,0.0
173,81,55
173,82,55
173,83,0.0
173,84,55
173,85,55
173,86,9.9
173,87,0.0
173,88,9.9
173,89,0.0
173,90,0.0
173,91,0.0
173,92,0.0
173,93,9.9
173,94,0.0
173,95,0.0
173,96,9.9
173,97,9.9
173,98,9.9
173,99,0.0
173,100,0.0
173,101,0.0
173,102,0.0
173,103,9.9
173,104,9.9
173,105,0.0
173,106,0.0
173,107,9.9
173,108,9.9
173,109,0.0
173,110,9.9
173,111,0.0
173,112,0.0
173,113,9.9
173,114,0.0
173,115,0.0
173,116,9.9
173,117,0.0
173,118,0.0
173,119,0.0
173,120,9.9
173,121,9.9
173,122,0.0
173,123,0.0
173,124,9.9
173,125,9.9
173,126,9.9
173,127,0.0
173,128,0.0
173,129,9.9
173,130,0.0
173,131,9.9
173,132,9.9
173,133,0.0
173,134,9.9
173,135,0.0
173,136,0.0
173,137,0.0
173,138,9.9
173,139,9.9
173,140,9.9
173,141,0.0
173,142,9.9
173,143,9.9
173,144,0.0
173,145,0.0
173,146,9.9
173,147,9.9
173,148,0.0
173,149,0.0
173,150,0.0
173,151,0.0
173,152,0.0
173,153,0.0
173,154,0.0
173,155,0.0
173,156,0.0
173,157,0.0
173,158,9.9
173,159,0.0
173,160,0.0
173,161,0.0
173,162,0.0
173,163,9.9
173,164,9.9
173,165,0.0
173,166,0.0
173,167,9.9
173,168,0.0
173,169,9.9
173,170,0.0
173,171,9.9
173,172,9.9
173,173,0.0
173,174,0.0
173,175,0.0
173,176,9.9
173,177,0.0
173,178,9.9
173,179,0.0
173,180,0.0
173,181,0.0
173,182,0.0
173,183,0.0
173,184,0.0
173,185,0.0
173,186,9.9
173,187,0.0
173,188,9.9
173,189,9.9
173,190,9.9
173,191,9.9
173,192,0.0
173,193,9.9
173,194,9.9
173,195,0.0
173,196,0.0
173,197,9.9
173,198,9.9
173,199,0.0
173,200,9.9
173,201,0.0
174,0,0.0
174,1,55
174,2,0.0
174,3,0.0
174,4,55
174,5,55
174,6,55
174,7,0.0
174,8,9.9
174,9,9.9
174,10,9.9
174,11,9.9
174,12,55
174,13,55
174,14,55
174,15,9.9
174,16,0.0
174,17,9.9
174,18,0.0
174,19,55
174,20,55
174,21,9.9
174,22,55
174,23,55
174,24,0.0
174,25,55
174,26,0.0
174,27,0.0
174,28,0.0
174,29,0.0
174,30,55
174,31,0.0
174,32,9.9
174,33,9.9
174,34,9.9
174,35,9.9
174,36,55
174,37,0.0
174,38,55
174,39,55
174,40,0.0
174,41,0.0
174,42,55
174,43,55
174,44,55
174,45,55
174,46,55
174,47,55
174,48,9.9
174,49,55
174,50,0.0
174,51,9.9
174,52,55
174,53,55
174,54,55
174,55,55
174,56,9.9
174,57,0.0
174,58,55
174,59,55
174,60,55
174,61,0.0
174,62,9.9
174,63,55
174,64,55
174,65,0.0
174,66,55
174,67,55
174,68,55
174,69,55
174,70,9.9
174,71,0.0
174,72,55
174,73,55
174,74,0.0
174,75,9.9
174,76,55
174,77,0.0
174,78,55
174,79,0.0
174,80,55
174,81,55
174,82,0.0
174,83,0.0
174,84,55
174,85,9.9
174,86,55
174,87,9.9
174,88,9.9
174,89,0.0
174,90,9.9
174,91,9.9
174,92,0.0
174,93,9.9
174,94,0.0
174,95,0.0
174,96,9.9
174,97,0.0
174,98,0.0
174,99,0.0
174,100,9.9
174,101,9.9
174,102,9.9
174,103,9.9
174,104,0.0
174,105,0.0
174,106,9.9
174,107,9.9
174,108,0.0
174,109,9.9
174,110,9.9
174,111,0.0
174,112,0.0
174,113,9.9
174,114,9.9
174,115,0.0
174,116,9.9
174,117,0.0
174,118,9.9
174,119,0.0
174,120,9.9
174,121,0.0
174,122,0.0
174,123,0.0
174,124,9.9
174,125,0.0
174,126,0.0
174,127,9.9
174,128,0.0
174,129,9.9
174,130,0.0
174,131,9.9
174,132,0.0
174,133,9.9
174,134,9.9
174,135,9.9
174,136,0.0
174,137,0.0
174,138,9.9
174,139,0.0
174,140,0.0
174,141,0.0
174,142,9.9
174,143,0.0
174,144,0.0
174,145,9.9
174,146,9.9
174,147,0.0
174,148,0.0
174,149,9.9
174,150,9.9
174,151,9.9
174,152,9.9
174,153,9.9
174,154,9.9
174,155,9.9
174,156,9.9
174,157,0.0
174,158,9.9
174,159,0.0
174,160,9.9
174,161,9.9
174,162,0.0
174,163,9.9
174,164,0.0
174,165,0.0
174,166,0.0
174,167,9.9
174,168,9.9
174,169,9.9
174,170,0.0
174,171,9.9
174,172,0.0
174,173,0.0
174,174,9.9
174,175,0.0
174,176,9.9
174,177,9.9
174,178,9.9
174,179,0.0
174,180,9.9
174,181,9.9
174,182,9.9
174,183,9.9
174,184,0.0
174,185,0.0
174,186,9.9
174,187,0.0
174,188,9.9
174,189,0.0
174,190,0.0
174,191,0.0
174,192,9.9
174,193,9.9
174,194,0.0
174,195,0.0
174,196,0.0
174,197,9.9
174,198,0.0
174,199,9.9
174,200,9.9
174,201,0.0
175,0,0.0
175,1,9.9
175,2,9.9
175,3,55
175,4,9.9
175,5,55
175,6,0.0
175,7,55
175,8,9.9
175,9,0.0
175,10,0.0
175,11,0.0
175,12,55
175,13,9.9
175,14,0.0
175,15,55
175,16,9.9
175,17,9.9
175,18,55
175,19,9.9
175,20,9.9
175,21,55
175,22,55
175,23,55
175,24,9.9
175,25,9.9
175,26,0.0
175,27,55
175,28,55
175,29,55
175,30,9.9
175,31,0.0
175,32,9.9
175,33,0.0
175,34,0.0
175,35,0.0
175,36,0.0
175,37,55
175,38,9.9
175,39,55
175,40,9.9
175,41,0.0
175,42,55
175,43,0.0
175,44,9.9
175,45,9.9
175,46,55
175,47,0.0
175,48,55
175,49,0.0
175,50,9.9
175,51,9.9
175,52,0.0
175,53,55
175,54,55
175,55,0.0
175,56,55
175,57,0.0
175,58,9.9
175,59,9.9
175,60,9.9
175,61,55
175,62,9.9
175,63,0.0
175,64,55
175,65,0.0
175,66,9.9
175,67,55
175,68,55
175,69,9.9
175,70,55
175,71,55
175,72,9.9
175,73,55
175,74,9.9
175,75,9.9
175,76,55
175,77,0.0
175,78,9.9
175,79,55
175,80,55
175,81,9.9
175,82,0.0
175,83,0.0
175,84,55
175,85,55
175,86,0.0
175,87,55
175,88,0.0
175,89,9.9
175,90,9.9
175,91,0.0
175,92,9.9
175,93,9.9
175,94,9.9
175,95,0.0
175,96,9.9
175,97,0.0
175,98,9.9
175,99,0.0
175,100,9.9
175,101,0.0
175,102,0.0
175,103,0.0
175,104,0.0
175,105,0.0
175,106,9.9
175,107,0.0
175,108,0.0
175,109,9.9
175,110,0.0
175,111,9.9
175,112,0.0
175,113,9.9
175,114,0.0
175,115,9.9
175,116,9.9
175,117,9.9
175,118,9.9
175,119,9.9
175,120,9.9
175,121,0.0
175,122,0.0
175,123,0.0
175,124,9.9
175,125,0.0
175,126,9.9
175,127,9.9
175,128,9.9
175,129,9.9
175,130,9.9
175,131,9.9
175,132,0.0
175,133,9.9
175,134,0.0
175,135,0.0
175,136,9.9
175,137,0.0
175,138,9.9
175,139,0.0
175,140,9.9
175,141,0.0
175,142,9.9
175,143,0.0
175,144,0.0
175,145,9.9
175,146,0.0
175,147,0.0
175,148,0.0
175,149,9.9
175,150,0.0
175,151,0.0
175,152,0.0
175,153,0.0
175,154,0.0
175,155,0.0
175,156,0.0
175,157,9.9
175,158,9.9
175,159,9.9
175,160,9.9
175,161,0.0
175,162,9.9
175,163,9.9
175,164,0.0
175,165,0.0
175,166,0.0
175,167,9.9
175,168,0.0
175,169,0.0
175,170,9.9
175,171,9.9
175,172,0.0
175,173,0.0
175,174,9.9
175,175,9.9
175,176,9.9
175,177,0.0
175,178,0.0
175,179,9.9
175,180,9.9
175,181,0.0
175,182,0.0
175,183,0.0
175,184,9.9
175,185,0.0
175,186,9.9
175,187,9.9
175,188,9.9
175,189,0.0
175,190,9.9
175,191,9.9
175,192,9.9
175,193,0.0
175,194,0.0
175,195,0.0
175,196,0.0
175,197,9.9
175,198,0.0
175,199,9.9
175,200,0.0
175,201,9.9
176,0,0.0
176,1,9.9
176,2,0.0
176,3,55
176,4,55
176,5,55
176,6,0.0
176,7,55
176,8,55
176,9,0.0
176,10,9.9
176,11,9.9
176,12,9.9
176,13,55
176,14,55
176,15,9.9
176,16,55
176,17,0.0
176,18,55
176,19,55
176,20,0.0
176,21,0.0
176,22,55
176,23,0.0
176,24,55
176,25,0.0
176,26,9.9
176,27,55
176,28,0.0
176,29,0.0
176,30,55
176,31,9.9
176,32,9.9
176,33,0.0
176,34,9.9
176,35,9.9
176,36,55
176,37,55
176,38,55
176,39,0.0
176,40,55
176,41,9.9
176,42,55
176,43,0.0
176,44,9.9
176,45,0.0
176,46,55
176,47,0.0
176,48,9.9
176,49,0.0
176,50,9.9
176,51,0.0
176,52,55
176,53,55
176,54,55
176,55,9.9
176,56,9.9
176,57,55
176,58,9.9
176,59,0.0
176,60,0.0
176,61,55
176,62,55
176,63,55
176,64,9.9
176,65,55
176,66,9.9
176,67,0.0
176,68,0.0
176,69,55
176,70,0.0
176,71,0.0
176,72,55
176,73,0.0
176,74,55
176,75,0.0
176,76,0.0
176,77,55
176,78,9.9
176,79,55
176,80,0.0
176,81,55
176,82,9.9
176,83,0.0
176,84,55
176,85,55
176,86,9.9
176,87,9.9
176,88,55
176,89,9.9
176,90,0.0
176,91,0.0
176,92,9.9
176,93,0.0
176,94,0.0
176,95,9.9
176,96,9.9
176,97,9.9
176,98,9.9
176,99,9.9
176,100,9.9
176,101,0.0
176,102,9.9
176,103,9.9
176,104,0.0
176,105,0.0
176,106,9.9
176,107,0.0
176,108,0.0
176,109,9.9
176,110,0.0
176,111,9.9
176,112,9.9
176,113,9.9
176,114,0.0
176,115,9.9
176,116,0.0
176,117,0.0
176,118,0.0
176,119,0.0
176,120,0.0
176,121,9.9
176,122,0.0
176,123,0.0
176,124,9.9
176,125,9.9
176,126,9.9
176,127,0.0
176,128,0.0
176,129,0.0
176,130,0.0
176,131,0.0
176,132,9.9
176,133,9.9
176,134,0.0
176,135,9.9
176,136,9.9
176,137,9.9
176,138,9.9
176,139,9.9
176,140,9.9
176,141,9.9
176,142,9.9
176,143,9.9
176,144,0.0
176,145,9.9
176,146,0.0
176,147,0.0
176,148,0.0
176,149,9.9
176,150,0.0
176,151,9.9
176,152,9.9
176,153,9.9
176,154,9.9
176,155,9.9
176,156,9.9
176,157,9.9
176,158,0.0
176,159,0.0
176,160,0.0
176,161,0.0
176,162,9.9
176,163,0.0
176,164,9.9
176,165,0.0
176,166,0.0
176,167,9.9
176,168,0.0
176,169,9.9
176,170,9.9
176,171,0.0
176,172,9.9
176,173,0.0
176,174,9.9
176,175,0.0
176,176,0.0
176,177,0.0
176,178,9.9
176,179,9.9
176,180,0.0
176,181,0.0
176,182,9.9
176,183,9.9
176,184,9.9
176,185,9.9
176,186,9.9
176,187,0.0
176,188,0.0
176,189,9.9
176,190,9.9
176,191,0.0
176,192,0.0
176,193,0.0
176,194,0.0
176,195,0.0
176,196,0.0
176,197,9.9
176,198,9.9
176,199,9.9
176,200,0.0
176,201,9.9
177,0,9.9
177,1,9.9
177,2,0.0
177,3,9.9
177,4,55
177,5,55
177,6,55
177,7,55
177,8,55
177,9,55
177,10,9.9
177,11,0.0
177,12,0.0
177,13,0.0
177,14,0.0
177,15,55
177,16,0.0
177,17,55
177,18,9.9
177,19,55
177,20,55
177,21,55
177,22,55
177,23,0.0
177,24,9.9
177,25,55
177,26,9.9
177,27,55
177,28,0.0
177,29,55
177,30,9.9
177,31,55
177,32,0.0
177,33,9.9
177,34,9.9
177,35,0.0
177,36,55
177,37,9.9
177,38,55
177,39,9.9
177,40,9.9
177,41,55
177,42,55
177,43,55
177,44,9.9
177,45,0.0
177,46,9.9
177,47,55
177,48,9.9
177,49,9.9
177,50,9.9
177,51,0.0
177,52,55
177,53,0.0
177,54,9.9
177,55,55
177,56,0.0
177,57,55
177,58,55
177,59,0.0
177,60,9.9
177,61,9.9
177,62,55
177,63,0.0
177,64,55
177,65,55
177,66,55
177,67,55
177,68,55
177,69,9.9
177,70,9.9
177,71,55
177,72,9.9
177,73,0.0
177,74,9.9
177,75,55
177,76,55
177,77,55
177,78,55
177,79,0.0
177,80,9.9
177,81,9.9
177,82,55
177,83,9.9
177,84,55
177,85,9.9
177,86,55
177,87,0.0
177,88,55
177,89,55
177,90,0.0
177,91,0.0
177,92,9.9
177,93,0.0
177,94,9.9
177,95,9.9
177,96,0.0
177,97,0.0
177,98,0.0
177,99,0.0
177,100,0.0
177,101,9.9
177,102,9.9
177,103,0.0
177,104,9.9
177,105,0.0
177,106,9.9
177,107,9.9
177,108,0.0
177,109,9.9
177,110,9.9
177,111,9.9
177,112,0.0
177,113,0.0
177,114,9.9
177,115,9.9
177,116,0.0
177,117,9.9
177,118,9.9
177,119,9.9
177,120,9.9
177,121,9.9
177,122,9.9
177,123,0.0
177,124,9.9
177,125,0.0
177,126,0.0
177,127,0.0
177,128,9.9
177,129,9.9
177,130,9.9
177,131,9.9
177,132,9.9
177,133,0.0
177,134,9.9
177,135,9.9
177,136,0.0
177,137,0.0
177,138,0.0
177,139,0.0
177,140,0.0
177,141,0.0
177,142,0.0
177,143,0.0
177,144,9.9
177,145,9.9
177,146,9.9
177,147,0.0
177,148,0.0
177,149,9.9
177,150,9.9
177,151,9.9
177,152,0.0
177,153,0.0
177,154,0.0
177,155,0.0
177,156,0.0
177,157,0.0
177,158,0.0
177,159,9.9
177,160,9.9
177,161,0.0
177,162,9.9
177,163,0.0
177,164,9.9
177,165,9.9
177,166,0.0
177,167,9.9
177,168,9.9
177,169,9.9
177,170,0.0
177,171,0.0
177,172,9.9
177,173,9.9
177,174,9.9
177,175,0.0
177,176,9.9
177,177,0.0
177,178,9.9
177,179,0.0
177,180,0.0
177,181,0.0
177,182,9.9
177,183,0.0
177,184,0.0
177,185,0.0
177,186,0.0
177,187,0.0
177,188,9.9
177,189,9.9
177,190,0.0
177,191,0.0
177,192,9.9
177,193,0.0
177,194,0.0
177,195,0.0
177,196,0.0
177,197,9.9
177,198,0.0
177,199,0.0
177,200,9.9
177,201,9.9
178,0,0.0
178,1,0.0
178,2,9.9
178,3,9.9
178,4,0.0
178,5,55
178,6,9.9
178,7,9.9
178,8,9.9
178,9,0.0
178,10,55
178,11,0.0
178,12,9.9
178,13,55
178,14,55
178,15,9.9
178,16,0.0
178,17,55
178,18,55
178,19,0.0
178,20,0.0
178,21,0.0
178,22,9.9
178,23,55
178,24,9.9
178,25,55
178,26,55
178,27,0.0
178,28,55
178,29,55
178,30,55
178,31,0.0
178,32,55
178,33,9.9
178,34,0.0
178,35,0.0
178,36,9.9
178,37,55
178,38,55
178,39,55
178,40,0.0
178,41,0.0
178,42,55
178,43,9.9
178,44,55
178,45,9.9
178,46,9.9
178,47,55
178,48,55
178,49,0.0
178,50,0.0
178,51,9.9
178,52,55
178,53,0.0
178,54,9.9
178,55,0.0
178,56,55
178,57,9.9
178,58,55
178,59,55
178,60,9.9
178,61,0.0
178,62,0.0
178,63,9.9
178,64,9.9
178,65,55
178,66,55
178,67,9.9
178,68,9.9
178,69,55
178,70,0.0
178,71,55
178,72,55
178,73,9.9
178,74,9.9
178,75,55
178,76,9.9
178,77,0.0
178,78,55
178,79,9.9
178,80,9.9
178,81,0.0
178,82,0.0
178,83,55
178,84,55
178,85,55
178,86,0.0
178,87,55
178,88,9.9
178,89,55
178,90,55
178,91,0.0
178,92,9.9
178,93,9.9
178,94,9.9
178,95,0.0
178,96,0.0
178,97,9.9
178,98,9.9
178,99,9.9
178,100,9.9
178,101,9.9
178,102,0.0
178,103,0.0
178,104,9.9
178,105,9.9
178,106,9.9
178,107,0.0
178,108,9.9
178,109,9.9
178,110,0.0
178,111,0.0
178,112,0.0
178,113,9.9
178,114,9.9
178,115,0.0
178,116,9.9
178,117,9.9
178,118,0.0
178,119,0.0
178,120,0.0
178,121,0.0
178,122,0.0
178,123,9.9
178,124,9.9
178,125,0.0
178,126,9.9
178,127,0.0
178,128,9.9
178,129,0.0
178,130,0.0
178,131,0.0
178,132,0.0
178,133,0.0
178,134,9.9
178,135,0.0
178,136,0.0
178,137,9.9
178,138,9.9
178,139,9.9
178,140,9.9
178,141,9.9
178,142,9.9
178,143,9.9
178,144,9.9
178,145,0.0
178,146,0.0
178,147,9.9
178,148,0.0
178,149,9.9
178,150,0.0
178,151,0.0
178,152,0.0
178,153,9.9
178,154,9.9
178,155,9.9
178,156,9.9
178,157,9.9
178,158,0.0
178,159,9.9
178,160,0.0
178,161,9.9
178,162,9.9
178,163,9.9
178,164,9.9
178,165,0.0
178,166,9.9
178,167,9.9
178,168,0.0
178,169,0.0
178,170,0.0
178,171,0.0
178,172,9.9
178,173,0.0
178,174,0.0
178,175,9.9
178,176,9.9
178,177,9.9
178,178,9.9
178,179,0.0
178,180,0.0
178,181,0.0
178,182,9.9
178,183,0.0
178,184,9.9
178,185,9.9
178,186,9.9
178,187,0.0
178,188,9.9
178,189,0.0
178,190,0.0
178,191,0.0
178,192,9.9
178,193,9.9
178,194,0.0
178,195,0.0
178,196,0.0
178,197,9.9
178,198,0.0
178,199,9.9
178,200,9.9
178,201,0.0
179,0,55
179,1,9.9
179,2,9.9
179,3,0.0
179,4,55
179,5,9.9
179,6,55
179,7,0.0
179,8,0.0
179,9,55
179,10,9.9
179,11,55
179,12,9.9
179,13,55
179,14,0.0
179,15,55
179,16,9.9
179,17,55
179,18,55
179,19,0.0
179,20,55
179,21,55
179,22,9.9
179,23,55
179,24,55
179,25,0.0
179,26,55
179,27,0.0
179,28,55
179,29,9.9
179,30,55
179,31,9.9
179,32,55
179,33,55
179,34,0.0
179,35,0.0
179,36,9.9
179,37,0.0
179,38,55
179,39,55
179,40,55
179,41,55
179,42,55
179,43,55
179,44,0.0
179,45,55
179,46,0.0
179,47,0.0
179,48,55
179,49,55
179,50,9.9
179,51,9.9
179,52,55
179,53,55
179,54,9.9
179,55,55
179,56,55
179,57,55
179,58,0.0
179,59,9.9
179,60,55
179,61,0.0
179,62,55
179,63,9.9
179,64,0.0
179,65,0.0
179,66,55
179,67,55
179,68,0.0
179,69,0.0
179,70,55
179,71,9.9
179,72,55
179,73,55
179,74,0.0
179,75,0.0
179,76,55
179,77,55
179,78,55
179,79,55
179,80,0.0
179,81,0.0
179,82,55
179,83,9.9
179,84,55
179,85,55
179,86,9.9
179,87,55
179,88,55
179,89,0.0
179,90,9.9
179,91,55
179,92,9.9
179,93,0.0
179,94,0.0
179,95,0.0
179,96,0.0
179,97,9.9
179,98,0.0
179,99,0.0
179,100,0.0
179,101,0.0
179,102,0.0
179,103,0.0
179,104,9.9
179,105,0.0
179,106,0.0
179,107,0.0
179,108,9.9
179,109,0.0
179,110,0.0
179,111,9.9
179,112,0.0
179,113,9.9
179,114,0.0
179,115,0.0
179,116,9.9
179,117,0.0
179,118,0.0
179,119,9.9
179,120,9.9
179,121,9.9
179,122,9.9
179,123,9.9
179,124,0.0
179,125,9.9
179,126,9.9
179,127,9.9
179,128,9.9
179,129,0.0
179,130,9.9
179,131,9.9
179,132,9.9
179,133,0.0
179,134,9.9
179,135,0.0
179,136,0.0
179,137,9.9
179,138,0.0
179,139,0.0
179,140,0.0
179,141,0.0
179,142,0.0
179,143,0.0
179,144,0.0
179,145,0.0
179,146,9.9
179,147,9.9
179,148,9.9
179,149,9.9
179,150,0.0
179,151,9.9
179,152,0.0
179,153,9.9
179,154,0.0
179,155,0.0
179,156,0.0
179,157,0.0
179,158,9.9
179,159,9.9
179,160,0.0
179,161,9.9
179,162,0.0
179,163,0.0
179,164,0.0
179,165,0.0
179,166,9.9
179,167,0.0
179,168,0.0
179,169,9.9
179,170,0.0
179,171,0.0
179,172,9.9
179,173,0.0
179,174,9.9
179,175,9.9
179,176,0.0
179,177,0.0
179,178,0.0
179,179,9.9
179,180,0.0
179,181,0.0
179,182,9.9
179,183,9.9
179,184,9.9
179,185,0.0
179,186,0.0
179,187,9.9
179,188,9.9
179,189,0.0
179,190,0.0
179,191,0.0
179,192,9.9
179,193,0.0
179,194,9.9
179,195,0.0
179,196,0.0
179,197,9.9
179,198,9.9
179,199,9.9
179,200,0.0
179,201,0.0
180,0,55
180,1,55
180,2,0.0
180,3,0.0
180,4,55
180,5,55
180,6,0.0
180,7,55
180,8,9.9
180,9,55
180,10,55
180,11,55
180,12,55
180,13,0.0
180,14,9.9
180,15,9.9
180,16,55
180,17,55
180,18,9.9
180,19,55
180,20,55
180,21,0.0
180,22,55
180,23,0.0
180,24,55
180,25,0.0
180,26,9.9
180,27,55
180,28,55
180,29,55
180,30,55
180,31,55
180,32,55
180,33,55
180,34,55
180,35,0.0
180,36,9.9
180,37,55
180,38,55
180,39,55
180,40,0.0
180,41,9.9
180,42,9.9
180,43,55
180,44,9.9
180,45,9.9
180,46,55
180,47,55
180,48,9.9
180,49,0.0
180,50,55
180,51,0.0
180,52,0.0
180,53,9.9
180,54,55
180,55,55
180,56,0.0
180,57,55
180,58,9.9
180,59,9.9
180,60,0.0
180,61,55
180,62,55
180,63,55
180,64,0.0
180,65,55
180,66,9.9
180,67,55
180,68,55
180,69,55
180,70,55
180,71,55
180,72,0.0
180,73,55
180,74,55
180,75,55
180,76,9.9
180,77,0.0
180,78,0.0
180,79,55
180,80,55
180,81,0.0
180,82,55
180,83,55
180,84,0.0
180,85,55
180,86,55
180,87,55
180,88,55
180,89,0.0
180,90,9.9
180,91,55
180,92,55
180,93,0.0
180,94,9.9
180,95,0.0
180,96,0.0
180,97,9.9
180,98,0.0
180,99,9.9
180,100,9.9
180,101,9.9
180,102,0.0
180,103,0.0
180,104,9.9
180,105,0.0
180,106,9.9
180,107,0.0
180,108,9.9
180,109,0.0
180,110,0.0
180,111,9.9
180,112,9.9
180,113,9.9
180,114,0.0
180,115,0.0
180,116,9.9
180,117,0.0
180,118,0.0
180,119,9.9
180,120,0.0
180,121,0.0
180,122,0.0
180,123,0.0
180,124,0.0
180,125,9.9
180,126,0.0
180,127,0.0
180,128,0.0
180,129,9.9
180,130,9.9
180,131,0.0
180,132,0.0
180,133,9.9
180,134,9.9
180,135,9.9
180,136,0.0
180,137,9.9
180,138,0.0
180,139,9.9
180,140,9.9
180,141,9.9
180,142,9.9
180,143,9.9
180,144,9.9
180,145,0.0
180,146,9.9
180,147,0.0
180,148,0.0
180,149,0.0
180,150,9.9
180,151,9.9
180,152,9.9
180,153,9.9
180,154,0.0
180,155,9.9
180,156,9.9
180,157,9.9
180,158,9.9
180,159,0.0
180,160,9.9
180,161,9.9
180,162,0.0
180,163,9.9
180,164,9.9
180,165,0.0
180,166,9.9
180,167,0.0
180,168,0.0
180,169,9.9
180,170,9.9
180,171,0.0
180,172,9.9
180,173,9.9
180,174,9.9
180,175,0.0
180,176,0.0
180,177,9.9
180,178,9.9
180,179,9.9
180,180,9.9
180,181,0.0
180,182,9.9
180,183,0.0
180,184,0.0
180,185,0.0
180,186,9.9
180,187,9.9
180,188,0.0
180,189,9.9
180,190,0.0
180,191,0.0
180,192,9.9
180,193,0.0
180,194,9.9
180,195,9.9
180,196,0.0
180,197,9.9
180,198,0.0
180,199,0.0
180,200,0.0
180,201,0.0
181,0,55
181,1,55
181,2,55
181,3,0.0
181,4,55
181,5,55
181,6,0.0
181,7,55
181,8,55
181,9,55
181,10,55
181,11,55
181,12,55
181,13,9.9
181,14,9.9
181,15,0.0
181,16,0.0
181,17,55
181,18,55
181,19,55
181,20,0.0
181,21,0.0
181,22,9.9
181,23,9.9
181,24,9.9
181,25,55
181,26,9.9
181,27,55
181,28,9.9
181,29,55
181,30,55
181,31,55
181,32,55
181,33,0.0
181,34,0.0
181,35,55
181,36,9.9
181,37,55
181,38,0.0
181,39,9.9
181,40,0.0
181,41,9.9
181,42,0.0
181,43,55
181,44,55
181,45,0.0
181,46,55
181,47,0.0
181,48,55
181,49,55
181,50,9.9
181,51,55
181,52,55
181,53,9.9
181,54,0.0
181,55,55
181,56,9.9
181,57,55
181,58,55
181,59,0.0
181,60,55
181,61,55
181,62,0.0
181,63,55
181,64,55
181,65,55
181,66,55
181,67,0.0
181,68,0.0
181,69,0.0
181,70,9.9
181,71,55
181,72,9.9
181,73,9.9
181,74,0.0
181,75,9.9
181,76,55
181,77,55
181,78,55
181,79,55
181,80,9.9
181,81,55
181,82,55
181,83,55
181,84,9.9
181,85,9.9
181,86,55
181,87,55
181,88,0.0
181,89,55
181,90,9.9
181,91,0.0
181,92,55
181,93,55
181,94,9.9
181,95,9.9
181,96,0.0
181,97,9.9
181,98,9.9
181,99,9.9
181,100,0.0
181,101,0.0
181,102,9.9
181,103,0.0
181,104,9.9
181,105,9.9
181,106,9.9
181,107,9.9
181,108,9.9
181,109,9.9
181,110,0.0
181,111,9.9
181,112,0.0
181,113,0.0
181,114,9.9
181,115,0.0
181,116,9.9
181,117,9.9
181,118,0.0
181,119,9.9
181,120,0.0
181,121,9.9
181,122,9.9
181,123,9.9
181,124,0.0
181,125,9.9
181,126,0.0
181,127,9.9
181,128,9.9
181,129,9.9
181,130,0.0
181,131,0.0
181,132,9.9
181,133,9.9
181,134,0.0
181,135,0.0
181,136,9.9
181,137,9.9
181,138,9.9
181,139,9.9
181,140,0.0
181,141,0.0
181,142,0.0
181,143,0.0
181,144,0.0
181,145,9.9
181,146,9.9
181,147,0.0
181,148,9.9
181,149,9.9
181,150,9.9
181,151,0.0
181,152,0.0
181,153,0.0
181,154,9.9
181,155,9.9
181,156,0.0
181,157,0.0
181,158,0.0
181,159,0.0
181,160,9.9
181,161,0.0
181,162,9.9
181,163,9.9
181,164,0.0
181,165,9.9
181,166,9.9
181,167,9.9
181,168,0.0
181,169,9.9
181,170,0.0
181,171,9.9
181,172,9.9
181,173,0.0
181,174,0.0
181,175,0.0
181,176,0.0
181,177,9.9
181,178,0.0
181,179,0.0
181,180,0.0
181,181,9.9
181,182,9.9
181,183,0.0
181,184,9.9
181,185,0.0
181,186,9.9
181,187,0.0
181,188,0.0
181,189,9.9
181,190,9.9
181,191,0.0
181,192,9.9
181,193,9.9
181,194,9.9
181,195,0.0
181,196,9.9
181,197,9.9
181,198,0.0
181,199,9.9
181,200,0.0
181,201,0.0
182,0,9.9
182,1,55
182,2,0.0
182,3,55
182,4,55
182,5,9.9
182,6,55
182,7,55
182,8,55
182,9,55
182,10,0.0
182,11,55
182,12,55
182,13,55
182,14,0.0
182,15,0.0
182,16,55
182,17,55
182,18,55
182,19,55
182,20,9.9
182,21,0.0
182,22,9.9
182,23,0.0
182,24,0.0
182,25,55
182,26,55
182,27,0.0
182,28,55
182,29,55
182,30,55
182,31,55
182,32,55
182,33,9.9
182,34,55
182,35,55
182,36,55
182,37,0.0
182,38,9.9
182,39,9.9
182,40,9.9
182,41,9.9
182,42,0.0
182,43,9.9
182,44,55
182,45,55
182,46,9.9
182,47,9.9
182,48,9.9
182,49,9.9
182,50,55
182,51,55
182,52,9.9
182,53,55
182,54,55
182,55,55
182,56,55
182,57,55
182,58,55
182,59,55
182,60,55
182,61,9.9
182,62,0.0
182,63,55
182,64,0.0
182,65,0.0
182,66,55
182,67,9.9
182,68,55
182,69,55
182,70,9.9
182,71,55
182,72,55
182,73,0.0
182,74,55
182,75,9.9
182,76,0.0
182,77,9.9
182,78,9.9
182,79,9.9
182,80,55
182,81,55
182,82,0.0
182,83,9.9
182,84,55
182,85,0.0
182,86,0.0
182,87,0.0
182,88,0.0
182,89,55
182,90,55
182,91,55
182,92,9.9
182,93,9.9
182,94,55
182,95,0.0
182,96,9.9
182,97,9.9
182,98,0.0
182,99,0.0
182,100,0.0
182,101,9.9
182,102,9.9
182,103,9.9
182,104,9.9
182,105,0.0
182,106,0.0
182,107,0.0
182,108,0.0
182,109,0.0
182,110,9.9
182,111,9.9
182,112,0.0
182,113,9.9
182,114,9.9
182,115,9.9
182,116,9.9
182,117,0.0
182,118,9.9
182,119,9.9
182,120,9.9
182,121,9.9
182,122,0.0
182,123,0.0
182,124,9.9
182,125,9.9
182,126,9.9
182,127,9.9
182,128,0.0
182,129,0.0
182,130,0.0
182,131,0.0
182,132,9.9
182,133,0.0
182,134,0.0
182,135,9.9
182,136,9.9
182,137,0.0
182,138,0.0
182,139,0.0
182,140,0.0
182,141,9.9
182,142,9.9
182,143,9.9
182,144,9.9
182,145,9.9
182,146,0.0
182,147,9.9
182,148,9.9
182,149,0.0
182,150,0.0
182,151,0.0
182,152,9.9
182,153,9.9
182,154,9.9
182,155,0.0
182,156,0.0
182,157,9.9
182,158,9.9
182,159,0.0
182,160,9.9
182,161,0.0
182,162,9.9
182,163,0.0
182,164,0.0
182,165,9.9
182,166,0.0
182,167,0.0
182,168,9.9
182,169,9.9
182,170,0.0
182,171,9.9
182,172,0.0
182,173,0.0
182,174,9.9
182,175,0.0
182,176,0.0
182,177,9.9
182,178,0.0
182,179,9.9
182,180,9.9
182,181,9.9
182,182,0.0
182,183,9.9
182,184,9.9
182,185,9.9
182,186,9.9
182,187,0.0
182,188,0.0
182,189,9.9
182,190,0.0
182,191,9.9
182,192,9.9
182,193,0.0
182,194,0.0
182,195,0.0
182,196,9.9
182,197,0.0
182,198,9.9
182,199,9.9
182,200,9.9
182,201,0.0
183,0,55
183,1,55
183,2,0.0
183,3,55
183,4,0.0
183,5,55
183,6,55
183,7,9.9
183,8,9.9
183,9,9.9
183,10,0.0
183,11,55
183,12,55
183,13,55
183,14,55
183,15,0.0
183,16,55
183,17,9.9
183,18,9.9
183,19,55
183,20,55
183,21,9.9
183,22,9.9
183,23,0.0
183,24,9.9
183,25,9.9
183,26,55
183,27,0.0
183,28,9.9
183,29,55
183,30,0.0
183,31,55
183,32,55
183,33,55
183,34,55
183,35,0.0
183,36,55
183,37,9.9
183,38,9.9
183,39,0.0
183,40,0.0
183,41,0.0
183,42,9.9
183,43,9.9
183,44,0.0
183,45,0.0
183,46,55
183,47,0.0
183,48,0.0
183,49,0.0
183,50,0.0
183,51,55
183,52,55
183,53,0.0
183,54,0.0
183,55,0.0
183,56,55
183,57,55
183,58,0.0
183,59,9.9
183,60,0.0
183,61,55
183,62,9.9
183,63,55
183,64,0.0
183,65,55
183,66,55
183,67,55
183,68,55
183,69,0.0
183,70,55
183,71,0.0
183,72,55
183,73,55
183,74,55
183,75,55
183,76,55
183,77,9.9
183,78,0.0
183,79,0.0
183,80,0.0
183,81,55
183,82,9.9
183,83,9.9
183,84,0.0
183,85,55
183,86,55
183,87,55
183,88,0.0
183,89,55
183,90,55
183,91,0.0
183,92,55
183,93,0.0
183,94,0.0
183,95,55
183,96,9.9
183,97,0.0
183,98,0.0
183,99,9.9
183,100,0.0
183,101,9.9
183,102,0.0
183,103,0.0
183,104,0.0
183,105,0.0
183,106,9.9
183,107,9.9
183,108,9.9
183,109,9.9
183,110,9.9
183,111,0.0
183,112,9.9
183,113,9.9
183,114,0.0
183,115,0.0
183,116,0.0
183,117,0.0
183,118,9.9
183,119,0.0
183,120,0.0
183,121,0.0
183,122,0.0
183,123,9.9
183,124,9.9
183,125,0.0
183,126,0.0
183,127,0.0
183,128,0.0
183,129,9.9
183,130,0.0
183,131,0.0
183,132,9.9
183,133,0.0
183,134,0.0
183,135,9.9
183,136,0.0
183,137,0.0
183,138,9.9
183,139,9.9
183,140,0.0
183,141,9.9
183,142,0.0
183,143,0.0
183,144,0.0
183,145,0.0
183,146,0.0
183,147,9.9
183,148,0.0
183,149,0.0
183,150,9.9
183,151,0.0
183,152,9.9
183,153,0.0
183,154,0.0
183,155,0.0
183,156,0.0
183,157,9.9
183,158,0.0
183,159,9.9
183,160,9.9
183,161,9.9
183,162,9.9
183,163,0.0
183,164,0.0
183,165,9.9
183,166,0.0
183,167,9.9
183,168,9.9
183,169,0.0
183,170,9.9
183,171,9.9
183,172,0.0
183,173,0.0
183,174,9.9
183,175,9.9
183,176,0.0
183,177,9.9
183,178,9.9
183,179,9.9
183,180,0.0
183,181,0.0
183,182,0.0
183,183,9.9
183,184,0.0
183,185,0.0
183,186,0.0
183,187,9.9
183,188,0.0
183,189,9.9
183,190,0.0
183,191,9.9
183,192,0.0
183,193,0.0
183,194,9.9
183,195,0.0
183,196,9.9
183,197,0.0
183,198,9.9
183,199,0.0
183,200,0.0
183,201,9.9
184,0,55
184,1,55
184,2,55
184,3,55
184,4,0.0
184,5,9.9
184,6,55
184,7,55
184,8,0.0
184,9,0.0
184,10,9.9
184,11,55
184,12,9.9
184,13,55
184,14,0.0
184,15,55
184,16,55
184,17,55
184,18,0.0
184,19,55
184,20,55
184,21,55
184,22,0.0
184,23,9.9
184,24,9.9
184,25,0.0
184,26,0.0
184,27,55
184,28,9.9
184,29,55
184,30,0.0
184,31,55
184,32,55
184,33,55
184,34,55
184,35,9.9
184,36,55
184,37,55
184,38,0.0
184,39,0.0
184,40,9.9
184,41,9.9
184,42,9.9
184,43,0.0
184,44,55
184,45,55
184,46,9.9
184,47,55
184,48,9.9
184,49,9.9
184,50,55
184,51,55
184,52,55
184,53,0.0
184,54,55
184,55,55
184,56,55
184,57,55
184,58,9.9
184,59,9.9
184,60,55
184,61,9.9
184,62,55
184,63,55
184,64,55
184,65,55
184,66,9.9
184,67,55
184,68,55
184,69,9.9
184,70,9.9
184,71,0.0
184,72,9.9
184,73,0.0
184,74,9.9
184,75,55
184,76,9.9
184,77,55
184,78,0.0
184,79,9.9
184,80,55
184,81,55
184,82,55
184,83,0.0
184,84,55
184,85,55
184,86,9.9
184,87,0.0
184,88,55
184,89,55
184,90,9.9
184,91,0.0
184,92,9.9
184,93,55
184,94,55
184,95,55
184,96,55
184,97,0.0
184,98,0.0
184,99,9.9
184,100,9.9
184,101,9.9
184,102,0.0
184,103,9.9
184,104,9.9
184,105,0.0
184,106,9.9
184,107,0.0
184,108,0.0
184,109,0.0
184,110,0.0
184,111,0.0
184,112,9.9
184,113,0.0
184,114,0.0
184,115,9.9
184,116,9.9
184,117,0.0
184,118,9.9
184,119,0.0
184,120,9.9
184,121,9.9
184,122,0.0
184,123,9.9
184,124,0.0
184,125,0.0
184,126,9.9
184,127,9.9
184,128,0.0
184,129,9.9
184,130,9.9
184,131,0.0
184,132,9.9
184,133,9.9
184,134,0.0
184,135,9.9
184,136,0.0
184,137,0.0
184,138,9.9
184,139,0.0
184,140,9.9
184,141,9.9
184,142,0.0
184,143,9.9
184,144,9.9
184,145,9.9
184,146,0.0
184,147,9.9
184,148,0.0
184,149,0.0
184,150,9.9
184,151,9.9
184,152,9.9
184,153,0.0
184,154,9.9
184,155,0.0
184,156,0.0
184,157,9.9
184,158,0.0
184,159,9.9
184,160,0.0
184,161,0.0
184,162,0.0
184,163,9.9
184,164,0.0
184,165,9.9
184,166,9.9
184,167,9.9
184,168,0.0
184,169,0.0
184,170,9.9
184,171,0.0
184,172,9.9
184,173,0.0
184,174,9.9
184,175,0.0
184,176,9.9
184,177,9.9
184,178,0.0
184,179,0.0
184,180,0.0
184,181,9.9
184,182,0.0
184,183,9.9
184,184,0.0
184,185,9.9
184,186,9.9
184,187,9.9
184,188,9.9
184,189,9.9
184,190,9.9
184,191,9.9
184,192,0.0
184,193,0.0
184,194,9.9
184,195,9.9
184,196,9.9
184,197,9.9
184,198,9.9
184,199,0.0
184,200,9.9
184,201,9.9
185,0,0.0
185,1,9.9
185,2,0.0
185,3,9.9
185,4,55
185,5,9.9
185,6,55
185,7,55
185,8,55
185,9,9.9
185,10,9.9
185,11,55
185,12,55
185,13,55
185,14,0.0
185,15,55
185,16,9.9
185,17,55
185,18,55
185,19,9.9
185,20,0.0
185,21,55
185,22,55
185,23,9.9
185,24,0.0
185,25,0.0
185,26,55
185,27,55
185,28,55
185,29,0.0
185,30,55
185,31,55
185,32,9.9
185,33,55
185,34,55
185,35,55
185,36,55
185,37,55
185,38,55
185,39,0.0
185,40,9.9
185,41,0.0
185,42,0.0
185,43,0.0
185,44,55
185,45,9.9
185,46,55
185,47,55
185,48,55
185,49,0.0
185,50,55
185,51,9.9
185,52,9.9
185,53,55
185,54,55
185,55,0.0
185,56,9.9
185,57,9.9
185,58,55
185,59,0.0
185,60,55
185,61,55
185,62,0.0
185,63,55
185,64,9.9
185,65,0.0
185,66,55
185,67,55
185,68,9.9
185,69,55
185,70,0.0
185,71,9.9
185,72,9.9
185,73,55
185,74,9.9
185,75,55
185,76,55
185,77,0.0
185,78,55
185,79,9.9
185,80,55
185,81,9.9
185,82,55
185,83,55
185,84,55
185,85,0.0
185,86,55
185,87,55
185,88,55
185,89,0.0
185,90,55
185,91,9.9
185,92,9.9
185,93,55
185,94,0.0
185,95,9.9
185,96,55
185,97,55
185,98,0.0
185,99,9.9
185,100,0.0
185,101,0.0
185,102,9.9
185,103,9.9
185,104,0.0
185,105,9.9
185,106,9.9
185,107,0.0
185,108,9.9
185,109,9.9
185,110,9.9
185,111,0.0
185,112,9.9
185,113,0.0
185,114,0.0
185,115,9.9
185,116,0.0
185,117,9.9
185,118,9.9
185,119,9.9
185,120,9.9
185,121,0.0
185,122,9.9
185,123,9.9
185,124,0.0
185,125,0.0
185,126,9.9
185,127,0.0
185,128,9.9
185,129,9.9
185,130,0.0
185,131,9.9
185,132,9.9
185,133,0.0
185,134,9.9
185,135,9.9
185,136,9.9
185,137,0.0
185,138,9.9
185,139,0.0
185,140,9.9
185,141,0.0
185,142,9.9
185,143,9.9
185,144,0.0
185,145,0.0
185,146,9.9
185,147,9.9
185,148,9.9
185,149,0.0
185,150,9.9
185,151,0.0
185,152,0.0
185,153,9.9
185,154,9.9
185,155,9.9
185,156,0.0
185,157,9.9
185,158,9.9
185,159,9.9
185,160,0.0
185,161,9.9
185,162,9.9
185,163,9.9
185,164,9.9
185,165,9.9
185,166,0.0
185,167,0.0
185,168,0.0
185,169,0.0
185,170,9.9
185,171,0.0
185,172,9.9
185,173,9.9
185,174,9.9
185,175,0.0
185,176,9.9
185,177,0.0
185,178,0.0
185,179,9.9
185,180,0.0
185,181,9.9
185,182,9.9
185,183,9.9
185,184,9.9
185,185,9.9
185,186,0.0
185,187,0.0
185,188,0.0
185,189,0.0
185,190,0.0
185,191,0.0
185,192,9.9
185,193,0.0
185,194,9.9
185,195,0.0
185,196,0.0
185,197,0.0
185,198,0.0
185,199,9.9
185,200,9.9
185,201,0.0
186,0,0.0
186,1,9.9
186,2,55
186,3,9.9
186,4,55
186,5,55
186,6,0.0
186,7,0.0
186,8,9.9
186,9,55
186,10,0.0
186,11,0.0
186,12,55
186,13,55
186,14,55
186,15,55
186,16,55
186,17,55
186,18,9.9
186,19,55
186,20,55
186,21,55
186,22,9.9
186,23,55
186,24,0.0
186,25,0.0
186,26,55
186,27,0.0
186,28,55
186,29,9.9
186,30,55
186,31,0.0
186,32,55
186,33,55
186,34,55
186,35,55
186,36,55
186,37,0.0
186,38,9.9
186,39,55
186,40,9.9
186,41,0.0
186,42,9.9
186,43,0.0
186,44,55
186,45,55
186,46,0.0
186,47,55
186,48,55
186,49,55
186,50,9.9
186,51,55
186,52,0.0
186,53,55
186,54,0.0
186,55,0.0
186,56,9.9
186,57,0.0
186,58,0.0
186,59,55
186,60,9.9
186,61,55
186,62,0.0
186,63,55
186,64,55
186,65,55
186,66,9.9
186,67,55
186,68,55
186,69,0.0
186,70,55
186,71,9.9
186,72,0.0
186,73,55
186,74,55
186,75,0.0
186,76,55
186,77,9.9
186,78,55
186,79,55
186,80,0.0
186,81,55
186,82,55
186,83,9.9
186,84,0.0
186,85,0.0
186,86,9.9
186,87,9.9
186,88,9.9
186,89,0.0
186,90,9.9
186,91,55
186,92,0.0
186,93,0.0
186,94,9.9
186,95,9.9
186,96,55
186,97,0.0
186,98,55
186,99,9.9
186,100,0.0
186,101,9.9
186,102,9.9
186,103,0.0
186,104,0.0
186,105,9.9
186,106,0.0
186,107,9.9
186,108,9.9
186,109,0.0
186,110,0.0
186,111,9.9
186,112,9.9
186,113,9.9
186,114,0.0
186,115,9.9
186,116,0.0
186,117,9.9
186,118,0.0
186,119,0.0
186,120,0.0
186,121,0.0
186,122,9.9
186,123,0.0
186,124,9.9
186,125,0.0
186,126,9.9
186,127,0.0
186,128,9.9
186,129,0.0
186,130,0.0
186,131,9.9
186,132,0.0
186,133,0.0
186,134,9.9
186,135,0.0
186,136,0.0
186,137,9.9
186,138,9.9
186,139,9.9
186,140,9.9
186,141,0.0
186,142,9.9
186,143,0.0
186,144,0.0
186,145,9.9
186,146,9.9
186,147,0.0
186,148,0.0
186,149,9.9
186,150,9.9
186,151,0.0
186,152,9.9
186,153,9.9
186,154,0.0
186,155,0.0
186,156,9.9
186,157,9.9
186,158,0.0
186,159,0.0
186,160,9.9
186,161,9.9
186,162,0.0
186,163,0.0
186,164,0.0
186,165,0.0
186,166,0.0
186,167,9.9
186,168,0.0
186,169,0.0
186,170,9.9
186,171,9.9
186,172,9.9
186,173,0.0
186,174,0.0
186,175,9.9
186,176,9.9
186,177,0.0
186,178,0.0
186,179,9.9
186,180,9.9
186,181,9.9
186,182,0.0
186,183,0.0
186,184,0.0
186,185,0.0
186,186,0.0
186,187,9.9
186,188,9.9
186,189,9.9
186,190,9.9
186,191,9.9
186,192,9.9
186,193,9.9
186,194,9.9
186,195,0.0
186,196,9.9
186,197,9.9
186,198,9.9
186,199,9.9
186,200,0.0
186,201,0.0
187,0,9.9
187,1,9.9
187,2,55
187,3,55
187,4,0.0
187,5,55
187,6,0.0
187,7,55
187,8,9.9
187,9,0.0
187,10,55
187,11,55
187,12,9.9
187,13,55
187,14,9.9
187,15,9.9
187,16,55
187,17,55
187,18,55
187,19,0.0
187,20,0.0
187,21,0.0
187,22,55
187,23,0.0
187,24,55
187,25,0.0
187,26,55
187,27,0.0
187,28,55
187,29,55
187,30,55
187,31,0.0
187,32,9.9
187,33,55
187,34,0.0
187,35,55
187,36,0.0
187,37,0.0
187,38,9.9
187,39,55
187,40,55
187,41,9.9
187,42,9.9
187,43,9.9
187,44,55
187,45,55
187,46,9.9
187,47,9.9
187,48,55
187,49,0.0
187,50,55
187,51,0.0
187,52,55
187,53,9.9
187,54,9.9
187,55,0.0
187,56,9.9
187,57,0.0
187,58,55
187,59,55
187,60,55
187,61,0.0
187,62,55
187,63,55
187,64,55
187,65,9.9
187,66,55
187,67,0.0
187,68,55
187,69,0.0
187,70,55
187,71,55
187,72,0.0
187,73,9.9
187,74,55
187,75,9.9
187,76,9.9
187,77,55
187,78,55
187,79,55
187,80,0.0
187,81,9.9
187,82,55
187,83,55
187,84,55
187,85,0.0
187,86,9.9
187,87,0.0
187,88,0.0
187,89,9.9
187,90,9.9
187,91,0.0
187,92,55
187,93,55
187,94,9.9
187,95,0.0
187,96,0.0
187,97,9.9
187,98,55
187,99,55
187,100,9.9
187,101,9.9
187,102,0.0
187,103,0.0
187,104,0.0
187,105,9.9
187,106,0.0
187,107,9.9
187,108,0.0
187,109,0.0
187,110,9.9
187,111,9.9
187,112,0.0
187,113,0.0
187,114,9.9
187,115,9.9
187,116,9.9
187,117,9.9
187,118,0.0
187,119,9.9
187,120,9.9
187,121,0.0
187,122,9.9
187,123,0.0
187,124,9.9
187,125,9.9
187,126,9.9
187,127,9.9
187,128,9.9
187,129,0.0
187,130,0.0
187,131,9.9
187,132,0.0
187,133,0.0
187,134,9.9
187,135,0.0
187,136,9.9
187,137,9.9
187,138,0.0
187,139,0.0
187,140,0.0
187,141,9.9
187,142,9.9
187,143,0.0
187,144,0.0
187,145,9.9
187,146,0.0
187,147,0.0
187,148,9.9
187,149,9.9
187,150,0.0
187,151,9.9
187,152,9.9
187,153,0.0
187,154,0.0
187,155,9.9
187,156,9.9
187,157,0.0
187,158,0.0
187,159,9.9
187,160,9.9
187,161,0.0
187,162,0.0
187,163,9.9
187,164,9.9
187,165,9.9
187,166,0.0
187,167,9.9
187,168,9.9
187,169,0.0
187,170,9.9
187,171,0.0
187,172,0.0
187,173,0.0
187,174,9.9
187,175,9.9
187,176,0.0
187,177,9.9
187,178,0.0
187,179,9.9
187,180,0.0
187,181,0.0
187,182,0.0
187,183,9.9
187,184,9.9
187,185,9.9
187,186,0.0
187,187,9.9
187,188,0.0
187,189,0.0
187,190,0.0
187,191,0.0
187,192,0.0
187,193,0.0
187,194,0.0
187,195,9.9
187,196,9.9
187,197,0.0
187,198,0.0
187,199,0.0
187,200,0.0
187,201,0.0
188,0,55
188,1,0.0
188,2,0.0
188,3,55
188,4,0.0
188,5,9.9
188,6,55
188,7,55
188,8,55
188,9,55
188,10,55
188,11,0.0
188,12,55
188,13,0.0
188,14,55
188,15,0.0
188,16,55
188,17,55
188,18,55
188,19,0.0
188,20,55
188,21,55
188,22,9.9
188,23,9.9
188,24,55
188,25,55
188,26,55
188,27,55
188,28,55
188,29,55
188,30,55
188,31,55
188,32,9.9
188,33,0.0
188,34,9.9
188,35,55
188,36,0.0
188,37,0.0
188,38,9.9
188,39,0.0
188,40,55
188,41,55
188,42,0.0
188,43,0.0
188,44,55
188,45,9.9
188,46,55
188,47,0.0
188,48,0.0
188,49,9.9
188,50,9.9
188,51,9.9
188,52,55
188,53,55
188,54,0.0
188,55,9.9
188,56,9.9
188,57,9.9
188,58,55
188,59,9.9
188,60,55
188,61,0.0
188,62,55
188,63,0.0
188,64,9.9
188,65,55
188,66,0.0
188,67,0.0
188,68,9.9
188,69,55
188,70,55
188,71,55
188,72,55
188,73,9.9
188,74,0.0
188,75,55
188,76,0.0
188,77,0.0
188,78,55
188,79,0.0
188,80,55
188,81,9.9
188,82,55
188,83,55
188,84,0.0
188,85,55
188,86,9.9
188,87,0.0
188,88,9.9
188,89,9.9
188,90,0.0
188,91,55
188,92,55
188,93,9.9
188,94,55
188,95,0.0
188,96,55
188,97,9.9
188,98,55
188,99,55
188,100,55
188,101,0.0
188,102,0.0
188,103,0.0
188,104,0.0
188,105,9.9
188,106,9.9
188,107,9.9
188,108,0.0
188,109,0.0
188,110,9.9
188,111,0.0
188,112,0.0
188,113,9.9
188,114,9.9
188,115,0.0
188,116,0.0
188,117,0.0
188,118,9.9
188,119,9.9
188,120,0.0
188,121,9.9
188,122,9.9
188,123,9.9
188,124,9.9
188,125,0.0
188,126,0.0
188,127,0.0
188,128,0.0
188,129,9.9
188,130,0.0
188,131,9.9
188,132,9.9
188,133,0.0
188,134,9.9
188,135,9.9
188,136,9.9
188,137,0.0
188,138,0.0
188,139,9.9
188,140,9.9
188,141,9.9
188,142,0.0
188,143,9.9
188,144,0.0
188,145,9.9
188,146,0.0
188,147,0.0
188,148,9.9
188,149,0.0
188,150,0.0
188,151,9.9
188,152,0.0
188,153,0.0
188,154,0.0
188,155,9.9
188,156,0.0
188,157,0.0
188,158,0.0
188,159,9.9
188,160,0.0
188,161,0.0
188,162,0.0
188,163,9.9
188,164,0.0
188,165,0.0
188,166,9.9
188,167,9.9
188,168,0.0
188,169,9.9
188,170,9.9
188,171,0.0
188,172,9.9
188,173,0.0
188,174,9.9
188,175,0.0
188,176,0.0
188,177,9.9
188,178,9.9
188,179,9.9
188,180,0.0
188,181,9.9
188,182,0.0
188,183,9.9
188,184,0.0
188,185,0.0
188,186,9.9
188,187,9.9
188,188,0.0
188,189,9.9
188,190,9.9
188,191,9.9
188,192,9.9
188,193,9.9
188,194,9.9
188,195,9.9
188,196,0.0
188,197,0.0
188,198,9.9
188,199,9.9
188,200,0.0
188,201,0.0
189,0,55
189,1,55
189,2,55
189,3,9.9
189,4,55
189,5,9.9
189,6,55
189,7,9.9
189,8,55
189,9,0.0
189,10,0.0
189,11,0.0
189,12,9.9
189,13,9.9
189,14,9.9
189,15,55
189,16,9.9
189,17,0.0
189,18,55
189,19,55
189,20,55
189,21,0.0
189,22,55
189,23,0.0
189,24,55
189,25,0.0
189,26,9.9
189,27,0.0
189,28,9.9
189,29,9.9
189,30,9.9
189,31,0.0
189,32,55
189,33,55
189,34,9.9
189,35,55
189,36,55
189,37,0.0
189,38,9.9
189,39,55
189,40,9.9
189,41,55
189,42,55
189,43,9.9
189,44,9.9
189,45,55
189,46,0.0
189,47,55
189,48,55
189,49,9.9
189,50,0.0
189,51,0.0
189,52,55
189,53,55
189,54,55
189,55,9.9
189,56,0.0
189,57,0.0
189,58,55
189,59,55
189,60,55
189,61,55
189,62,55
189,63,0.0
189,64,9.9
189,65,0.0
189,66,9.9
189,67,0.0
189,68,9.9
189,69,55
189,70,0.0
189,71,9.9
189,72,0.0
189,73,55
189,74,55
189,75,9.9
189,76,55
189,77,55
189,78,9.9
189,79,9.9
189,80,55
189,81,55
189,82,0.0
189,83,0.0
189,84,0.0
189,85,55
189,86,55
189,87,9.9
189,88,9.9
189,89,0.0
189,90,0.0
189,91,55
189,92,0.0
189,93,55
189,94,0.0
189,95,55
189,96,55
189,97,55
189,98,0.0
189,99,0.0
189,100,55
189,101,55
189,102,0.0
189,103,0.0
189,104,0.0
189,105,9.9
189,106,0.0
189,107,0.0
189,108,9.9
189,109,0.0
189,110,9.9
189,111,0.0
189,112,0.0
189,113,9.9
189,114,0.0
189,115,0.0
189,116,9.9
189,117,9.9
189,118,9.9
189,119,0.0
189,120,0.0
189,121,9.9
189,122,0.0
189,123,0.0
189,124,0.0
189,125,0.0
189,126,9.9
189,127,9.9
189,128,9.9
189,129,9.9
189,130,9.9
189,131,9.9
189,132,0.0
189,133,9.9
189,134,9.9
189,135,0.0
189,136,0.0
189,137,0.0
189,138,0.0
189,139,9.9
189,140,0.0
189,141,0.0
189,142,0.0
189,143,9.9
189,144,9.9
189,145,9.9
189,146,9.9
189,147,0.0
189,148,9.9
189,149,0.0
189,150,0.0
189,151,9.9
189,152,0.0
189,153,0.0
189,154,0.0
189,155,9.9
189,156,0.0
189,157,0.0
189,158,0.0
189,159,9.9
189,160,0.0
189,161,0.0
189,162,0.0
189,163,9.9
189,164,0.0
189,165,9.9
189,166,9.9
189,167,0.0
189,168,0.0
189,169,9.9
189,170,0.0
189,171,9.9
189,172,9.9
189,173,9.9
189,174,9.9
189,175,0.0
189,176,0.0
189,177,9.9
189,178,0.0
189,179,0.0
189,180,9.9
189,181,9.9
189,182,9.9
189,183,9.9
189,184,0.0
189,185,9.9
189,186,9.9
189,187,0.0
189,188,9.9
189,189,9.9
189,190,0.0
189,191,0.0
189,192,0.0
189,193,0.0
189,194,0.0
189,195,0.0
189,196,0.0
189,197,0.0
189,198,9.9
189,199,0.0
189,200,9.9
189,201,0.0
190,0,0.0
190,1,9.9
190,2,9.9
190,3,55
190,4,55
190,5,55
190,6,0.0
190,7,55
190,8,55
190,9,0.0
190,10,55
190,11,0.0
190,12,9.9
190,13,0.0
190,14,0.0
190,15,55
190,16,55
190,17,55
190,18,55
190,19,0.0
190,20,9.9
190,21,0.0
190,22,9.9
190,23,55
190,24,9.9
190,25,9.9
190,26,9.9
190,27,55
190,28,9.9
190,29,0.0
190,30,0.0
190,31,55
190,32,9.9
190,33,9.9
190,34,55
190,35,0.0
190,36,9.9
190,37,55
190,38,9.9
190,39,55
190,40,55
190,41,0.0
190,42,0.0
190,43,55
190,44,0.0
190,45,0.0
190,46,0.0
190,47,55
190,48,9.9
190,49,55
190,50,0.0
190,51,9.9
190,52,9.9
190,53,0.0
190,54,9.9
190,55,55
190,56,0.0
190,57,9.9
190,58,9.9
190,59,55
190,60,55
190,61,9.9
190,62,0.0
190,63,55
190,64,9.9
190,65,55
190,66,9.9
190,67,9.9
190,68,9.9
190,69,0.0
190,70,9.9
190,71,9.9
190,72,55
190,73,9.9
190,74,9.9
190,75,55
190,76,55
190,77,0.0
190,78,55
190,79,0.0
190,80,55
190,81,55
190,82,0.0
190,83,55
190,84,0.0
190,85,55
190,86,55
190,87,55
190,88,0.0
190,89,0.0
190,90,0.0
190,91,55
190,92,0.0
190,93,9.9
190,94,9.9
190,95,55
190,96,9.9
190,97,55
190,98,9.9
190,99,55
190,100,55
190,101,9.9
190,102,55
190,103,0.0
190,104,0.0
190,105,9.9
190,106,0.0
190,107,9.9
190,108,9.9
190,109,9.9
190,110,9.9
190,111,9.9
190,112,0.0
190,113,9.9
190,114,0.0
190,115,0.0
190,116,9.9
190,117,0.0
190,118,0.0
190,119,0.0
190,120,0.0
190,121,9.9
190,122,0.0
190,123,9.9
190,124,9.9
190,125,0.0
190,126,9.9
190,127,0.0
190,128,0.0
190,129,0.0
190,130,0.0
190,131,0.0
190,132,0.0
190,133,9.9
190,134,0.0
190,135,0.0
190,136,9.9
190,137,0.0
190,138,0.0
190,139,9.9
190,140,0.0
190,141,9.9
190,142,0.0
190,143,9.9
190,144,0.0
190,145,0.0
190,146,0.0
190,147,9.9
190,148,9.9
190,149,9.9
190,150,0.0
190,151,9.9
190,152,9.9
190,153,0.0
190,154,0.0
190,155,9.9
190,156,9.9
190,157,0.0
190,158,0.0
190,159,9.9
190,160,9.9
190,161,0.0
190,162,0.0
190,163,9.9
190,164,9.9
190,165,9.9
190,166,0.0
190,167,0.0
190,168,0.0
190,169,9.9
190,170,0.0
190,171,9.9
190,172,0.0
190,173,0.0
190,174,0.0
190,175,9.9
190,176,0.0
190,177,9.9
190,178,0.0
190,179,9.9
190,180,9.9
190,181,0.0
190,182,0.0
190,183,0.0
190,184,9.9
190,185,9.9
190,186,0.0
190,187,0.0
190,188,9.9
190,189,0.0
190,190,0.0
190,191,9.9
190,192,9.9
190,193,9.9
190,194,9.9
190,195,9.9
190,196,0.0
190,197,0.0
190,198,9.9
190,199,0.0
190,200,9.9
190,201,9.9
191,0,55
191,1,9.9
191,2,0.0
191,3,0.0
191,4,55
191,5,55
191,6,0.0
191,7,9.9
191,8,55
191,9,55
191,10,55
191,11,55
191,12,9.9
191,13,0.0
191,14,9.9
191,15,9.9
191,16,55
191,17,9.9
191,18,0.0
191,19,0.0
191,20,9.9
191,21,9.9
191,22,9.9
191,23,55
191,24,55
191,25,0.0
191,26,0.0
191,27,55
191,28,55
191,29,0.0
191,30,9.9
191,31,55
191,32,55
191,33,0.0
191,34,0.0
191,35,9.9
191,36,9.9
191,37,55
191,38,55
191,39,0.0
191,40,55
191,41,0.0
191,42,55
191,43,9.9
191,44,55
191,45,55
191,46,0.0
191,47,55
191,48,55
191,49,0.0
191,50,55
191,51,9.9
191,52,0.0
191,53,55
191,54,9.9
191,55,0.0
191,56,55
191,57,9.9
191,58,0.0
191,59,0.0
191,60,55
191,61,55
191,62,55
191,63,55
191,64,55
191,65,55
191,66,55
191,67,0.0
191,68,0.0
191,69,55
191,70,9.9
191,71,0.0
191,72,55
191,73,55
191,74,0.0
191,75,0.0
191,76,55
191,77,9.9
191,78,9.9
191,79,55
191,80,9.9
191,81,0.0
191,82,55
191,83,55
191,84,55
191,85,55
191,86,9.9
191,87,55
191,88,55
191,89,0.0
191,90,0.0
191,91,55
191,92,55
191,93,9.9
191,94,0.0
191,95,55
191,96,55
191,97,55
191,98,55
191,99,55
191,100,9.9
191,101,55
191,102,55
191,103,55
191,104,0.0
191,105,9.9
191,106,9.9
191,107,9.9
191,108,0.0
191,109,0.0
191,110,0.0
191,111,0.0
191,112,9.9
191,113,9.9
191,114,9.9
191,115,0.0
191,116,9.9
191,117,0.0
191,118,9.9
191,119,0.0
191,120,0.0
191,121,9.9
191,122,9.9
191,123,9.9
191,124,0.0
191,125,9.9
191,126,9.9
191,127,0.0
191,128,9.9
191,129,9.9
191,130,9.9
191,131,9.9
191,132,0.0
191,133,9.9
191,134,0.0
191,135,0.0
191,136,9.9
191,137,9.9
191,138,0.0
191,139,9.9
191,140,9.9
191,141,9.9
191,142,9.9
191,143,9.9
191,144,0.0
191,145,9.9
191,146,9.9
191,147,9.9
191,148,0.0
191,149,0.0
191,150,9.9
191,151,9.9
191,152,0.0
191,153,9.9
191,154,0.0
191,155,9.9
191,156,0.0
191,157,9.9
191,158,0.0
191,159,9.9
191,160,0.0
191,161,9.9
191,162,0.0
191,163,9.9
191,164,0.0
191,165,0.0
191,166,0.0
191,167,0.0
191,168,0.0
191,169,9.9
191,170,9.9
191,171,9.9
191,172,0.0
191,173,9.9
191,174,9.9
191,175,9.9
191,176,9.9
191,177,9.9
191,178,9.9
191,179,9.9
191,180,0.0
191,181,0.0
191,182,9.9
191,183,9.9
191,184,9.9
191,185,0.0
191,186,0.0
191,187,0.0
191,188,9.9
191,189,0.0
191,190,0.0
191,191,9.9
191,192,0.0
191,193,0.0
191,194,0.0
191,195,0.0
191,196,9.9
191,197,0.0
191,198,9.9
191,199,9.9
191,200,9.9
191,201,0.0
192,0,9.9
192,1,55
192,2,0.0
192,3,55
192,4,55
192,5,55
192,6,55
192,7,9.9
192,8,55
192,9,0.0
192,10,9.9
192,11,0.0
192,12,55
192,13,9.9
192,14,9.9
192,15,0.0
192,16,0.0
192,17,55
192,18,55
192,19,0.0
192,20,9.9
192,21,0.0
192,22,0.0
192,23,0.0
192,24,55
192,25,55
192,26,9.9
192,27,9.9
192,28,55
192,29,55
192,30,9.9
192,31,55
192,32,55
192,33,55
192,34,55
192,35,9.9
192,36,0.0
192,37,0.0
192,38,55
192,39,9.9
192,40,9.9
192,41,55
192,42,55
192,43,55
192,44,55
192,45,0.0
192,46,55
192,47,55
192,48,55
192,49,9.9
192,50,55
192,51,55
192,52,0.0
192,53,55
192,54,55
192,55,55
192,56,55
192,57,55
192,58,0.0
192,59,55
192,60,9.9
192,61,55
192,62,0.0
192,63,9.9
192,64,55
192,65,55
192,66,55
192,67,55
192,68,9.9
192,69,55
192,70,55
192,71,0.0
192,72,9.9
192,73,55
192,74,55
192,75,55
192,76,55
192,77,55
192,78,0.0
192,79,55
192,80,55
192,81,55
192,82,55
192,83,0.0
192,84,0.0
192,85,0.0
192,86,55
192,87,55
192,88,9.9
192,89,55
192,90,0.0
192,91,55
192,92,0.0
192,93,55
192,94,0.0
192,95,9.9
192,96,55
192,97,55
192,98,55
192,99,55
192,100,55
192,101,0.0
192,102,55
192,103,9.9
192,104,55
192,105,9.9
192,106,0.0
192,107,0.0
192,108,0.0
192,109,9.9
192,110,9.9
192,111,9.9
192,112,9.9
192,113,0.0
192,114,0.0
192,115,9.9
192,116,9.9
192,117,9.9
192,118,9.9
192,119,9.9
192,120,0.0
192,121,9.9
192,122,0.0
192,123,0.0
192,124,0.0
192,125,9.9
192,126,0.0
192,127,9.9
192,128,9.9
192,129,0.0
192,130,0.0
192,131,0.0
192,132,9.9
192,133,9.9
192,134,9.9
192,135,0.0
192,136,9.9
192,137,0.0
192,138,9.9
192,139,9.9
192,140,0.0
192,141,0.0
192,142,0.0
192,143,0.0
192,144,9.9
192,145,9.9
192,146,0.0
192,147,0.0
192,148,0.0
192,149,9.9
192,150,9.9
192,151,0.0
192,152,0.0
192,153,9.9
192,154,9.9
192,155,9.9
192,156,0.0
192,157,9.9
192,158,9.9
192,159,9.9
192,160,0.0
192,161,9.9
192,162,9.9
192,163,9.9
192,164,0.0
192,165,9.9
192,166,0.0
192,167,0.0
192,168,0.0
192,169,9.9
192,170,0.0
192,171,0.0
192,172,9.9
192,173,9.9
192,174,0.0
192,175,0.0
192,176,0.0
192,177,0.0
192,178,0.0
192,179,0.0
192,180,0.0
192,181,0.0
192,182,9.9
192,183,0.0
192,184,0.0
192,185,0.0
192,186,0.0
192,187,0.0
192,188,9.9
192,189,9.9
192,190,0.0
192,191,9.9
192,192,0.0
192,193,9.9
192,194,9.9
192,195,9.9
192,196,9.9
192,197,9.9
192,198,9.9
192,199,0.0
192,200,0.0
192,201,0.0
193,0,55
193,1,0.0
193,2,55
193,3,55
193,4,9.9
193,5,9.9
193,6,0.0
193,7,55
193,8,0.0
193,9,9.9
193,10,9.9
193,11,55
193,12,9.9
193,13,55
193,14,0.0
193,15,0.0
193,16,55
193,17,9.9
193,18,0.0
193,19,55
193,20,9.9
193,21,0.0
193,22,9.9
193,23,55
193,24,9.9
193,25,0.0
193,26,55
193,27,0.0
193,28,0.0
193,29,9.9
193,30,55
193,31,0.0
193,32,0.0
193,33,9.9
193,34,0.0
193,35,55
193,36,0.0
193,37,55
193,38,9.9
193,39,55
193,40,0.0
193,41,55
193,42,9.9
193,43,55
193,44,55
193,45,9.9
193,46,55
193,47,9.9
193,48,9.9
193,49,55
193,50,55
193,51,55
193,52,55
193,53,55
193,54,55
193,55,9.9
193,56,9.9
193,57,55
193,58,55
193,59,55
193,60,55
193,61,0.0
193,62,9.9
193,63,9.9
193,64,55
193,65,9.9
193,66,55
193,67,0.0
193,68,55
193,69,55
193,70,55
193,71,55
193,72,9.9
193,73,0.0
193,74,0.0
193,75,0.0
193,76,9.9
193,77,55
193,78,55
193,79,9.9
193,80,55
193,81,9.9
193,82,9.9
193,83,0.0
193,84,55
193,85,55
193,86,9.9
193,87,55
193,88,55
193,89,55
193,90,55
193,91,55
193,92,0.0
193,93,9.9
193,94,55
193,95,9.9
193,96,0.0
193,97,55
193,98,55
193,99,0.0
193,100,55
193,101,0.0
193,102,55
193,103,55
193,104,55
193,105,55
193,106,0.0
193,107,9.9
193,108,0.0
193,109,9.9
193,110,0.0
193,111,0.0
193,112,0.0
193,113,0.0
193,114,9.9
193,115,9.9
193,116,0.0
193,117,0.0
193,118,0.0
193,119,0.0
193,120,9.9
193,121,9.9
193,122,0.0
193,123,9.9
193,124,0.0
193,125,9.9
193,126,0.0
193,127,9.9
193,128,0.0
193,129,0.0
193,130,9.9
193,131,9.9
193,132,9.9
193,133,0.0
193,134,0.0
193,135,9.9
193,136,9.9
193,137,0.0
193,138,9.9
193,139,0.0
193,140,0.0
193,141,9.9
193,142,9.9
193,143,9.9
193,144,9.9
193,145,0.0
193,146,0.0
193,147,9.9
193,148,0.0
193,149,9.9
193,150,0.0
193,151,0.0
193,152,0.0
193,153,9.9
193,154,0.0
193,155,0.0
193,156,9.9
193,157,9.9
193,158,0.0
193,159,0.0
193,160,9.9
193,161,9.9
193,162,0.0
193,163,0.0
193,164,9.9
193,165,9.9
193,166,9.9
193,167,0.0
193,168,0.0
193,169,9.9
193,170,0.0
193,171,9.9
193,172,9.9
193,173,0.0
193,174,0.0
193,175,9.9
193,176,9.9
193,177,9.9
193,178,9.9
193,179,9.9
193,180,0.0
193,181,0.0
193,182,9.9
193,183,0.0
193,184,9.9
193,185,0.0
193,186,0.0
193,187,0.0
193,188,9.9
193,189,0.0
193,190,9.9
193,191,9.9
193,192,9.9
193,193,9.9
193,194,0.0
193,195,0.0
193,196,0.0
193,197,0.0
193,198,0.0
193,199,0.0
193,200,9.9
193,201,0.0
194,0,55
194,1,0.0
194,2,55
194,3,0.0
194,4,55
194,5,0.0
194,6,55
194,7,9.9
194,8,9.9
194,9,9.9
194,10,0.0
194,11,55
194,12,55
194,13,0.0
194,14,55
194,15,0.0
194,16,55
194,17,55
194,18,55
194,19,55
194,20,55
194,21,9.9
194,22,9.9
194,23,55
194,24,55
194,25,55
194,26,9.9
194,27,55
194,28,55
194,29,9.9
194,30,0.0
194,31,0.0
194,32,55
194,33,9.9
194,34,55
194,35,9.9
194,36,55
194,37,55
194,38,55
194,39,0.0
194,40,55
194,41,9.9
194,42,55
194,43,55
194,44,55
194,45,55
194,46,55
194,47,55
194,48,0.0
194,49,0.0
194,50,55
194,51,0.0
194,52,0.0
194,53,0.0
194,54,9.9
194,55,55
194,56,0.0
194,57,55
194,58,0.0
194,59,0.0
194,60,55
194,61,9.9
194,62,9.9
194,63,0.0
194,64,0.0
194,65,55
194,66,55
194,67,0.0
194,68,9.9
194,69,55
194,70,0.0
194,71,0.0
194,72,55
194,73,55
194,74,55
194,75,55
194,76,9.9
194,77,55
194,78,9.9
194,79,55
194,80,0.0
194,81,55
194,82,0.0
194,83,9.9
194,84,55
194,85,0.0
194,86,55
194,87,0.0
194,88,55
194,89,55
194,90,9.9
194,91,0.0
194,92,55
194,93,9.9
194,94,55
194,95,55
194,96,55
194,97,9.9
194,98,55
194,99,9.9
194,100,55
194,101,55
194,102,55
194,103,55
194,104,55
194,105,55
194,106,55
194,107,9.9
194,108,9.9
194,109,9.9
194,110,0.0
194,111,9.9
194,112,9.9
194,113,0.0
194,114,9.9
194,115,0.0
194,116,0.0
194,117,9.9
194,118,9.9
194,119,9.9
194,120,9.9
194,121,0.0
194,122,9.9
194,123,9.9
194,124,9.9
194,125,9.9
194,126,9.9
194,127,9.9
194,128,0.0
194,129,0.0
194,130,9.9
194,131,0.0
194,132,0.0
194,133,0.0
194,134,9.9
194,135,9.9
194,136,0.0
194,137,9.9
194,138,9.9
194,139,0.0
194,140,0.0
194,141,9.9
194,142,0.0
194,143,0.0
194,144,0.0
194,145,0.0
194,146,0.0
194,147,9.9
194,148,9.9
194,149,9.9
194,150,0.0
194,151,0.0
194,152,0.0
194,153,9.9
194,154,0.0
194,155,9.9
194,156,9.9
194,157,0.0
194,158,0.0
194,159,9.9
194,160,9.9
194,161,0.0
194,162,0.0
194,163,9.9
194,164,9.9
194,165,0.0
194,166,0.0
194,167,9.9
194,168,0.0
194,169,9.9
194,170,9.9
194,171,9.9
194,172,0.0
194,173,0.0
194,174,0.0
194,175,9.9
194,176,0.0
194,177,0.0
194,178,0.0
194,179,0.0
194,180,9.9
194,181,0.0
194,182,9.9
194,183,9.9
194,184,9.9
194,185,9.9
194,186,0.0
194,187,0.0
194,188,9.9
194,189,0.0
194,190,9.9
194,191,0.0
194,192,0.0
194,193,0.0
194,194,0.0
194,195,9.9
194,196,9.9
194,197,9.9
194,198,9.9
194,199,0.0
194,200,9.9
194,201,9.9
195,0,55
195,1,55
195,2,55
195,3,0.0
195,4,9.9
195,5,55
195,6,55
195,7,55
195,8,0.0
195,9,0.0
195,10,0.0
195,11,9.9
195,12,55
195,13,0.0
195,14,55
195,15,55
195,16,55
195,17,55
195,18,9.9
195,19,9.9
195,20,55
195,21,55
195,22,0.0
195,23,0.0
195,24,55
195,25,9.9
195,26,55
195,27,55
195,28,0.0
195,29,55
195,30,55
195,31,0.0
195,32,55
195,33,55
195,34,55
195,35,55
195,36,55
195,37,0.0
195,38,55
195,39,9.9
195,40,55
195,41,55
195,42,0.0
195,43,55
195,44,0.0
195,45,55
195,46,55
195,47,55
195,48,55
195,49,55
195,50,55
195,51,0.0
195,52,55
195,53,55
195,54,9.9
195,55,0.0
195,56,55
195,57,9.9
195,58,9.9
195,59,55
195,60,55
195,61,55
195,62,0.0
195,63,0.0
195,64,55
195,65,9.9
195,66,55
195,67,55
195,68,9.9
195,69,55
195,70,0.0
195,71,55
195,72,9.9
195,73,9.9
195,74,9.9
195,75,0.0
195,76,55
195,77,0.0
195,78,55
195,79,0.0
195,80,0.0
195,81,9.9
195,82,55
195,83,9.9
195,84,55
195,85,0.0
195,86,9.9
195,87,9.9
195,88,9.9
195,89,55
195,90,55
195,91,55
195,92,55
195,93,55
195,94,0.0
195,95,55
195,96,9.9
195,97,55
195,98,0.0
195,99,55
195,100,55
195,101,0.0
195,102,9.9
195,103,9.9
195,104,9.9
195,105,55
195,106,9.9
195,107,55
195,108,0.0
195,109,0.0
195,110,9.9
195,111,9.9
195,112,0.0
195,113,9.9
195,114,9.9
195,115,0.0
195,116,0.0
195,117,9.9
195,118,0.0
195,119,0.0
195,120,0.0
195,121,0.0
195,122,9.9
195,123,0.0
195,124,0.0
195,125,0.0
195,126,0.0
195,127,0.0
195,128,9.9
195,129,0.0
195,130,9.9
195,131,0.0
195,132,9.9
195,133,0.0
195,134,9.9
195,135,0.0
195,136,0.0
195,137,9.9
195,138,0.0
195,139,9.9
195,140,0.0
195,141,9.9
195,142,0.0
195,143,9.9
195,144,9.9
195,145,0.0
195,146,0.0
195,147,9.9
195,148,0.0
195,149,0.0
195,150,9.9
195,151,0.0
195,152,0.0
195,153,9.9
195,154,9.9
195,155,9.9
195,156,0.0
195,157,0.0
195,158,0.0
195,159,9.9
195,160,0.0
195,161,0.0
195,162,0.0
195,163,9.9
195,164,0.0
195,165,0.0
195,166,9.9
195,167,9.9
195,168,9.9
195,169,9.9
195,170,0.0
195,171,0.0
195,172,0.0
195,173,0.0
195,174,0.0
195,175,9.9
195,176,0.0
195,177,9.9
195,178,9.9
195,179,9.9
195,180,9.9
195,181,9.9
195,182,9.9
195,183,0.0
195,184,0.0
195,185,0.0
195,186,9.9
195,187,0.0
195,188,9.9
195,189,9.9
195,190,9.9
195,191,0.0
195,192,9.9
195,193,9.9
195,194,0.0
195,195,9.9
195,196,0.0
195,197,0.0
195,198,0.0
195,199,9.9
195,200,9.9
195,201,0.0
196,0,0.0
196,1,9.9
196,2,0.0
196,3,55
196,4,9.9
196,5,55
196,6,9.9
196,7,55
196,8,55
196,9,9.9
196,10,0.0
196,11,9.9
196,12,0.0
196,13,55
196,14,55
196,15,0.0
196,16,9.9
196,17,9.9
196,18,55
196,19,0.0
196,20,55
196,21,55
196,22,55
196,23,55
196,24,9.9
196,25,55
196,26,0.0
196,27,55
196,28,9.9
196,29,9.9
196,30,0.0
196,31,55
196,32,55
196,33,55
196,34,55
196,35,55
196,36,55
196,37,9.9
196,38,55
196,39,55
196,40,55
196,41,55
196,42,0.0
196,43,55
196,44,0.0
196,45,55
196,46,55
196,47,55
196,48,0.0
196,49,9.9
196,50,9.9
196,51,55
196,52,55
196,53,0.0
196,54,55
196,55,55
196,56,55
196,57,55
196,58,0.0
196,59,55
196,60,9.9
196,61,55
196,62,55
196,63,0.0
196,64,55
196,65,55
196,66,55
196,67,0.0
196,68,55
196,69,0.0
196,70,55
196,71,55
196,72,55
196,73,0.0
196,74,0.0
196,75,55
196,76,9.9
196,77,0.0
196,78,9.9
196,79,0.0
196,80,0.0
196,81,9.9
196,82,55
196,83,55
196,84,0.0
196,85,55
196,86,9.9
196,87,0.0
196,88,0.0
196,89,0.0
196,90,55
196,91,0.0
196,92,9.9
196,93,55
196,94,9.9
196,95,9.9
196,96,55
196,97,0.0
196,98,0.0
196,99,9.9
196,100,55
196,101,9.9
196,102,9.9
196,103,0.0
196,104,0.0
196,105,55
196,106,55
196,107,0.0
196,108,55
196,109,9.9
196,110,9.9
196,111,0.0
196,112,0.0
196,113,9.9
196,114,0.0
196,115,9.9
196,116,0.0
196,117,9.9
196,118,0.0
196,119,9.9
196,120,9.9
196,121,0.0
196,122,9.9
196,123,0.0
196,124,9.9
196,125,9.9
196,126,9.9
196,127,9.9
196,128,9.9
196,129,9.9
196,130,9.9
196,131,9.9
196,132,9.9
196,133,9.9
196,134,9.9
196,135,0.0
196,136,0.0
196,137,9.9
196,138,0.0
196,139,9.9
196,140,9.9
196,141,9.9
196,142,9.9
196,143,9.9
196,144,0.0
196,145,9.9
196,146,0.0
196,147,9.9
196,148,0.0
196,149,9.9
196,150,9.9
196,151,9.9
196,152,0.0
196,153,9.9
196,154,0.0
196,155,0.0
196,156,0.0
196,157,0.0
196,158,0.0
196,159,9.9
196,160,0.0
196,161,0.0
196,162,0.0
196,163,9.9
196,164,0.0
196,165,0.0
196,166,9.9
196,167,0.0
196,168,0.0
196,169,0.0
196,170,0.0
196,171,9.9
196,172,0.0
196,173,0.0
196,174,0.0
196,175,9.9
196,176,9.9
196,177,9.9
196,178,0.0
196,179,0.0
196,180,0.0
196,181,0.0
196,182,0.0
196,183,0.0
196,184,9.9
196,185,9.9
196,186,9.9
196,187,9.9
196,188,9.9
196,189,0.0
196,190,0.0
196,191,9.9
196,192,9.9
196,193,0.0
196,194,9.9
196,195,9.9
196,196,0.0
196,197,9.9
196,198,9.9
196,199,9.9
196,200,0.0
196,201,0.0
197,0,55
197,1,9.9
197,2,55
197,3,55
197,4,55
197,5,0.0
197,6,55
197,7,55
197,8,9.9
197,9,55
197,10,9.9
197,11,9.9
197,12,55
197,13,55
197,14,0.0
197,15,0.0
197,16,9.9
197,17,0.0
197,18,0.0
197,19,55
197,20,9.9
197,21,0.0
197,22,9.9
197,23,9.9
197,24,55
197,25,0.0
197,26,0.0
197,27,55
197,28,55
197,29,0.0
197,30,55
197,31,55
197,32,9.9
197,33,9.9
197,34,55
197,35,55
197,36,55
197,37,55
197,38,55
197,39,55
197,40,55
197,41,0.0
197,42,55
197,43,55
197,44,55
197,45,55
197,46,9.9
197,47,55
197,48,9.9
197,49,9.9
197,50,0.0
197,51,55
197,52,0.0
197,53,0.0
197,54,9.9
197,55,0.0
197,56,0.0
197,57,55
197,58,55
197,59,9.9
197,60,55
197,61,55
197,62,9.9
197,63,55
197,64,55
197,65,55
197,66,55
197,67,9.9
197,68,9.9
197,69,9.9
197,70,55
197,71,9.9
197,72,55
197,73,55
197,74,9.9
197,75,55
197,76,55
197,77,9.9
197,78,9.9
197,79,9.9
197,80,0.0
197,81,9.9
197,82,0.0
197,83,55
197,84,9.9
197,85,55
197,86,55
197,87,0.0
197,88,9.9
197,89,55
197,90,9.9
197,91,9.9
197,92,9.9
197,93,55
197,94,55
197,95,0.0
197,96,0.0
197,97,0.0
197,98,0.0
197,99,9.9
197,100,55
197,101,55
197,102,0.0
197,103,0.0
197,104,9.9
197,105,9.9
197,106,55
197,107,9.9
197,108,55
197,109,55
197,110,0.0
197,111,0.0
197,112,0.0
197,113,9.9
197,114,0.0
197,115,9.9
197,116,9.9
197,117,9.9
197,118,9.9
197,119,9.9
197,120,0.0
197,121,9.9
197,122,9.9
197,123,9.9
197,124,9.9
197,125,0.0
197,126,0.0
197,127,0.0
197,128,0.0
197,129,0.0
197,130,0.0
197,131,0.0
197,132,0.0
197,133,0.0
197,134,0.0
197,135,9.9
197,136,0.0
197,137,9.9
197,138,9.9
197,139,9.9
197,140,0.0
197,141,0.0
197,142,0.0
197,143,0.0
197,144,0.0
197,145,9.9
197,146,9.9
197,147,9.9
197,148,9.9
197,149,9.9
197,150,0.0
197,151,0.0
197,152,9.9
197,153,9.9
197,154,0.0
197,155,9.9
197,156,0.0
197,157,0.0
197,158,0.0
197,159,9.9
197,160,9.9
197,161,0.0
197,162,0.0
197,163,9.9
197,164,9.9
197,165,0.0
197,166,9.9
197,167,0.0
197,168,9.9
197,169,9.9
197,170,0.0
197,171,9.9
197,172,9.9
197,173,0.0
197,174,0.0
197,175,9.9
197,176,0.0
197,177,0.0
197,178,0.0
197,179,9.9
197,180,9.9
197,181,9.9
197,182,9.9
197,183,0.0
197,184,9.9
197,185,0.0
197,186,0.0
197,187,0.0
197,188,0.0
197,189,0.0
197,190,9.9
197,191,9.9
197,192,0.0
197,193,0.0
197,194,9.9
197,195,0.0
197,196,9.9
197,197,9.9
197,198,0.0
197,199,0.0
197,200,0.0
197,201,0.0
198,0,0.0
198,1,55
198,2,55
198,3,9.9
198,4,55
198,5,0.0
198,6,9.9
198,7,55
198,8,55
198,9,0.0
198,10,55
198,11,0.0
198,12,55
198,13,9.9
198,14,0.0
198,15,0.0
198,16,9.9
198,17,0.0
198,18,55
198,19,55
198,20,55
198,21,55
198,22,9.9
198,23,0.0
198,24,0.0
198,25,9.9
198,26,0.0
198,27,55
198,28,55
198,29,55
198,30,55
198,31,9.9
198,32,55
198,33,0.0
198,34,55
198,35,55
198,36,55
198,37,55
198,38,55
198,39,0.0
198,40,55
198,41,9.9
198,42,55
198,43,9.9
198,44,0.0
198,45,9.9
198,46,55
198,47,55
198,48,55
198,49,0.0
198,50,0.0
198,51,9.9
198,52,9.9
198,53,0.0
198,54,9.9
198,55,55
198,56,55
198,57,55
198,58,9.9
198,59,55
198,60,0.0
198,61,55
198,62,55
198,63,55
198,64,9.9
198,65,9.9
198,66,55
198,67,55
198,68,0.0
198,69,0.0
198,70,55
198,71,55
198,72,55
198,73,9.9
198,74,55
198,75,55
198,76,55
198,77,55
198,78,0.0
198,79,0.0
198,80,9.9
198,81,9.9
198,82,55
198,83,9.9
198,84,55
198,85,55
198,86,55
198,87,55
198,88,9.9
198,89,55
198,90,55
198,91,0.0
198,92,0.0
198,93,0.0
198,94,55
198,95,55
198,96,55
198,97,0.0
198,98,0.0
198,99,9.9
198,100,0.0
198,101,55
198,102,55
198,103,0.0
198,104,9.9
198,105,0.0
198,106,0.0
198,107,55
198,108,55
198,109,55
198,110,55
198,111,0.0
198,112,0.0
198,113,9.9
198,114,9.9
198,115,9.9
198,116,0.0
198,117,0.0
198,118,0.0
198,119,0.0
198,120,0.0
198,121,9.9
198,122,0.0
198,123,0.0
198,124,0.0
198,125,0.0
198,126,9.9
198,127,9.9
198,128,9.9
198,129,9.9
198,130,9.9
198,131,9.9
198,132,9.9
198,133,9.9
198,134,9.9
198,135,9.9
198,136,9.9
198,137,9.9
198,138,0.0
198,139,0.0
198,140,0.0
198,141,9.9
198,142,9.9
198,143,9.9
198,144,0.0
198,145,9.9
198,146,0.0
198,147,0.0
198,148,0.0
198,149,0.0
198,150,0.0
198,151,9.9
198,152,9.9
198,153,0.0
198,154,9.9
198,155,9.9
198,156,9.9
198,157,0.0
198,158,0.0
198,159,9.9
198,160,0.0
198,161,9.9
198,162,0.0
198,163,9.9
198,164,0.0
198,165,9.9
198,166,9.9
198,167,9.9
198,168,9.9
198,169,0.0
198,170,9.9
198,171,9.9
198,172,0.0
198,173,9.9
198,174,0.0
198,175,9.9
198,176,0.0
198,177,9.9
198,178,0.0
198,179,9.9
198,180,0.0
198,181,0.0
198,182,0.0
198,183,9.9
198,184,9.9
198,185,0.0
198,186,9.9
198,187,9.9
198,188,9.9
198,189,0.0
198,190,9.9
198,191,0.0
198,192,0.0
198,193,0.0
198,194,9.9
198,195,0.0
198,196,9.9
198,197,0.0
198,198,0.0
198,199,9.9
198,200,0.0
198,201,0.0
199,0,55
199,1,9.9
199,2,55
199,3,55
199,4,55
199,5,55
199,6,9.9
199,7,55
199,8,55
199,9,0.0
199,10,9.9
199,11,55
199,12,9.9
199,13,55
199,14,9.9
199,15,0.0
199,16,9.9
199,17,9.9
199,18,55
199,19,9.9
199,20,55
199,21,0.0
199,22,55
199,23,0.0
199,24,55
199,25,9.9
199,26,9.9
199,27,55
199,28,9.9
199,29,9.9
199,30,9.9
199,31,55
199,32,0.0
199,33,55
199,34,9.9
199,35,0.0
199,36,55
199,37,55
199,38,0.0
199,39,0.0
199,40,55
199,41,55
199,42,55
199,43,55
199,44,55
199,45,9.9
199,46,0.0
199,47,55
199,48,55
199,49,55
199,50,0.0
199,51,9.9
199,52,0.0
199,53,9.9
199,54,9.9
199,55,55
199,56,9.9
199,57,9.9
199,58,55
199,59,0.0
199,60,0.0
199,61,55
199,62,55
199,63,55
199,64,55
199,65,0.0
199,66,55
199,67,55
199,68,55
199,69,9.9
199,70,9.9
199,71,55
199,72,55
199,73,55
199,74,0.0
199,75,55
199,76,0.0
199,77,55
199,78,55
199,79,9.9
199,80,9.9
199,81,0.0
199,82,55
199,83,55
199,84,0.0
199,85,55
199,86,0.0
199,87,0.0
199,88,55
199,89,0.0
199,90,55
199,91,55
199,92,9.9
199,93,55
199,94,9.9
199,95,0.0
199,96,9.9
199,97,55
199,98,0.0
199,99,9.9
199,100,55
199,101,9.9
199,102,0.0
199,103,55
199,104,9.9
199,105,0.0
199,106,55
199,107,9.9
199,108,55
199,109,0.0
199,110,9.9
199,111,55
199,112,0.0
199,113,9.9
199,114,0.0
199,115,0.0
199,116,0.0
199,117,9.9
199,118,9.9
199,119,9.9
199,120,0.0
199,121,9.9
199,122,0.0
199,123,9.9
199,124,9.9
199,125,0.0
199,126,9.9
199,127,0.0
199,128,0.0
199,129,0.0
199,130,0.0
199,131,0.0
199,132,0.0
199,133,0.0
199,134,0.0
199,135,0.0
199,136,0.0
199,137,0.0
199,138,0.0
199,139,9.9
199,140,0.0
199,141,9.9
199,142,0.0
199,143,0.0
199,144,9.9
199,145,9.9
199,146,0.0
199,147,9.9
199,148,9.9
199,149,9.9
199,150,0.0
199,151,9.9
199,152,0.0
199,153,0.0
199,154,9.9
199,155,0.0
199,156,0.0
199,157,9.9
199,158,0.0
199,159,9.9
199,160,0.0
199,161,9.9
199,162,9.9
199,163,9.9
199,164,0.0
199,165,9.9
199,166,0.0
199,167,0.0
199,168,0.0
199,169,0.0
199,170,9.9
199,171,0.0
199,172,0.0
199,173,9.9
199,174,9.9
199,175,9.9
199,176,9.9
199,177,9.9
199,178,9.9
199,179,9.9
199,180,0.0
199,181,9.9
199,182,9.9
199,183,9.9
199,184,0.0
199,185,9.9
199,186,9.9
199,187,0.0
199,188,0.0
199,189,9.9
199,190,9.9
199,191,0.0
199,192,0.0
199,193,0.0
199,194,9.9
199,195,9.9
199,196,9.9
199,197,0.0
199,198,0.0
199,199,9.9
199,200,9.9
199,201,0.0
