62,35,9.9
139,105,9.9
122,147,9.9
165,64,9.9
17,83,9.9
17,97,9.9
162,115,0
166,172,9.9
192,145,9.9
67,195,9.9
30,160,0
5,0,0
151,96,9.9
87,168,9.9
62,189,9.9
128,125,0
141,57,0
107,94,9.9
50,82,0
2,187,0
128,84,0
125,108,0
189,63,0
105,95,9.9
71,165,9.9
4,127,0
163,6,9.9
27,21,0
68,85,9.9
52,143,9.9
133,89,0
50,11,9.9
16,113,0
34,166,0
139,181,9.9
42,158,9.9
75,104,0
95,147,0
176,172,9.9
176,63,9.9
65,114,0
149,65,9.9
72,151,0
101,118,0
103,144,9.9
79,200,0
127,165,0
64,45,0
78,118,9.9
179,6,9.9
82,92,9.9
157,126,0
90,67,0
26,39,9.9
120,111,9.9
90,113,9.9
166,9,0
88,168,9.9
195,147,9.9
26,50,0
9,119,0
136,9,9.9
165,97,0
11,81,0
178,190,0
0,172,0
53,11,0
35,137,0
149,134,9.9
126,58,9.9
106,107,9.9
3,89,0
105,40,9.9
93,75,9.9
157,60,0
134,190,0
120,55,9.9
56,7,9.9
154,109,9.9
81,36,9.9
138,141,0
175,194,0
121,138,9.9
77,136,0
39,3,9.9
79,17,0
44,108,9.9
118,98,0
4,170,9.9
90,74,0
193,114,9.9
170,8,9.9
159,120,9.9
163,125,9.9
165,168,0
143,53,0
0,93,9.9
191,161,9.9
189,7,9.9
99,14,0
132,103,9.9
117,162,9.9
78,89,9.9
77,12,9.9
5,140,0
90,7,9.9
139,73,0
188,163,9.9
117,61,9.9
174,180,9.9
117,119,9.9
82,73,0
25,19,0
16,114,0
184,133,9.9
177,166,0
120,0,9.9
153,162,9.9
20,154,0
21,34,9.9
170,80,0
137,198,9.9
61,79,9.9
119,150,0
131,34,0
13,94,9.9
4,29,9.9
52,32,9.9
52,96,0
174,175,0
186,72,0
107,48,0
128,3,9.9
172,98,9.9
107,156,0
57,68,9.9
40,77,9.9
58,5,0
114,116,0
117,57,9.9
126,31,0
156,65,0
173,90,0
91,28,9.9
33,142,0
58,191,9.9
54,2,0
175,99,0
138,149,9.9
72,16,9.9
145,79,0
145,58,0
26,10,9.9
102,30,0
167,71,0
65,167,9.9
123,114,9.9
154,106,9.9
31,92,9.9
22,148,9.9
158,170,9.9
12,46,9.9
78,61,0
93,135,0
197,82,0
157,161,0
91,95,9.9
168,60,9.9
125,191,9.9
137,155,0
17,185,0
131,49,9.9
98,138,0
114,30,9.9
10,67,9.9
175,113,9.9
85,96,9.9
12,13,9.9
25,134,0
97,14,0
95,72,9.9
167,16,9.9
134,74,9.9
31,99,9.9
198,141,9.9
119,124,9.9
68,63,9.9
95,2,9.9
197,185,0
180,148,0
0,47,9.9
136,187,9.9
195,93,9.9
101,14,9.9
2,61,0
189,50,0
23,86,0
14,162,9.9
108,141,9.9
59,62,9.9
182,43,9.9
53,70,9.9
17,135,9.9
123,198,0
196,67,0
67,33,0
154,32,0
5,87,9.9
63,126,0
43,22,9.9
64,92,9.9
181,127,9.9
62,120,9.9
164,70,9.9
42,137,0
99,22,9.9
145,129,0
42,64,9.9
12,145,0
61,40,0
106,122,0
168,114,9.9
96,163,9.9
140,69,9.9
155,40,9.9
92,30,0
143,62,9.9
179,54,9.9
46,81,0
125,179,0
199,51,9.9
14,141,0
15,131,9.9
178,94,9.9
130,35,0
40,179,0
150,142,9.9
182,29,9.9
185,54,9.9
69,15,9.9
45,152,0
181,198,0
116,173,9.9
168,155,9.9
68,138,9.9
47,185,0
114,56,9.9
16,104,9.9
46,152,9.9
175,108,0
166,49,9.9
139,41,0
189,167,0
184,181,9.9
91,10,0
131,74,0
110,169,0
38,42,0
194,151,0
113,54,0
39,64,9.9
199,132,0
58,17,9.9
196,185,9.9
124,130,0
123,15,0
152,143,9.9
129,58,0
90,61,9.9
23,70,9.9
95,38,9.9
147,170,9.9
118,172,9.9
2,10,9.9
152,25,9.9
155,186,9.9
61,15,9.9
195,188,9.9
164,36,9.9
151,104,0
41,115,9.9
3,33,0
99,71,9.9
88,113,0
114,112,0
189,191,0
132,59,0
58,28,0
70,139,9.9
191,159,9.9
117,95,0
62,2,9.9
152,115,0
142,29,0
106,59,0
153,48,0
31,198,9.9
156,134,9.9
161,6,9.9
122,187,9.9
115,96,0
19,170,9.9
130,150,9.9
46,143,0
79,101,0
72,182,0
143,113,0
87,161,9.9
48,59,9.9
158,110,0
187,111,9.9
8,69,0
134,68,9.9
109,62,9.9
120,123,9.9
111,176,0
101,188,0
109,141,9.9
74,106,0
144,63,0
45,186,0
66,177,0
1,54,0
199,116,0
129,137,9.9
57,172,9.9
36,25,9.9
130,81,9.9
179,28,9.9
184,38,0
14,36,9.9
56,93,9.9
129,82,0
187,155,9.9
146,74,0
31,130,0
68,29,9.9
178,53,0
183,29,9.9
3,21,0
123,161,0
181,58,0
0,25,9.9
77,98,9.9
179,187,9.9
84,134,9.9
138,160,0
67,186,9.9
191,153,9.9
139,174,9.9
124,54,9.9
183,157,9.9
4,85,0
98,115,9.9
0,166,0
171,175,9.9
26,157,0
42,125,0
34,159,9.9
114,47,0
37,34,0
62,76,9.9
89,126,9.9
139,4,9.9
139,67,0
87,88,0
177,110,9.9
186,167,9.9
182,80,9.9
184,85,0
183,152,9.9
104,163,9.9
35,197,9.9
71,112,9.9
175,23,0
46,148,9.9
44,24,0
40,129,9.9
45,1,0
53,30,0
36,71,0
128,160,0
81,163,9.9
21,197,9.9
129,198,9.9
151,201,9.9
58,139,0
2,179,0
146,41,9.9
90,60,9.9
129,10,0
91,87,9.9
55,29,0
17,77,0
89,71,9.9
23,149,0
187,29,0
7,69,0
159,93,9.9
34,184,9.9
14,17,9.9
89,114,9.9
161,58,9.9
55,88,9.9
8,154,0
170,0,0
110,109,0
0,175,0
54,22,0
23,93,0
84,54,0
133,94,9.9
17,114,0
137,165,0
150,137,0
122,167,9.9
153,185,0
191,187,0
35,141,0
55,152,9.9
22,113,0
57,194,0
99,117,0
105,128,0
163,132,0
10,34,9.9
111,191,0
164,158,0
26,167,0
86,89,0
40,14,9.9
133,117,9.9
14,177,9.9
199,43,0
67,89,0
130,87,0
120,103,0
169,190,0
187,115,9.9
188,92,0
68,200,0
52,36,0
104,32,9.9
135,91,0
162,109,9.9
24,23,9.9
197,42,9.9
93,144,0
2,54,9.9
133,64,0
11,145,0
166,154,0
102,129,0
180,177,9.9
132,75,0
125,104,9.9
110,185,9.9
169,8,9.9
163,127,9.9
133,23,9.9
125,145,0
142,191,0
148,63,9.9
60,31,0
137,125,9.9
198,68,0
99,141,9.9
164,34,0
51,121,9.9
18,93,9.9
39,41,0
39,136,0
87,127,9.9
115,95,0
189,32,0
143,5,0
79,95,9.9
51,47,0
192,18,9.9
185,50,0
146,159,9.9
118,72,9.9
195,172,0
109,60,9.9
10,66,9.9
21,20,0
74,53,0
79,116,0
136,159,9.9
53,6,0
148,47,9.9
157,121,9.9
3,55,0
68,86,9.9
181,41,9.9
169,17,0
48,184,9.9
62,40,9.9
156,63,0
38,3,0
60,63,0
103,118,9.9
90,77,9.9
153,93,0
0,185,9.9
186,119,0
86,127,0
68,122,0
157,96,0
165,66,9.9
121,26,9.9
1,61,9.9
29,62,9.9
181,117,9.9
64,50,0
120,83,9.9
4,200,0
158,102,9.9
189,76,0
112,4,9.9
150,40,0
35,169,9.9
159,28,9.9
84,7,9.9
135,112,9.9
156,185,0
166,134,0
15,192,9.9
73,140,0
57,154,9.9
147,6,0
50,147,0
55,72,9.9
194,191,0
49,42,0
15,72,0
150,190,9.9
12,9,9.9
26,37,0
150,66,0
160,92,9.9
69,178,9.9
69,14,9.9
148,69,9.9
129,34,9.9
165,176,9.9
143,169,0
114,41,9.9
25,75,9.9
110,33,9.9
75,126,0
94,190,0
182,139,0
180,50,0
167,67,9.9
78,177,9.9
159,199,0
127,191,0
15,196,9.9
6,69,0
94,173,9.9
184,150,9.9
60,4,0
71,77,9.9
61,35,0
121,168,9.9
97,115,0
36,163,9.9
42,65,0
55,109,9.9
183,18,9.9
30,74,9.9
25,77,0
122,24,0
87,41,0
47,2,0
153,120,9.9
152,114,0
58,47,9.9
100,13,9.9
184,167,9.9
140,30,9.9
132,99,0
106,96,0
190,129,0
176,88,9.9
112,188,9.9
132,180,9.9
166,184,9.9
24,18,9.9
152,154,0
128,188,9.9
133,63,0
51,99,0
97,60,9.9
1,113,9.9
174,151,9.9
179,50,9.9
18,151,9.9
119,169,0
138,2,0
176,122,0
125,155,9.9
147,138,9.9
16,156,0
116,123,9.9
199,59,0
192,150,9.9
151,42,9.9
182,116,9.9
186,81,9.9
5,34,9.9
186,19,9.9
198,102,0
67,17,9.9
162,90,0
123,5,0
106,11,0
40,36,0
57,82,0
168,172,9.9
157,99,9.9
182,147,9.9
152,155,9.9
188,180,0
179,198,9.9
100,20,9.9
61,12,9.9
105,134,0
176,49,0
46,13,0
55,147,0
184,132,9.9
180,95,0
97,167,0
148,29,9.9
157,92,9.9
81,103,0
54,70,9.9
195,152,0
183,67,9.9
133,69,9.9
80,64,0
44,170,0
63,45,9.9
79,77,0
91,97,0
12,5,0
56,44,0
59,150,0
198,150,0
169,92,9.9
2,156,0
197,84,9.9
80,42,0
69,120,0
46,83,9.9
73,48,0
155,139,9.9
154,129,0
3,172,9.9
86,36,9.9
9,137,0
55,137,0
132,121,0
164,81,9.9
59,2,9.9
134,192,9.9
118,42,0
73,139,9.9
99,57,0
161,46,0
128,196,0
113,188,0
48,163,0
173,150,0
100,72,9.9
28,46,0
170,74,9.9
149,105,9.9
9,23,9.9
116,178,9.9
27,182,9.9
53,166,9.9
93,112,9.9
114,35,9.9
172,113,0
191,179,9.9
155,201,9.9
156,73,9.9
180,45,9.9
84,74,0
82,156,0
77,135,0
1,55,9.9
114,146,0
59,156,9.9
124,32,0
38,2,0
134,64,9.9
121,6,9.9
32,1,0
145,156,9.9
8,181,9.9
58,199,9.9
117,153,9.9
110,201,0
41,22,9.9
3,67,0
78,73,0
142,109,0
8,7,9.9
7,141,0
87,110,9.9
183,60,0
1,98,9.9
195,163,9.9
115,55,9.9
109,118,0
71,67,9.9
91,140,0
135,46,9.9
116,19,9.9
145,34,9.9
73,173,0
159,54,9.9
132,123,0
5,137,0
152,78,0
12,77,9.9
100,143,0
152,187,9.9
114,100,9.9
5,81,0
129,51,0
158,56,0
49,55,0
86,126,9.9
188,133,0
198,163,9.9
194,0,0
37,95,0
117,140,9.9
70,64,9.9
128,81,0
94,121,0
46,33,9.9
120,200,0
198,71,9.9
54,184,0
59,123,0
190,165,9.9
119,70,0
87,81,9.9
168,134,9.9
49,35,0
55,5,0
193,118,0
64,18,9.9
63,65,0
110,55,0
66,72,0
43,35,0
111,100,9.9
169,131,0
175,175,9.9
62,114,0
120,28,0
86,92,0
147,195,9.9
3,19,9.9
94,174,0
169,3,0
174,76,9.9
45,57,0
18,95,9.9
48,72,0
195,52,0
1,89,9.9
25,138,9.9
28,27,9.9
108,133,9.9
25,180,9.9
133,84,0
91,175,0
77,25,0
32,12,0
77,66,9.9
28,42,0
169,81,0
87,0,9.9
158,173,0
141,198,9.9
167,96,9.9
3,134,0
175,103,0
79,134,9.9
9,49,9.9
46,181,0
8,67,0
35,40,9.9
23,165,0
42,176,9.9
110,62,0
99,186,9.9
41,152,9.9
197,133,0
81,131,0
3,93,0
163,18,0
105,144,0
117,175,0
182,134,0
191,83,9.9
30,189,0
188,147,0
119,22,0
135,34,9.9
8,136,9.9
21,60,9.9
138,90,0
156,197,0
113,159,0
177,34,9.9
79,118,0
27,39,0
101,159,9.9
14,125,0
1,127,9.9
0,68,9.9
42,35,9.9
198,84,9.9
185,8,0
193,26,0
186,148,0
19,7,9.9
145,132,9.9
131,23,0
109,188,0
6,82,9.9
31,79,0
125,13,0
122,146,0
35,15,9.9
74,193,0
140,116,0
30,64,0
58,153,9.9
58,27,9.9
27,175,0
194,68,9.9
133,112,0
116,81,9.9
71,197,0
72,48,9.9
150,71,9.9
186,111,9.9
8,46,9.9
49,11,0
80,68,9.9
49,120,0
42,191,0
3,152,9.9
27,83,0
39,51,0
78,164,0
109,41,9.9
0,41,9.9
99,73,9.9
71,74,0
90,197,9.9
183,52,9.9
138,113,9.9
76,76,0
125,87,0
53,29,0
65,124,0
185,179,9.9
148,46,0
71,105,0
153,154,9.9
3,135,0
110,181,0
197,15,0
179,183,9.9
5,159,9.9
140,141,0
6,119,9.9
18,21,0
102,6,0
70,57,0
1,58,9.9
20,155,0
148,26,0
142,1,9.9
116,197,9.9
131,78,9.9
61,33,0
62,112,0
2,116,0
48,136,9.9
153,98,9.9
44,107,9.9
90,34,0
86,46,9.9
132,126,0
37,84,0
155,116,9.9
83,158,0
95,152,9.9
133,196,9.9
194,148,9.9
104,85,9.9
155,168,0
122,92,0
179,29,9.9
198,23,0
7,183,9.9
186,157,9.9
87,86,9.9
137,199,0
114,175,0
157,165,9.9
14,157,0
25,111,9.9
60,176,0
145,128,9.9
33,187,0
68,158,0
26,53,9.9
184,89,9.9
119,101,9.9
144,91,0
118,106,9.9
157,18,0
35,109,9.9
80,157,9.9
15,126,0
39,67,9.9
117,100,9.9
13,59,9.9
100,16,0
47,162,9.9
195,108,0
64,179,9.9
47,41,9.9
141,18,0
180,94,9.9
14,41,0
74,22,0
118,74,9.9
12,93,9.9
11,134,0
1,101,0
146,92,9.9
158,125,0
179,116,9.9
41,176,0
37,14,0
61,38,9.9
65,89,9.9
35,48,0
52,25,0
21,45,0
169,142,9.9
120,181,0
54,16,0
64,12,9.9
151,164,9.9
149,62,9.9
125,117,9.9
188,14,9.9
196,53,0
173,165,0
174,196,0
92,99,9.9
50,33,0
72,146,0
67,69,0
164,110,9.9
133,158,0
26,7,0
9,47,0
121,15,0
140,53,0
28,154,0
123,128,9.9
92,22,0
143,197,0
62,46,0
135,68,0
198,165,9.9
156,74,9.9
20,9,9.9
41,45,9.9
33,59,0
194,37,9.9
84,85,0
159,79,0
11,148,0
93,68,0
170,141,9.9
125,79,0
19,30,0
166,71,0
129,15,0
46,15,9.9
131,39,0
74,139,9.9
74,144,9.9
35,155,0
116,156,0
70,35,9.9
144,82,0
114,15,0
131,4,0
95,102,9.9
130,108,9.9
199,77,9.9
43,18,9.9
127,4,0
76,50,9.9
186,174,0
64,83,0
163,163,0
15,148,0
148,133,0
85,1,0
56,186,9.9
149,150,0
75,130,0
97,131,9.9
140,68,0
94,54,0
164,114,0
160,136,9.9
138,111,0
189,14,9.9
45,182,9.9
41,17,9.9
151,2,9.9
112,136,9.9
155,82,0
148,120,0
87,134,9.9
149,85,0
172,171,0
198,105,0
161,102,0
182,120,9.9
5,38,0
62,188,0
57,23,9.9
173,136,0
102,142,0
41,121,0
84,76,9.9
135,99,0
171,52,0
91,70,0
48,102,0
31,2,9.9
67,40,9.9
54,189,0
180,188,0
22,42,9.9
177,17,0
101,139,9.9
90,51,0
106,84,0
2,87,9.9
148,110,0
146,71,9.9
50,2,9.9
2,48,0
125,181,9.9
83,61,0
98,56,9.9
66,99,0
90,78,9.9
95,37,9.9
60,23,9.9
170,164,0
108,188,9.9
108,48,9.9
198,147,0
66,196,0
168,168,9.9
5,46,9.9
23,192,0
19,97,0
106,180,0
179,9,9.9
71,164,0
85,87,0
78,95,9.9
163,193,0
43,65,0
196,109,9.9
97,159,0
134,131,9.9
43,168,0
83,153,0
51,21,0
77,200,9.9
123,16,9.9
42,78,0
145,94,0
91,145,9.9
143,137,0
45,28,9.9
195,132,9.9
63,134,9.9
115,17,9.9
122,110,9.9
49,12,9.9
118,90,0
69,101,9.9
34,157,9.9
79,38,9.9
86,75,9.9
170,125,0
39,2,9.9
118,198,9.9
51,103,9.9
97,184,9.9
190,111,9.9
171,158,0
126,149,9.9
60,159,9.9
56,113,9.9
30,102,0
145,197,0
153,167,0
144,177,9.9
148,118,0
95,98,0
61,48,0
101,53,0
116,188,9.9
30,151,0
198,32,9.9
77,183,0
10,82,9.9
134,10,9.9
9,102,0
107,184,9.9
62,5,9.9
99,47,9.9
41,89,0
196,70,0
29,30,9.9
146,39,0
197,91,9.9
125,41,0
133,123,0
189,170,0
136,198,9.9
171,49,0
43,162,9.9
85,70,9.9
165,151,9.9
123,156,0
189,196,0
51,112,0
126,85,9.9
86,124,9.9
188,65,0
32,50,0
73,45,9.9
124,148,0
164,187,0
34,187,9.9
42,119,9.9
99,16,0
17,182,9.9
149,118,9.9
3,27,0
126,191,9.9
59,45,9.9
176,134,0
133,55,0
178,17,0
162,94,0
140,160,9.9
158,182,9.9
23,183,0
34,98,0
178,18,9.9
199,160,0
43,195,9.9
123,180,0
126,166,9.9
55,25,0
70,48,9.9
196,0,0
14,20,9.9
167,132,0
141,38,9.9
24,41,9.9
80,110,9.9
183,171,9.9
90,27,0
29,157,0
35,35,0
87,109,0
154,130,9.9
30,83,9.9
39,105,0
66,132,9.9
151,143,9.9
77,161,0
129,52,9.9
52,192,0
28,109,9.9
154,83,0
50,115,9.9
190,92,0
85,82,9.9
46,17,0
155,147,9.9
125,45,0
55,32,0
150,127,9.9
46,16,9.9
80,60,0
69,136,0
110,45,0
22,82,9.9
90,128,0
91,42,9.9
129,13,0
78,24,9.9
11,94,0
174,71,0
39,38,9.9
58,64,0
113,178,9.9
186,115,9.9
76,7,0
125,92,9.9
125,183,0
182,165,9.9
93,201,9.9
164,89,0
25,176,0
3,20,9.9
110,85,9.9
55,84,0
107,150,0
0,64,0
13,199,0
176,126,9.9
71,97,9.9
89,10,9.9
114,0,9.9
121,91,0
90,13,9.9
52,108,9.9
35,89,0
116,150,0
21,52,0
87,119,0
168,94,0
134,106,0
109,154,9.9
198,93,0
139,125,0
145,33,0
164,55,0
71,83,9.9
62,83,0
51,64,9.9
58,160,9.9
67,55,9.9
54,30,9.9
47,24,9.9
16,140,0
62,68,0
89,49,0
189,41,0
191,107,9.9
129,4,0
63,158,9.9
195,10,0
41,35,0
78,33,9.9
196,71,9.9
15,190,0
199,14,9.9
0,61,9.9
102,56,9.9
145,92,9.9
139,147,0
94,40,0
10,113,9.9
88,123,9.9
174,32,9.9
105,155,0
83,192,9.9
21,110,0
66,24,0
10,126,0
76,21,9.9
6,8,9.9
68,130,0
199,179,9.9
0,22,9.9
56,35,9.9
63,153,9.9
153,3,9.9
189,133,9.9
198,115,9.9
167,34,9.9
145,36,0
199,150,0
35,191,0
97,111,9.9
193,198,0
50,78,0
157,192,0
72,158,0
5,113,9.9
63,174,9.9
117,149,9.9
32,35,0
75,96,0
110,131,0
71,141,0
13,174,9.9
143,159,9.9
185,39,0
122,6,9.9
87,13,9.9
150,185,9.9
103,71,9.9
20,17,9.9
62,170,0
76,153,0
47,38,0
58,7,9.9
42,188,9.9
168,18,0
195,142,0
46,39,0
72,198,9.9
62,166,9.9
148,4,0
156,115,9.9
198,2,0
82,103,9.9
131,94,0
162,102,0
196,6,9.9
145,134,0
98,101,0
38,178,0
40,103,9.9
24,58,0
163,101,0
45,40,9.9
69,31,9.9
180,44,9.9
82,128,0
41,165,9.9
138,46,9.9
176,103,9.9
140,177,9.9
73,120,9.9
10,176,9.9
148,75,0
82,14,9.9
93,178,9.9
83,142,0
198,39,0
43,167,9.9
162,151,9.9
22,187,0
105,82,9.9
121,83,9.9
133,15,0
173,31,9.9
190,185,9.9
73,109,0
31,65,9.9
100,181,0
96,75,0
69,28,0
3,5,0
128,171,9.9
88,97,9.9
99,191,9.9
117,82,9.9
143,167,9.9
104,48,0
103,80,9.9
122,156,0
180,114,0
192,75,0
3,194,0
66,56,0
187,89,9.9
80,198,9.9
58,42,0
179,80,0
165,173,9.9
89,158,9.9
51,75,0
103,185,0
128,98,0
60,30,9.9
183,70,0
195,30,0
126,144,9.9
80,90,9.9
170,99,0
21,2,0
90,64,0
39,128,0
78,2,9.9
65,83,0
136,12,0
109,117,9.9
49,111,9.9
44,90,0
173,25,9.9
143,145,0
131,144,9.9
175,29,0
35,69,0
138,16,9.9
105,127,0
2,28,0
51,152,0
73,89,0
8,187,9.9
97,8,0
3,79,0
28,200,0
85,98,9.9
184,34,0
18,131,9.9
127,67,0
31,168,0
59,106,9.9
86,26,9.9
79,106,9.9
147,186,0
14,120,9.9
158,33,9.9
179,5,9.9
84,167,0
198,38,9.9
132,3,9.9
148,122,9.9
42,80,9.9
9,31,9.9
105,195,0
102,78,9.9
14,82,9.9
0,180,9.9
137,75,0
125,125,0
85,56,0
168,84,9.9
50,160,9.9
115,104,0
43,148,9.9
112,184,0
152,109,9.9
8,53,0
32,67,9.9
190,64,9.9
152,88,0
10,6,9.9
97,5,9.9
17,10,0
186,75,0
100,82,9.9
115,152,0
34,41,9.9
78,80,9.9
175,101,0
60,6,9.9
143,101,0
159,176,9.9
110,79,0
135,145,9.9
124,109,9.9
69,197,0
170,143,0
35,70,0
197,193,0
13,184,9.9
178,148,0
70,134,0
182,162,9.9
74,77,0
141,17,9.9
81,166,0
183,142,0
100,122,9.9
74,85,0
103,165,9.9
18,192,0
37,31,9.9
123,135,9.9
101,140,0
7,62,9.9
194,12,0
94,80,0
73,13,0
52,7,9.9
104,179,9.9
194,176,0
60,153,0
165,48,0
6,110,9.9
74,102,0
23,58,9.9
96,191,9.9
12,121,9.9
118,59,9.9
175,55,0
3,130,9.9
123,178,9.9
3,83,0
53,198,9.9
122,4,9.9
186,4,9.9
108,156,9.9
24,24,9.9
106,195,0
61,175,0
54,7,9.9
87,121,9.9
195,56,9.9
148,165,0
121,152,0
89,169,0
64,19,0
170,176,9.9
137,152,0
17,187,9.9
37,71,9.9
2,39,0
57,139,0
105,111,9.9
147,0,9.9
185,90,0
55,76,0
95,61,9.9
193,95,9.9
14,166,9.9
53,5,0
22,5,0
7,67,9.9
31,12,0
114,163,9.9
57,48,0
111,43,0
97,1,0
153,152,9.9
179,185,0
4,136,9.9
185,14,0
111,14,0
174,188,9.9
116,95,9.9
8,143,9.9
7,51,0
119,99,0
157,76,9.9
141,20,9.9
173,10,0
25,123,0
18,146,9.9
73,1,0
91,43,9.9
35,176,9.9
64,97,9.9
116,149,0
52,11,0
155,138,0
174,95,0
61,86,0
183,179,9.9
52,40,9.9
188,144,0
76,60,9.9
190,46,0
187,1,9.9
152,87,9.9
101,177,9.9
115,163,0
120,102,0
90,195,9.9
77,94,0
52,113,9.9
5,170,0
137,27,0
107,190,0
193,19,9.9
177,57,9.9
85,37,0
139,69,9.9
52,188,9.9
134,128,0
59,91,0
172,55,0
13,70,0
87,45,9.9
4,199,0
64,182,9.9
198,136,9.9
96,198,9.9
160,70,0
166,28,0
195,198,0
96,200,9.9
48,158,0
172,145,9.9
38,17,9.9
143,181,9.9
121,22,0
23,176,9.9
194,171,9.9
34,168,0
196,108,0
47,6,9.9
190,97,0
173,151,0
83,175,9.9
57,77,0
37,119,0
63,68,0
170,56,0
89,149,9.9
118,196,9.9
52,49,0
137,66,0
75,200,0
180,84,0
76,120,0
56,178,0
174,163,9.9
60,78,9.9
176,121,9.9
38,197,0
15,47,0
90,3,0
9,50,0
54,82,9.9
190,29,0
55,68,9.9
142,175,0
130,79,0
96,87,0
116,131,9.9
27,50,9.9
131,82,9.9
10,167,9.9
34,123,9.9
104,11,0
108,177,9.9
54,125,0
152,94,9.9
161,52,9.9
77,201,9.9
94,132,0
186,56,9.9
155,33,9.9
185,191,0
65,103,0
195,173,0
3,149,9.9
73,150,9.9
48,181,9.9
28,65,0
183,28,9.9
68,50,0
91,39,9.9
168,193,9.9
84,177,0
72,197,9.9
30,87,9.9
22,186,9.9
75,49,0
158,77,0
120,58,9.9
12,0,0
189,10,0
68,14,0
110,68,9.9
179,57,9.9
119,7,0
165,154,9.9
83,12,9.9
189,143,9.9
130,190,9.9
91,109,9.9
114,9,0
134,75,0
87,87,0
25,184,0
78,31,9.9
15,49,0
153,123,0
189,105,9.9
37,54,0
137,74,9.9
49,72,9.9
37,192,0
101,142,9.9
187,150,0
11,131,0
131,175,0
32,101,9.9
126,57,9.9
100,160,9.9
44,156,9.9
133,122,9.9
122,12,9.9
130,145,9.9
36,10,9.9
144,41,0
138,12,0
94,13,9.9
135,22,9.9
196,112,0
130,149,0
185,150,9.9
173,21,0
147,82,9.9
178,120,0
181,114,9.9
27,102,0
58,48,0
17,42,9.9
69,139,0
71,162,9.9
111,19,0
91,160,9.9
1,139,9.9
154,50,9.9
149,46,9.9
184,175,0
190,136,9.9
180,56,0
8,156,0
56,196,9.9
44,133,9.9
124,35,0
58,63,9.9
136,166,9.9
13,52,9.9
66,130,0
119,98,9.9
93,1,9.9
83,149,9.9
147,173,9.9
156,126,9.9
35,118,9.9
19,167,9.9
23,45,0
45,102,9.9
111,29,0
17,171,0
29,8,0
162,22,9.9
23,131,9.9
28,103,9.9
124,118,0
189,24,0
185,152,0
32,55,9.9
31,106,9.9
87,158,0
142,5,0
120,127,9.9
104,170,9.9
148,64,0
193,193,9.9
44,103,9.9
59,166,9.9
135,26,9.9
149,113,0
171,135,0
53,90,0
102,199,0
36,166,0
22,17,0
21,31,0
4,53,9.9
160,155,9.9
153,197,0
153,16,0
22,88,9.9
22,171,0
130,183,9.9
127,121,9.9
104,42,0
131,52,0
17,13,9.9
20,65,9.9
32,143,9.9
8,191,0
60,162,9.9
87,51,9.9
23,99,0
95,45,9.9
176,109,9.9
180,41,9.9
168,53,9.9
153,171,0
138,134,9.9
175,159,9.9
144,17,0
83,184,9.9
137,119,9.9
167,106,9.9
184,4,0
151,147,9.9
116,171,0
115,36,9.9
26,201,9.9
116,10,0
77,150,0
85,179,0
178,170,0
44,111,0
27,91,0
113,49,9.9
153,130,0
88,88,9.9
153,53,9.9
102,201,9.9
36,139,0
168,92,0
68,76,9.9
106,50,0
12,36,9.9
52,17,0
12,139,0
145,148,9.9
40,145,0
133,172,0
128,21,9.9
164,127,9.9
180,164,9.9
104,18,9.9
6,190,0
53,101,0
155,19,0
32,44,0
152,199,0
163,61,0
22,56,0
189,68,9.9
153,36,9.9
168,34,0
129,163,9.9
109,82,0
137,170,0
111,34,9.9
95,43,0
67,57,9.9
125,62,0
182,73,0
74,149,9.9
72,34,9.9
100,81,9.9
140,183,9.9
142,170,9.9
72,9,9.9
71,95,9.9
184,195,9.9
33,172,0
171,60,0
187,134,9.9
137,159,9.9
27,25,0
133,132,0
162,99,9.9
112,175,0
184,166,9.9
159,16,9.9
13,176,0
129,123,9.9
187,125,9.9
153,189,0
96,89,0
34,122,9.9
12,138,9.9
81,114,0
26,36,0
99,145,9.9
163,71,0
85,68,9.9
111,13,9.9
77,9,9.9
196,175,9.9
189,138,0
85,113,0
52,178,9.9
21,104,0
10,114,0
194,43,0
116,177,0
102,54,0
155,96,9.9
151,22,0
181,78,9.9
129,0,0
193,117,0
145,137,0
191,175,9.9
52,21,0
78,63,9.9
81,146,9.9
118,142,0
33,14,9.9
10,96,0
91,166,9.9
141,88,9.9
189,175,0
24,143,0
141,15,0
67,93,9.9
167,89,0
33,46,0
0,43,9.9
2,182,0
192,48,0
117,106,9.9
59,179,0
94,76,0
139,18,9.9
184,126,9.9
118,168,0
158,28,0
116,139,0
140,167,0
166,26,9.9
102,95,0
57,9,0
194,52,0
54,173,9.9
8,5,0
122,22,9.9
145,61,0
44,182,0
88,56,0
91,100,9.9
113,112,0
40,70,9.9
116,180,9.9
18,17,0
58,20,0
26,132,0
74,88,0
22,16,0
91,2,0
68,166,0
48,54,0
197,20,9.9
69,3,0
44,57,0
95,151,9.9
63,171,9.9
157,8,0
113,32,9.9
6,5,9.9
195,76,9.9
133,60,0
84,113,9.9
156,165,9.9
38,72,9.9
38,25,0
196,170,0
111,96,9.9
92,91,0
119,18,0
50,51,0
65,48,0
23,178,9.9
116,65,9.9
40,165,0
182,0,9.9
197,36,0
30,179,9.9
58,84,9.9
50,175,0
26,4,9.9
142,57,0
12,152,0
125,89,0
80,175,0
142,60,0
199,49,9.9
24,118,0
41,163,9.9
27,37,0
146,188,9.9
178,163,9.9
59,84,0
166,51,0
67,12,9.9
177,61,9.9
140,107,9.9
69,190,0
46,133,0
25,38,0
55,31,0
197,89,9.9
158,126,0
75,82,9.9
192,92,0
44,7,0
11,187,0
42,193,0
140,152,9.9
30,43,9.9
39,183,9.9
21,54,9.9
89,124,0
106,172,9.9
142,7,0
83,90,9.9
172,99,9.9
163,186,0
112,96,9.9
159,116,9.9
147,120,9.9
137,122,9.9
77,34,0
31,20,9.9
82,168,0
37,102,9.9
51,188,9.9
19,53,0
170,105,0
81,23,9.9
134,171,9.9
9,33,9.9
174,131,9.9
57,170,0
7,82,0
177,50,9.9
23,40,0
28,197,9.9
79,25,9.9
79,44,9.9
127,197,0
148,86,0
58,32,9.9
144,118,0
110,134,9.9
175,60,9.9
195,123,0
65,64,9.9
2,181,0
125,63,0
95,52,0
127,85,0
195,21,9.9
78,48,9.9
96,35,9.9
6,30,9.9
11,163,0
13,179,9.9
195,192,9.9
120,135,0
160,77,9.9
16,58,9.9
162,70,9.9
171,167,9.9
24,144,0
183,10,0
185,162,9.9
96,47,9.9
95,132,0
7,113,9.9
102,161,0
80,123,9.9
27,109,0
150,31,9.9
14,25,0
124,132,0
30,31,0
192,124,0
76,68,0
191,113,9.9
198,109,9.9
57,63,9.9
80,76,9.9
121,127,0
132,67,0
65,117,0
6,188,0
42,112,0
165,157,0
110,180,9.9
54,39,0
128,158,0
174,41,0
189,59,9.9
157,107,0
163,16,9.9
158,141,0
36,84,0
109,172,9.9
139,80,9.9
2,120,0
108,76,9.9
156,37,0
83,197,9.9
32,119,0
135,123,0
124,79,0
181,183,0
49,132,0
101,26,0
123,179,0
47,96,9.9
25,128,0
38,12,9.9
159,5,9.9
183,37,9.9
147,2,0
182,34,0
181,103,0
162,38,9.9
133,188,9.9
61,150,9.9
70,169,9.9
183,46,0
164,93,0
11,23,0
175,132,0
177,49,9.9
166,109,9.9
167,141,9.9
17,7,9.9
131,198,9.9
7,3,9.9
187,127,9.9
84,31,0
71,56,0
190,70,9.9
43,110,9.9
46,69,0
118,160,0
179,139,0
152,22,9.9
166,164,0
77,144,0
110,140,0
161,143,0
44,150,9.9
81,167,9.9
196,182,0
168,113,0
11,55,0
142,61,9.9
154,84,0
198,77,9.9
99,66,0
199,22,9.9
115,127,0
27,35,9.9
113,163,9.9
133,170,0
168,115,0
52,125,9.9
95,170,0
77,111,9.9
63,43,9.9
67,19,0
181,59,0
196,140,9.9
119,175,0
131,151,0
76,158,0
110,76,0
112,22,0
99,92,9.9
96,119,9.9
101,34,9.9
59,20,0
1,114,9.9
161,10,9.9
183,167,9.9
18,163,9.9
116,136,0
95,35,0
83,37,0
84,120,9.9
134,78,9.9
48,3,0
0,179,0
121,148,0
10,127,0
111,156,0
120,155,9.9
61,161,9.9
183,138,9.9
165,199,9.9
68,33,0
6,175,0
197,190,9.9
171,140,0
105,162,0
69,132,0
143,77,0
69,184,9.9
66,4,0
91,52,9.9
43,80,0
180,28,9.9
193,168,0
84,3,0
105,35,9.9
164,193,0
48,201,9.9
131,20,9.9
114,66,0
101,174,0
119,15,0
156,171,0
182,92,9.9
61,154,9.9
35,144,0
127,105,9.9
71,94,9.9
114,83,0
52,28,9.9
77,73,0
132,44,9.9
72,104,9.9
170,110,0
189,81,9.9
163,159,0
17,25,9.9
106,37,9.9
92,78,0
43,144,0
84,56,9.9
150,43,9.9
193,154,0
73,144,0
128,71,9.9
158,47,9.9
120,106,0
108,92,0
134,37,9.9
86,78,9.9
104,40,0
186,46,0
31,126,9.9
13,33,9.9
6,170,0
160,119,9.9
51,189,0
133,168,9.9
132,84,0
24,158,9.9
170,96,0
98,82,0
113,12,9.9
64,84,9.9
79,33,0
26,40,0
47,51,9.9
62,154,9.9
159,132,0
125,78,9.9
77,129,9.9
139,115,0
152,177,0
180,197,9.9
109,134,9.9
184,161,0
68,165,9.9
189,157,0
153,109,0
109,189,9.9
55,63,9.9
91,168,9.9
28,152,0
148,72,9.9
160,184,0
116,41,0
170,61,0
60,148,9.9
57,162,0
183,74,0
101,197,9.9
65,36,9.9
15,100,9.9
65,128,9.9
106,40,9.9
12,4,0
23,27,0
14,145,0
49,94,9.9
85,158,0
179,161,9.9
22,111,9.9
185,51,9.9
117,201,0
84,5,0
18,64,0
98,51,9.9
132,139,9.9
133,96,0
46,96,0
6,154,0
195,16,0
155,183,0
118,91,0
131,14,0
165,129,0
74,191,0
69,77,0
56,8,9.9
180,48,9.9
194,161,0
160,131,9.9
162,164,0
13,62,9.9
89,146,9.9
149,160,9.9
17,153,0
18,185,9.9
6,129,0
84,128,9.9
16,174,0
198,87,9.9
34,94,9.9
141,132,9.9
129,96,9.9
169,106,9.9
134,98,0
83,186,0
23,48,9.9
29,57,9.9
5,167,0
103,25,9.9
70,178,0
31,114,9.9
148,48,0
37,69,0
100,165,9.9
141,105,9.9
4,98,9.9
40,85,0
129,37,0
174,100,9.9
128,135,0
81,189,9.9
82,95,9.9
123,95,0
17,41,0
188,79,0
139,171,0
106,80,0
71,66,9.9
47,135,0
181,102,9.9
146,125,9.9
145,107,0
23,194,9.9
135,88,0
68,88,9.9
143,165,9.9
156,177,0
18,27,0
181,28,9.9
38,135,9.9
169,5,0
61,96,9.9
8,126,0
97,88,9.9
62,167,0
141,112,0
133,25,0
130,99,9.9
158,40,9.9
87,162,0
142,162,9.9
104,2,0
124,126,9.9
187,133,0
72,97,0
61,31,9.9
117,128,9.9
7,87,0
153,85,0
163,99,9.9
173,40,9.9
55,190,9.9
9,173,9.9
13,91,9.9
173,52,9.9
111,26,0
146,198,9.9
163,20,9.9
4,172,0
60,125,0
117,184,9.9
78,50,0
193,56,9.9
95,143,0
177,135,9.9
197,48,9.9
156,111,9.9
36,143,9.9
113,93,0
189,113,9.9
40,191,9.9
56,71,0
40,147,0
26,174,9.9
55,51,0
119,13,9.9
43,49,0
67,60,0
97,90,9.9
82,184,0
199,29,9.9
98,133,0
178,21,0
40,167,0
36,53,9.9
198,61,9.9
191,49,0
153,72,9.9
133,95,9.9
46,50,0
169,63,0
18,134,9.9
176,44,9.9
78,94,0
149,195,0
3,161,0
97,99,9.9
125,58,0
98,88,0
175,44,9.9
49,16,9.9
78,184,9.9
180,196,0
38,134,9.9
153,24,0
91,196,0
54,117,9.9
166,120,0
101,73,0
28,34,0
114,125,0
35,154,0
78,86,9.9
174,12,0
124,18,0
165,50,0
29,89,0
198,26,0
194,87,0
46,87,0
122,50,0
44,98,0
25,1,0
16,34,0
89,139,0
24,184,9.9
136,153,0
194,90,9.9
57,188,9.9
79,112,0
50,171,0
190,120,0
163,55,9.9
149,176,0
2,113,0
158,18,9.9
127,0,0
120,119,9.9
109,0,0
189,64,9.9
102,79,0
59,182,9.9
37,187,9.9
158,66,0
55,46,0
133,140,0
11,71,9.9
161,25,9.9
151,34,0
195,168,9.9
0,60,0
126,160,9.9
127,178,9.9
148,101,0
65,113,9.9
149,174,9.9
95,5,9.9
29,40,0
189,74,9.9
83,99,0
160,67,0
133,125,9.9
140,154,9.9
154,123,9.9
135,49,9.9
190,162,0
180,127,0
89,76,0
84,184,0
55,57,9.9
181,73,9.9
80,111,0
146,49,9.9
103,59,9.9
179,102,0
172,2,0
143,23,9.9
137,182,0
185,198,0
60,113,9.9
173,101,0
195,91,9.9
125,96,0
136,104,9.9
38,60,9.9
75,121,9.9
29,155,9.9
88,142,0
37,10,0
23,97,9.9
131,138,0
87,69,0
107,67,9.9
167,10,9.9
34,198,0
82,39,0
40,96,9.9
39,199,0
100,8,9.9
86,29,0
64,49,9.9
147,48,0
130,32,0
46,0,0
175,41,0
198,133,9.9
73,188,9.9
138,188,9.9
128,136,0
98,105,9.9
144,95,9.9
182,7,0
50,200,0
42,177,0
35,56,0
3,142,0
119,144,9.9
146,26,9.9
132,171,0
131,123,9.9
180,186,9.9
181,23,9.9
108,114,0
93,167,9.9
41,199,0
177,12,0
184,137,0
182,56,0
140,190,0
172,186,9.9
23,139,0
10,107,9.9
182,58,0
168,106,9.9
159,107,9.9
103,54,0
157,168,9.9
115,41,9.9
157,164,9.9
117,10,9.9
171,109,9.9
153,20,9.9
1,196,9.9
5,161,0
92,97,9.9
122,177,0
39,12,0
176,97,9.9
5,116,9.9
74,126,9.9
97,164,0
159,155,0
161,158,9.9
63,21,9.9
44,121,0
194,100,9.9
71,42,0
66,127,9.9
160,172,0
80,0,0
194,125,9.9
199,157,9.9
57,197,9.9
25,190,9.9
57,2,0
179,123,9.9
169,66,9.9
42,67,0
155,4,0
84,12,9.9
130,186,0
81,4,0
6,194,9.9
99,58,9.9
141,199,9.9
47,66,9.9
91,118,0
153,129,0
87,32,9.9
16,149,0
77,47,0
19,187,0
57,124,9.9
114,130,0
155,195,9.9
101,8,9.9
30,119,0
46,91,0
115,167,9.9
39,36,9.9
177,8,0
98,78,9.9
16,123,9.9
158,105,9.9
182,115,9.9
8,114,0
62,108,0
165,23,9.9
135,35,9.9
127,129,0
199,172,0
95,190,0
196,121,0
69,127,0
177,137,0
44,106,0
95,22,0
34,102,0
199,6,9.9
56,159,0
168,107,0
110,90,9.9
141,160,9.9
87,136,0
112,9,0
118,37,9.9
113,70,0
9,112,0
62,80,0
44,5,0
142,159,9.9
139,166,9.9
97,157,0
30,5,0
98,119,9.9
132,62,9.9
138,192,9.9
34,91,9.9
171,15,0
104,167,9.9
128,34,9.9
1,109,0
58,29,0
70,162,0
142,188,0
13,75,9.9
42,107,0
74,187,9.9
55,21,9.9
92,62,0
0,58,0
104,45,9.9
120,42,9.9
134,50,9.9
188,190,9.9
95,138,0
150,104,0
174,28,0
175,154,0
29,68,0
88,133,9.9
85,152,0
98,39,9.9
98,152,0
176,120,0
40,11,0
126,132,0
96,129,0
157,200,0
132,56,0
146,128,9.9
115,150,0
166,34,0
52,75,9.9
153,116,9.9
70,29,9.9
37,118,0
121,121,9.9
146,113,9.9
171,72,9.9
38,114,9.9
109,133,0
134,39,9.9
87,197,9.9
88,50,0
92,170,9.9
130,151,9.9
86,199,0
48,155,9.9
73,35,0
149,44,9.9
53,108,9.9
16,89,0
77,11,0
64,94,9.9
135,4,0
92,197,9.9
113,104,0
62,39,0
197,187,0
75,162,0
16,190,9.9
95,112,0
118,78,9.9
148,36,0
15,183,9.9
85,198,9.9
184,28,9.9
125,56,0
109,159,0
110,189,9.9
89,112,9.9
0,152,0
2,140,0
86,130,0
118,38,9.9
50,56,9.9
98,176,9.9
26,130,0
4,135,9.9
152,120,9.9
152,16,9.9
193,103,9.9
56,15,9.9
185,91,9.9
74,113,9.9
12,79,0
147,191,0
35,43,9.9
96,73,0
70,127,0
50,195,9.9
117,141,9.9
27,156,9.9
132,138,0
173,8,0
190,193,9.9
135,120,9.9
36,117,9.9
39,115,0
73,61,0
75,55,9.9
93,153,0
179,98,0
23,200,0
118,117,0
2,40,9.9
99,18,0
124,103,0
124,158,9.9
123,121,0
105,100,9.9
164,147,9.9
179,59,9.9
172,103,0
6,128,0
83,60,0
9,157,9.9
7,80,0
121,11,0
37,130,0
90,143,9.9
55,156,0
121,65,0
3,171,9.9
121,21,0
44,148,0
60,71,0
83,55,0
141,79,0
109,152,0
65,166,0
179,4,0
76,197,0
95,36,0
65,54,0
184,122,0
139,169,0
67,127,9.9
80,131,0
134,25,0
11,33,0
37,179,9.9
157,135,9.9
67,113,9.9
109,61,9.9
25,169,9.9
83,161,9.9
140,164,0
2,124,0
57,8,0
120,18,9.9
88,194,0
145,140,0
192,90,0
152,47,9.9
180,6,0
140,142,9.9
199,114,0
161,140,9.9
75,62,9.9
178,37,0
7,35,0
121,39,9.9
138,54,0
173,23,9.9
51,46,0
10,181,9.9
40,76,0
22,96,0
123,193,0
171,150,0
81,87,9.9
21,90,0
105,196,9.9
94,199,9.9
156,83,0
127,148,0
47,193,9.9
81,130,9.9
21,173,9.9
95,79,0
135,166,0
151,160,9.9
12,129,0
79,11,9.9
19,45,0
21,159,9.9
34,183,0
17,161,0
141,171,0
124,36,9.9
142,193,0
107,21,0
20,98,9.9
41,95,0
42,184,9.9
160,36,9.9
83,14,0
35,124,0
182,143,9.9
7,16,9.9
80,93,0
185,21,9.9
154,40,9.9
38,85,9.9
42,27,0
135,76,9.9
177,174,9.9
149,0,9.9
119,83,9.9
146,163,0
188,136,9.9
164,18,9.9
67,28,0
104,192,0
45,122,0
33,105,9.9
15,107,9.9
22,2,0
90,196,9.9
69,13,9.9
197,13,9.9
172,124,0
111,69,0
7,4,9.9
120,98,9.9
77,122,9.9
196,103,0
75,129,0
192,151,0
42,132,9.9
189,156,0
48,61,0
64,89,0
80,116,0
144,183,9.9
186,141,0
107,172,9.9
90,31,9.9
74,87,9.9
65,79,9.9
55,36,9.9
141,126,9.9
63,69,9.9
35,59,0
122,174,9.9
119,14,9.9
193,185,0
88,92,0
187,75,9.9
93,199,0
141,101,9.9
29,164,0
163,17,0
63,6,9.9
145,42,9.9
91,139,9.9
49,123,9.9
151,57,0
169,19,9.9
151,175,9.9
30,50,0
13,44,0
146,120,0
122,173,9.9
20,48,0
119,80,9.9
73,107,0
4,142,0
23,127,9.9
83,87,9.9
158,177,9.9
126,47,9.9
175,172,0
5,3,9.9
165,30,9.9
3,7,9.9
154,175,0
22,20,9.9
55,195,0
106,153,0
103,154,9.9
47,148,0
89,75,9.9
10,118,9.9
90,189,0
149,18,9.9
197,102,0
78,125,0
179,37,0
67,53,9.9
172,33,9.9
69,97,0
116,163,0
32,4,0
153,44,0
80,167,9.9
33,0,9.9
51,89,0
125,192,9.9
114,152,9.9
60,46,9.9
59,17,0
78,174,0
86,105,9.9
118,65,9.9
41,200,0
156,78,0
93,12,0
152,9,0
45,187,0
156,80,0
141,50,9.9
2,16,9.9
104,39,9.9
154,122,0
70,72,9.9
169,107,0
28,72,9.9
84,152,9.9
192,132,9.9
137,79,0
96,2,9.9
86,3,0
196,168,0
66,169,9.9
72,201,0
58,22,0
68,67,9.9
47,133,9.9
55,176,9.9
65,160,0
12,169,9.9
69,1,9.9
191,52,0
138,8,0
85,60,0
77,64,9.9
63,191,0
117,118,0
120,140,0
118,127,9.9
14,44,9.9
77,182,9.9
127,167,9.9
39,29,9.9
161,177,9.9
27,56,0
99,131,9.9
177,157,0
7,139,0
189,178,0
115,90,9.9
159,10,0
129,117,9.9
11,31,0
196,122,9.9
123,74,9.9
7,127,0
41,110,0
1,63,0
137,88,9.9
123,47,0
190,189,0
57,31,9.9
127,171,0
175,200,0
170,77,0
140,60,0
65,141,0
106,144,9.9
6,79,0
171,123,9.9
19,95,0
127,5,9.9
128,5,9.9
147,142,0
87,194,0
129,191,0
88,30,0
108,191,9.9
69,33,0
34,35,9.9
62,74,0
51,91,9.9
129,168,0
115,193,0
98,118,0
64,177,0
143,41,9.9
29,159,9.9
45,67,0
36,172,9.9
91,105,0
147,93,9.9
149,19,9.9
1,199,9.9
102,7,0
83,106,9.9
198,123,0
62,159,0
31,44,9.9
194,81,9.9
165,195,9.9
45,37,0
40,178,0
41,192,9.9
170,71,0
72,25,0
165,128,9.9
76,29,9.9
114,32,9.9
194,102,0
36,113,0
126,27,9.9
128,123,9.9
157,122,0
86,165,0
3,23,0
47,158,9.9
150,113,0
186,92,0
82,181,9.9
35,31,9.9
102,77,0
44,165,9.9
20,172,0
130,177,0
186,124,9.9
57,104,0
49,158,9.9
169,10,0
18,183,0
87,137,0
99,195,9.9
21,171,0
189,45,0
141,133,0
50,107,9.9
125,146,9.9
117,28,0
132,94,0
171,1,9.9
96,82,0
8,88,9.9
26,85,9.9
153,7,0
105,168,9.9
165,181,0
133,17,0
18,89,0
55,162,9.9
112,119,9.9
167,193,9.9
69,23,0
135,157,0
119,46,9.9
27,10,9.9
62,12,0
81,169,0
107,121,9.9
53,61,0
38,21,9.9
126,32,9.9
89,129,9.9
163,167,9.9
156,57,9.9
127,179,0
43,151,0
51,20,0
153,134,0
193,156,9.9
32,31,0
30,125,0
58,78,9.9
191,89,0
26,82,9.9
115,132,9.9
2,111,0
24,40,9.9
76,6,0
24,157,0
108,115,9.9
4,133,9.9
18,194,0
180,156,9.9
13,169,9.9
125,186,0
143,12,0
13,156,9.9
81,104,9.9
58,92,9.9
129,50,9.9
84,89,0
91,89,0
35,76,9.9
26,78,9.9
125,84,9.9
180,100,9.9
7,20,9.9
35,4,9.9
59,141,0
33,134,0
17,6,9.9
178,168,0
142,71,9.9
177,120,9.9
15,200,9.9
158,114,9.9
108,82,0
158,192,9.9
8,138,9.9
165,5,0
44,79,9.9
111,111,9.9
142,133,9.9
8,186,9.9
192,102,0
139,63,0
133,36,0
24,105,0
100,180,0
119,174,9.9
100,4,0
170,124,0
168,148,9.9
151,162,9.9
88,121,0
187,78,0
68,61,9.9
128,116,0
156,16,9.9
42,2,0
139,44,9.9
107,102,9.9
161,42,0
136,25,9.9
84,45,0
2,99,0
76,137,0
69,41,9.9
105,19,0
174,164,0
20,46,9.9
117,36,9.9
23,62,9.9
164,144,0
92,4,9.9
197,123,9.9
120,6,9.9
115,52,9.9
114,99,9.9
96,126,9.9
163,170,9.9
175,67,0
86,22,9.9
43,63,0
30,90,0
124,194,9.9
75,24,9.9
42,164,0
112,200,0
115,68,9.9
190,24,9.9
18,171,9.9
146,199,0
133,128,9.9
192,57,0
166,175,9.9
49,67,9.9
111,67,0
44,153,0
140,197,9.9
99,107,0
10,122,0
81,168,0
124,180,9.9
56,200,0
13,173,9.9
35,149,9.9
80,99,9.9
44,152,9.9
112,14,9.9
65,11,9.9
154,176,0
61,66,0
98,85,9.9
72,160,9.9
79,96,9.9
58,9,9.9
110,188,9.9
149,143,0
9,66,0
8,161,0
129,116,0
105,158,9.9
40,113,0
127,169,9.9
127,177,0
119,106,9.9
120,113,9.9
26,65,0
149,96,9.9
132,74,9.9
2,70,0
12,84,9.9
103,135,9.9
96,161,0
150,139,0
146,72,9.9
66,176,9.9
96,7,9.9
197,3,0
181,71,9.9
12,143,0
26,165,9.9
104,23,0
78,136,0
30,97,0
60,54,9.9
39,16,0
119,34,0
162,125,0
39,176,9.9
199,174,9.9
50,186,0
38,46,9.9
34,87,9.9
16,41,0
77,190,0
52,193,0
32,126,9.9
131,88,9.9
124,185,9.9
136,142,9.9
97,200,9.9
50,118,0
166,141,9.9
185,55,0
162,35,0
100,88,9.9
1,13,9.9
59,54,0
124,124,9.9
25,201,9.9
136,183,0
136,0,0
168,37,0
188,85,9.9
178,149,9.9
176,108,0
165,171,0
192,11,0
84,142,9.9
2,18,9.9
85,62,9.9
175,177,0
66,1,9.9
49,73,9.9
63,1,0
134,33,0
17,142,0
76,82,0
79,190,9.9
123,46,9.9
42,170,9.9
139,87,0
104,87,0
116,104,0
147,140,9.9
38,22,9.9
152,167,9.9
26,23,9.9
41,181,0
55,107,9.9
13,181,9.9
190,125,0
54,192,9.9
16,160,0
102,128,0
174,170,0
25,153,0
193,57,0
190,35,0
147,153,0
94,11,9.9
105,103,9.9
141,29,0
17,178,9.9
49,152,9.9
29,95,9.9
46,67,0
178,44,0
5,84,9.9
1,146,9.9
10,40,9.9
54,179,0
106,78,9.9
197,184,9.9
87,97,9.9
165,183,0
7,134,9.9
48,146,9.9
60,55,0
151,198,9.9
77,104,0
33,71,9.9
50,76,9.9
21,106,0
131,61,0
193,3,0
84,92,0
16,159,9.9
166,90,0
49,143,0
178,62,0
21,116,9.9
170,16,9.9
99,77,0
171,29,0
60,66,0
33,67,0
135,93,0
55,94,9.9
134,7,9.9
15,162,9.9
125,189,9.9
73,74,0
69,51,9.9
186,168,0
61,145,9.9
94,1,0
162,182,9.9
127,112,9.9
196,20,9.9
149,86,9.9
132,151,0
70,148,9.9
26,156,0
17,145,9.9
152,12,9.9
90,160,9.9
172,159,9.9
185,109,9.9
11,129,0
76,47,9.9
181,24,9.9
32,173,0
111,129,9.9
175,201,9.9
73,192,9.9
178,179,0
131,44,9.9
183,109,9.9
66,152,9.9
140,19,0
47,53,0
154,44,9.9
184,157,9.9
88,2,9.9
96,152,0
33,51,9.9
171,127,0
162,81,9.9
71,191,9.9
189,110,9.9
186,49,9.9
49,139,9.9
181,30,9.9
193,126,0
143,33,0
180,170,9.9
51,98,9.9
42,0,0
92,146,0
46,150,0
142,114,0
173,86,9.9
192,54,9.9
98,71,0
76,116,9.9
102,47,9.9
3,156,9.9
5,93,0
50,89,0
82,150,9.9
54,90,0
29,172,9.9
59,102,9.9
127,124,9.9
73,128,0
188,51,9.9
118,25,9.9
173,51,9.9
56,87,0
166,189,0
86,201,9.9
75,109,0
97,193,0
168,190,0
118,166,9.9
35,117,0
20,76,0
100,9,0
136,22,0
60,65,9.9
43,136,0
100,77,0
184,51,0
100,108,0
140,98,9.9
148,25,9.9
98,92,9.9
146,131,9.9
136,27,0
172,118,9.9
0,136,9.9
80,181,0
95,57,9.9
199,109,0
138,18,9.9
111,16,9.9
101,158,9.9
139,91,9.9
44,69,0
24,20,0
97,81,0
23,177,0
58,8,9.9
141,53,0
198,0,0
148,31,9.9
159,96,0
113,3,0
104,191,9.9
187,77,0
108,198,9.9
1,168,0
14,146,0
168,81,9.9
99,152,0
194,46,9.9
141,1,9.9
183,17,9.9
48,80,0
177,121,9.9
62,22,0
60,110,9.9
115,143,0
7,84,0
90,83,9.9
6,167,0
94,29,9.9
39,107,9.9
193,123,9.9
181,17,9.9
22,1,0
166,174,9.9
92,136,0
60,44,0
81,70,9.9
30,152,0
110,113,9.9
191,157,9.9
91,4,9.9
9,60,9.9
23,166,0
179,134,9.9
90,177,9.9
188,194,9.9
7,144,9.9
11,133,9.9
76,181,0
194,182,9.9
107,162,9.9
53,13,0
17,100,0
97,127,0
110,69,0
83,86,9.9
25,26,9.9
153,31,9.9
168,152,9.9
88,160,9.9
167,9,9.9
160,112,0
64,141,9.9
100,11,0
58,49,9.9
161,198,0
113,111,0
161,88,0
93,185,9.9
74,154,9.9
1,132,0
92,98,9.9
77,109,0
165,187,0
46,134,9.9
107,125,9.9
141,190,0
29,131,9.9
17,105,0
34,182,0
4,2,0
49,167,0
115,160,9.9
20,147,9.9
55,110,9.9
135,173,9.9
11,149,0
169,58,0
194,23,9.9
163,32,9.9
0,121,9.9
61,117,0
16,97,0
6,114,0
10,141,9.9
5,8,9.9
93,148,9.9
199,169,0
180,54,0
152,135,9.9
4,0,9.9
13,35,0
41,54,9.9
157,159,9.9
4,111,9.9
167,38,0
54,21,0
126,46,9.9
49,155,9.9
4,60,0
84,121,9.9
159,36,0
105,93,0
61,104,9.9
56,100,9.9
76,30,9.9
96,0,9.9
122,145,9.9
193,42,9.9
171,173,0
83,15,9.9
61,22,0
87,25,9.9
56,59,9.9
56,65,0
124,55,9.9
172,123,0
145,16,9.9
28,114,9.9
157,38,9.9
128,20,9.9
27,196,0
116,59,0
11,54,9.9
33,183,0
124,16,9.9
165,89,9.9
75,56,9.9
123,27,9.9
52,82,0
124,116,0
52,100,9.9
58,131,0
198,134,9.9
182,12,0
128,153,0
123,55,9.9
102,177,9.9
108,175,0
159,62,0
193,194,0
143,97,0
102,68,0
108,65,9.9
141,22,9.9
31,1,9.9
112,187,9.9
15,67,9.9
93,22,0
76,86,0
105,60,0
130,103,9.9
103,111,9.9
67,68,9.9
69,12,0
157,21,9.9
118,107,0
145,75,0
51,176,9.9
60,75,0
61,28,9.9
63,74,0
70,175,9.9
16,61,9.9
171,177,0
166,106,0
121,163,9.9
116,189,0
56,52,9.9
72,81,9.9
127,186,0
126,126,9.9
95,76,9.9
28,92,9.9
17,107,9.9
106,21,9.9
75,89,9.9
72,66,9.9
122,129,0
170,112,0
105,192,0
132,141,0
18,175,9.9
176,151,9.9
64,164,0
158,83,9.9
55,123,0
105,191,9.9
170,174,0
151,199,9.9
52,24,0
24,163,9.9
123,31,9.9
122,16,9.9
184,61,9.9
9,200,9.9
56,171,0
162,198,0
149,12,0
84,168,9.9
75,180,0
165,71,9.9
141,116,9.9
37,17,0
158,75,9.9
164,197,0
12,33,0
9,148,9.9
75,172,0
3,184,0
119,160,0
140,174,0
38,5,9.9
151,46,9.9
141,7,9.9
43,194,9.9
70,193,9.9
166,93,0
192,194,9.9
51,118,0
146,101,9.9
37,147,9.9
112,108,9.9
2,105,0
10,152,0
129,91,9.9
151,77,9.9
194,157,0
38,54,9.9
82,163,9.9
75,185,0
88,60,0
156,9,9.9
6,21,9.9
32,159,9.9
126,123,0
189,71,9.9
22,141,0
130,3,9.9
32,146,0
185,73,0
67,109,0
93,82,0
136,171,9.9
187,47,9.9
154,116,9.9
4,71,0
72,10,9.9
13,64,0
93,39,9.9
117,39,0
156,58,9.9
63,157,0
145,59,0
54,8,9.9
50,143,9.9
26,193,0
106,175,9.9
11,16,0
132,51,0
95,100,0
0,52,0
12,161,9.9
190,71,9.9
132,176,9.9
161,172,0
136,74,0
45,64,9.9
74,189,9.9
128,128,0
123,177,9.9
31,181,9.9
5,119,0
158,200,9.9
80,154,0
131,85,9.9
100,183,0
76,154,0
148,162,9.9
4,175,9.9
132,165,9.9
161,123,9.9
83,23,0
40,180,0
130,198,9.9
59,80,0
35,121,9.9
164,39,9.9
133,20,0
36,173,0
130,13,9.9
161,162,0
126,29,0
9,118,0
28,5,0
128,175,0
82,17,0
25,41,0
182,144,9.9
190,174,0
103,129,0
183,140,0
194,39,0
22,192,9.9
129,21,0
61,23,0
199,30,9.9
65,91,9.9
127,13,0
192,112,9.9
156,88,9.9
85,63,9.9
60,189,9.9
171,117,0
115,198,0
172,52,0
139,137,9.9
190,43,9.9
93,132,0
3,138,0
177,68,0
112,123,0
69,198,9.9
144,51,9.9
130,146,9.9
160,23,0
197,80,0
111,145,9.9
54,95,9.9
62,125,9.9
80,201,9.9
17,160,9.9
134,141,9.9
94,189,9.9
33,155,9.9
118,149,9.9
78,143,0
41,114,9.9
92,79,9.9
121,201,9.9
94,149,0
170,49,0
193,21,0
189,159,9.9
158,199,0
26,46,9.9
172,72,0
109,192,0
158,158,9.9
108,121,0
137,58,9.9
98,135,0
32,15,9.9
11,169,0
45,59,9.9
84,83,0
136,68,0
31,77,0
57,71,9.9
174,94,0
56,57,9.9
58,171,0
77,81,0
66,90,0
163,64,0
89,142,0
156,152,9.9
142,11,9.9
157,106,0
42,143,9.9
118,13,0
128,186,9.9
111,121,0
75,175,0
61,192,0
119,10,0
174,127,9.9
180,69,9.9
88,180,0
176,112,9.9
62,197,0
103,193,0
7,65,9.9
179,155,0
140,29,0
176,20,0
105,101,0
133,169,9.9
92,119,9.9
56,38,9.9
142,199,0
2,185,9.9
157,5,0
171,5,0
139,136,0
81,183,9.9
34,173,0
97,187,0
55,49,9.9
5,52,9.9
89,99,9.9
144,170,9.9
177,91,0
126,73,9.9
112,12,9.9
105,121,9.9
25,63,0
135,89,9.9
5,166,9.9
190,89,0
74,167,9.9
155,108,9.9
194,7,9.9
63,127,0
52,174,0
113,8,0
195,81,9.9
155,173,0
168,132,9.9
148,2,9.9
149,28,0
112,105,0
120,41,9.9
55,74,9.9
16,56,9.9
10,7,9.9
160,159,9.9
33,184,9.9
177,89,0
187,119,9.9
163,14,0
58,26,0
127,120,0
1,46,9.9
176,113,9.9
70,104,9.9
164,120,9.9
80,63,0
90,54,0
25,5,9.9
162,142,9.9
80,109,0
68,31,0
97,161,0
35,186,0
114,45,9.9
22,139,9.9
184,74,9.9
152,200,0
165,56,9.9
131,98,9.9
5,131,9.9
80,85,9.9
162,37,9.9
85,101,9.9
0,160,9.9
53,182,0
106,87,0
112,40,0
116,86,9.9
155,148,0
4,17,0
41,146,0
137,37,0
64,119,9.9
107,28,0
78,122,0
198,97,0
149,4,0
155,174,0
83,43,0
170,180,0
184,12,9.9
0,29,0
31,47,0
185,33,0
195,77,0
26,163,0
118,103,9.9
65,39,9.9
3,61,9.9
197,97,0
174,79,0
105,65,9.9
49,161,9.9
177,196,0
52,112,0
194,175,9.9
85,132,0
179,122,9.9
68,144,9.9
84,19,0
35,74,0
118,70,9.9
197,146,9.9
68,129,9.9
64,193,9.9
177,14,0
96,127,0
121,90,9.9
13,165,9.9
5,196,0
129,185,9.9
90,62,0
98,43,0
104,101,9.9
146,70,9.9
37,161,0
55,12,9.9
125,119,9.9
53,164,0
67,44,0
30,71,9.9
7,50,9.9
34,188,9.9
126,90,9.9
179,106,0
1,144,0
49,20,9.9
155,13,0
95,136,9.9
183,114,0
16,101,0
177,45,0
81,89,0
138,106,9.9
18,73,0
109,106,9.9
17,146,0
166,176,0
38,103,0
30,122,9.9
16,10,9.9
136,144,9.9
24,102,9.9
0,188,9.9
49,58,9.9
171,82,0
50,28,0
136,196,0
83,24,0
176,37,9.9
76,134,9.9
71,117,0
125,152,0
49,106,9.9
161,13,0
186,28,9.9
54,111,9.9
96,165,0
99,63,9.9
151,176,9.9
3,45,0
159,109,9.9
21,51,9.9
136,39,0
146,187,9.9
2,36,9.9
122,184,9.9
74,4,0
180,174,9.9
168,31,0
107,181,9.9
135,143,0
126,49,9.9
105,108,9.9
86,18,0
148,158,0
0,123,9.9
75,179,9.9
141,72,0
79,104,9.9
67,37,0
39,69,0
16,126,9.9
42,90,0
187,132,0
34,8,0
37,136,9.9
125,126,0
163,147,9.9
29,66,9.9
27,167,0
142,122,9.9
193,62,9.9
129,181,0
157,28,0
190,200,9.9
151,196,0
169,148,0
110,0,0
154,46,9.9
43,159,9.9
132,143,9.9
79,15,0
46,86,0
81,3,0
159,77,9.9
31,123,9.9
150,192,0
22,128,9.9
8,123,9.9
141,139,0
164,160,0
71,149,0
10,37,9.9
172,200,9.9
71,28,0
163,144,9.9
12,153,9.9
134,72,0
179,40,0
187,122,9.9
158,185,9.9
188,28,9.9
14,142,9.9
132,178,0
82,155,9.9
68,11,9.9
126,65,9.9
118,87,9.9
128,78,0
71,22,9.9
4,68,9.9
100,161,9.9
179,51,9.9
181,144,0
14,147,9.9
66,59,9.9
134,187,9.9
8,36,9.9
150,176,9.9
9,54,9.9
120,33,0
53,160,0
76,46,9.9
162,76,0
108,54,9.9
5,66,0
130,73,9.9
23,76,9.9
158,16,9.9
10,10,0
53,12,0
136,49,9.9
0,70,0
138,177,0
38,16,9.9
131,200,9.9
145,81,9.9
193,58,0
193,158,0
174,152,9.9
121,29,9.9
38,98,9.9
126,7,9.9
0,193,0
176,104,0
77,18,9.9
133,3,9.9
169,20,9.9
121,131,0
57,148,0
163,77,9.9
79,69,0
35,82,0
137,148,9.9
104,127,9.9
57,88,9.9
195,182,9.9
161,14,0
97,147,0
8,201,9.9
147,38,9.9
130,141,0
69,194,0
185,197,0
76,83,0
20,100,9.9
123,201,9.9
66,188,0
92,60,0
15,64,9.9
130,70,9.9
185,27,0
73,132,0
80,195,9.9
71,39,0
5,192,0
0,36,9.9
160,181,9.9
156,92,9.9
160,13,9.9
34,180,0
124,117,9.9
70,150,9.9
13,42,9.9
1,141,0
17,157,9.9
30,42,0
16,155,9.9
89,41,9.9
88,161,9.9
65,59,9.9
30,126,0
144,47,9.9
62,133,9.9
134,16,0
105,161,9.9
40,164,0
21,27,0
175,105,0
67,47,9.9
143,21,0
155,34,0
37,0,9.9
154,137,9.9
24,1,0
25,124,0
143,9,0
87,123,0
78,3,9.9
75,131,0
131,153,0
109,5,0
31,146,9.9
197,41,0
48,73,0
193,77,0
117,81,9.9
50,80,0
4,153,0
25,67,9.9
45,55,0
167,147,9.9
37,195,0
4,50,9.9
16,117,9.9
122,85,9.9
82,113,0
186,122,9.9
175,6,0
86,81,9.9
52,138,0
148,71,0
115,192,0
180,201,0
144,75,0
148,94,0
49,119,0
137,95,0
101,36,0
8,165,9.9
66,25,0
25,82,0
187,157,0
84,163,0
193,52,0
81,97,9.9
31,40,0
109,70,0
124,15,9.9
100,17,9.9
22,23,0
17,17,0
42,160,9.9
86,154,9.9
97,132,9.9
162,36,0
81,19,9.9
109,32,9.9
106,165,0
144,130,9.9
175,71,0
64,197,0
158,159,0
106,155,0
52,158,0
113,63,0
183,122,0
129,115,0
156,33,9.9
32,103,0
135,127,9.9
91,69,0
145,168,9.9
63,143,9.9
120,174,0
167,40,0
93,43,0
55,121,9.9
145,123,9.9
74,42,9.9
132,119,0
86,163,9.9
93,27,0
58,40,0
159,137,0
31,48,0
134,156,9.9
114,21,9.9
155,7,0
145,62,0
83,136,0
172,84,9.9
59,58,9.9
50,126,0
182,168,9.9
133,103,9.9
178,109,9.9
161,37,0
65,148,9.9
52,140,9.9
68,142,9.9
153,17,0
27,117,0
197,51,9.9
82,24,0
121,116,9.9
18,122,9.9
116,129,0
120,74,0
44,76,9.9
28,99,9.9
132,24,9.9
64,137,0
182,82,0
72,28,0
61,132,0
186,147,0
86,1,0
180,120,0
134,49,0
168,129,9.9
29,15,9.9
103,173,0
74,168,0
14,106,0
171,136,0
148,53,9.9
141,70,0
29,12,0
157,182,9.9
141,75,0
168,142,0
180,102,0
167,129,0
9,26,9.9
107,2,0
54,61,0
117,86,0
36,137,0
4,159,0
23,137,9.9
176,115,9.9
134,176,9.9
136,14,9.9
92,135,0
183,127,0
145,41,9.9
37,165,0
10,129,9.9
97,123,9.9
6,157,0
162,98,0
68,133,0
103,56,9.9
160,83,9.9
158,191,9.9
175,50,9.9
180,183,0
42,21,0
130,189,9.9
81,31,0
11,6,9.9
145,193,9.9
42,140,9.9
29,28,9.9
71,156,0
101,132,9.9
84,59,9.9
115,142,9.9
197,139,9.9
43,55,0
80,129,0
24,60,0
181,95,9.9
79,103,9.9
39,113,9.9
84,67,0
164,166,0
107,185,0
86,135,9.9
110,58,0
168,49,9.9
95,67,0
49,68,9.9
100,139,9.9
123,190,9.9
186,105,9.9
30,181,9.9
174,184,0
188,34,9.9
180,145,0
170,127,9.9
70,68,9.9
125,147,0
127,162,0
134,155,0
39,14,9.9
141,128,0
154,195,0
72,61,0
119,129,0
125,1,0
62,148,0
176,34,9.9
124,92,9.9
149,130,9.9
110,139,0
45,47,0
84,161,9.9
39,110,9.9
51,174,9.9
98,67,9.9
3,14,0
190,84,0
44,20,0
177,112,0
176,125,9.9
180,165,0
131,119,9.9
66,145,9.9
95,92,9.9
157,138,0
110,34,0
158,148,0
140,58,9.9
188,99,9.9
123,189,9.9
161,41,9.9
24,194,9.9
192,77,0
153,39,9.9
47,173,9.9
36,86,0
183,102,0
147,198,0
79,26,9.9
118,116,0
174,174,9.9
188,139,9.9
55,126,0
45,63,0
29,67,9.9
146,81,0
27,148,0
6,29,0
102,61,0
131,162,0
14,192,0
90,82,9.9
7,72,0
177,104,9.9
79,68,9.9
50,191,0
184,125,0
137,140,9.9
9,106,0
85,16,0
177,173,9.9
0,88,9.9
15,184,0
68,54,0
25,68,0
192,91,0
153,180,0
146,195,9.9
99,176,9.9
121,198,9.9
111,103,0
162,19,0
66,7,0
125,201,9.9
174,57,0
34,195,0
127,99,9.9
160,143,0
113,199,0
82,32,0
100,6,9.9
74,68,9.9
94,141,0
173,102,0
81,20,9.9
140,120,0
112,0,9.9
141,85,0
168,82,0
3,84,9.9
1,158,0
47,126,0
59,137,9.9
135,129,0
194,111,9.9
106,149,0
153,42,0
191,2,0
69,83,9.9
91,98,9.9
98,42,0
95,7,0
179,85,9.9
98,97,0
197,44,0
32,57,0
103,57,0
149,87,9.9
186,66,9.9
87,68,9.9
70,58,9.9
153,176,9.9
50,128,0
160,0,0
18,108,0
69,93,9.9
199,156,0
195,201,0
136,118,0
148,186,9.9
89,64,0
46,59,0
12,147,0
163,80,0
33,50,0
13,126,0
80,62,9.9
52,58,9.9
92,199,9.9
55,197,0
57,33,9.9
193,182,9.9
36,47,9.9
37,145,0
71,121,0
174,113,9.9
149,154,9.9
64,39,9.9
190,101,9.9
76,65,0
13,38,9.9
89,1,9.9
127,111,0
162,168,9.9
140,158,9.9
168,197,0
140,176,0
195,171,0
178,27,0
71,148,9.9
160,34,0
70,91,9.9
66,19,9.9
127,89,0
180,118,0
40,102,0
76,133,9.9
52,91,9.9
67,124,0
96,187,9.9
74,50,9.9
88,8,9.9
24,166,9.9
150,133,0
25,48,0
127,193,9.9
85,200,0
0,55,0
140,50,0
18,84,0
37,191,0
14,92,0
157,144,0
133,61,9.9
180,90,9.9
187,170,9.9
185,172,9.9
10,69,0
120,15,0
134,58,0
25,129,9.9
42,159,0
176,87,9.9
43,117,9.9
73,2,9.9
188,71,9.9
14,133,9.9
30,199,0
24,67,9.9
74,138,9.9
155,20,9.9
150,63,0
24,59,0
109,33,0
88,27,9.9
90,187,9.9
91,50,0
134,79,9.9
72,191,0
48,176,0
185,77,0
137,98,0
30,18,9.9
3,42,0
135,80,9.9
145,15,9.9
169,43,9.9
52,121,0
54,12,0
49,169,9.9
141,59,0
155,123,9.9
81,145,0
144,109,9.9
68,115,9.9
104,169,9.9
148,124,0
16,72,0
65,52,0
117,189,0
147,71,0
149,92,9.9
55,183,0
91,161,0
35,105,9.9
133,7,0
28,15,9.9
82,193,9.9
124,120,0
102,180,9.9
137,40,0
193,85,9.9
6,14,0
64,37,9.9
55,93,9.9
161,31,9.9
82,165,0
84,37,0
46,192,0
181,111,9.9
67,16,9.9
153,170,0
127,16,0
184,39,0
199,102,0
62,101,9.9
166,73,0
77,21,9.9
199,85,0
193,84,9.9
126,124,9.9
88,7,9.9
149,182,9.9
171,39,9.9
63,49,9.9
140,112,0
74,7,0
9,163,0
15,22,0
185,94,0
185,7,9.9
27,26,9.9
26,195,9.9
130,41,0
115,173,0
106,90,0
1,44,0
56,199,9.9
173,177,0
3,1,9.9
43,170,0
101,193,9.9
46,43,0
89,178,0
133,79,9.9
30,92,9.9
135,185,0
10,15,9.9
96,188,0
180,42,9.9
170,67,0
89,201,9.9
35,148,0
72,157,9.9
80,148,0
15,169,9.9
185,117,9.9
187,21,0
74,119,0
155,10,0
44,181,0
117,160,9.9
93,151,9.9
99,31,0
74,82,9.9
140,194,9.9
91,171,0
143,35,0
190,141,9.9
83,154,0
59,152,9.9
72,39,9.9
2,167,0
116,36,9.9
5,58,0
149,74,0
8,4,0
121,112,9.9
164,101,9.9
173,164,9.9
31,150,0
164,108,9.9
10,160,9.9
163,126,0
38,10,9.9
137,123,0
174,117,0
43,171,0
149,115,0
68,195,9.9
142,120,0
5,124,9.9
43,183,9.9
126,109,9.9
135,54,9.9
28,106,0
185,181,9.9
30,136,0
140,151,9.9
168,16,9.9
39,32,0
123,30,0
152,49,0
82,114,9.9
90,112,0
96,27,0
102,51,9.9
15,85,9.9
95,109,0
176,16,9.9
39,23,0
47,104,0
139,11,9.9
3,28,9.9
75,91,0
80,191,0
27,112,9.9
159,45,9.9
52,150,0
198,63,0
155,8,0
59,68,9.9
178,75,0
71,43,0
80,35,9.9
81,16,9.9
132,61,9.9
15,53,0
149,186,9.9
134,45,9.9
92,178,0
23,173,9.9
123,183,0
163,172,9.9
86,132,9.9
123,116,0
100,60,0
154,111,0
77,78,0
97,135,9.9
32,140,0
192,9,0
133,24,9.9
152,56,9.9
61,201,0
85,187,9.9
137,65,9.9
103,112,9.9
83,5,9.9
82,142,9.9
64,113,9.9
93,14,0
97,149,9.9
64,65,0
169,149,0
52,104,9.9
41,183,9.9
23,65,0
78,15,9.9
138,83,0
156,186,9.9
81,191,9.9
63,161,9.9
102,184,9.9
98,84,0
109,23,0
51,77,0
185,126,9.9
41,150,9.9
106,190,0
6,60,0
143,162,9.9
95,99,9.9
131,134,9.9
176,117,0
81,85,9.9
116,141,0
137,169,9.9
100,169,9.9
197,172,9.9
108,75,9.9
171,102,9.9
20,153,9.9
2,82,9.9
115,101,9.9
152,85,0
3,57,9.9
179,74,0
125,188,0
98,117,0
104,29,0
43,146,9.9
121,177,0
67,39,9.9
131,179,0
157,88,9.9
156,28,0
3,18,9.9
152,37,9.9
175,5,9.9
160,196,0
78,197,9.9
83,29,9.9
157,33,9.9
73,56,9.9
90,53,9.9
74,200,0
178,61,0
198,104,9.9
28,169,9.9
159,188,9.9
44,116,9.9
138,182,0
81,111,0
173,17,0
147,31,0
56,96,0
21,30,9.9
167,167,0
22,125,9.9
112,127,9.9
24,106,9.9
89,57,0
147,94,9.9
12,74,0
74,52,9.9
112,189,9.9
67,197,9.9
155,154,9.9
110,51,0
11,182,0
162,159,0
168,165,0
42,194,0
8,134,9.9
189,92,0
97,117,9.9
43,62,0
169,68,9.9
111,31,0
100,159,0
60,87,9.9
197,130,0
121,23,9.9
25,42,0
27,78,0
18,72,0
62,53,0
9,121,9.9
168,200,9.9
154,136,9.9
107,90,0
30,180,0
126,83,0
171,37,9.9
88,71,0
25,122,0
118,115,9.9
188,54,0
127,147,9.9
190,169,9.9
3,17,9.9
68,79,0
121,151,0
182,79,9.9
21,49,9.9
196,43,0
160,16,0
93,86,9.9
112,131,0
128,50,0
89,43,0
29,163,0
74,129,9.9
125,144,0
10,85,0
38,107,9.9
143,109,0
111,89,9.9
117,34,9.9
76,10,0
130,153,0
199,143,0
139,7,0
159,108,0
102,75,0
19,134,9.9
41,185,9.9
10,76,9.9
7,96,9.9
121,135,9.9
163,114,0
108,5,0
185,160,0
2,125,9.9
102,174,0
91,79,0
15,160,0
116,168,9.9
89,36,9.9
162,194,9.9
172,97,0
110,12,0
40,135,9.9
101,31,0
139,25,9.9
172,73,0
72,168,9.9
112,19,9.9
110,25,9.9
170,151,9.9
24,188,9.9
27,58,0
10,11,0
38,193,9.9
51,31,0
19,37,0
60,171,0
194,49,0
177,27,9.9
32,63,0
140,127,0
2,132,9.9
86,117,0
183,150,9.9
58,70,0
162,152,0
30,8,9.9
23,29,0
194,62,9.9
140,5,0
2,137,9.9
81,184,0
42,106,0
45,62,0
47,49,9.9
118,152,0
60,199,9.9
139,88,0
126,118,9.9
155,150,9.9
113,90,0
106,52,0
182,172,0
32,65,9.9
16,27,9.9
20,166,0
185,113,0
17,115,9.9
148,169,0
157,146,0
79,43,9.9
106,6,0
21,183,9.9
22,149,9.9
30,124,9.9
53,98,9.9
1,138,9.9
186,143,0
72,58,0
136,125,0
113,136,0
89,189,0
192,56,9.9
109,83,9.9
131,75,0
148,57,0
54,155,9.9
29,154,0
163,5,0
71,127,9.9
65,70,0
142,144,9.9
125,102,9.9
6,56,9.9
45,77,9.9
33,122,0
191,29,0
173,64,9.9
129,18,0
149,23,0
48,100,9.9
114,162,9.9
161,64,0
15,73,9.9
55,13,0
168,21,9.9
48,13,9.9
127,160,0
86,123,0
68,65,9.9
31,184,0
140,8,0
127,29,9.9
143,158,9.9
192,13,9.9
123,102,9.9
6,96,0
182,150,0
120,17,9.9
153,41,9.9
17,123,9.9
8,96,0
86,40,9.9
21,133,0
76,174,0
162,114,9.9
144,65,9.9
190,94,9.9
185,106,9.9
48,169,0
32,187,9.9
158,106,0
71,192,9.9
94,93,0
180,113,9.9
96,169,9.9
124,4,0
32,136,0
36,73,0
115,128,9.9
84,2,9.9
52,20,9.9
143,183,0
141,80,0
175,152,0
162,139,9.9
28,121,0
35,166,0
197,72,0
116,121,9.9
167,61,9.9
169,37,9.9
184,162,0
163,169,0
78,103,0
49,105,0
73,154,9.9
21,148,0
190,184,9.9
31,68,0
140,135,9.9
90,126,9.9
114,61,9.9
148,76,9.9
154,183,9.9
144,150,9.9
110,66,0
144,165,0
55,58,0
71,115,9.9
15,5,9.9
46,20,9.9
150,200,0
185,118,9.9
129,164,9.9
74,60,9.9
105,59,0
196,166,9.9
159,134,9.9
111,193,9.9
4,44,9.9
169,59,9.9
91,130,9.9
63,67,0
48,142,0
169,184,0
173,190,9.9
191,181,0
17,106,9.9
28,6,0
33,36,9.9
189,36,0
199,166,0
133,177,0
16,45,0
186,0,0
26,141,0
64,25,9.9
135,174,9.9
118,45,9.9
7,73,9.9
36,69,9.9
36,3,0
12,25,0
195,109,0
152,71,9.9
47,7,0
195,49,9.9
122,172,9.9
7,70,9.9
106,157,9.9
179,24,9.9
3,174,0
3,16,9.9
78,127,9.9
161,119,9.9
80,186,0
69,70,0
3,187,9.9
22,72,0
189,198,9.9
94,110,0
162,21,0
163,128,0
170,17,0
184,141,9.9
84,87,0
148,179,9.9
190,81,9.9
133,59,9.9
199,75,9.9
161,70,0
88,188,9.9
43,138,9.9
76,126,0
44,101,9.9
86,17,9.9
12,59,0
103,67,0
20,175,0
92,69,0
174,83,0
119,17,0
103,189,9.9
70,105,9.9
53,113,9.9
149,43,9.9
131,190,0
15,152,0
75,112,0
165,146,9.9
13,63,9.9
16,31,0
182,40,9.9
112,37,0
66,187,9.9
134,19,0
122,56,0
176,197,9.9
34,194,9.9
198,70,9.9
58,140,9.9
123,56,0
104,55,0
69,20,9.9
37,80,0
174,62,9.9
129,16,0
24,153,0
72,129,0
29,98,0
124,160,0
186,45,9.9
179,97,9.9
33,34,9.9
184,130,9.9
48,175,9.9
108,146,0
17,132,9.9
75,50,0
74,44,9.9
120,130,9.9
79,105,9.9
103,78,9.9
178,196,0
178,45,9.9
179,42,0
85,84,0
83,27,9.9
169,4,9.9
198,177,9.9
144,79,0
8,43,9.9
134,114,9.9
31,6,0
104,76,9.9
70,174,9.9
50,54,0
108,16,9.9
162,200,9.9
121,108,9.9
159,106,9.9
159,196,9.9
78,35,9.9
102,121,9.9
93,0,9.9
2,2,0
38,184,0
49,9,9.9
175,167,9.9
1,4,9.9
96,145,0
49,69,9.9
85,156,0
15,4,9.9
169,44,9.9
183,44,0
78,193,9.9
116,22,0
3,22,0
41,51,0
99,172,0
177,0,9.9
98,80,9.9
52,161,0
104,68,9.9
196,10,0
138,19,9.9
150,153,9.9
99,196,9.9
24,181,9.9
71,72,0
181,8,9.9
52,27,0
0,38,9.9
121,171,0
115,85,9.9
75,181,0
177,74,9.9
77,189,0
105,6,0
145,89,0
157,109,0
67,27,9.9
58,165,0
49,109,9.9
184,115,9.9
137,137,0
147,155,0
47,46,9.9
94,30,9.9
173,34,0
43,141,9.9
159,174,9.9
46,163,9.9
112,26,9.9
31,149,9.9
9,117,0
176,107,0
104,57,9.9
182,105,0
181,171,9.9
190,25,9.9
190,51,9.9
82,63,9.9
133,184,0
155,198,0
25,55,9.9
89,86,9.9
81,161,0
29,27,0
34,101,9.9
194,67,0
32,157,9.9
192,16,0
144,182,0
83,112,0
166,67,0
16,118,9.9
190,143,9.9
163,161,9.9
14,186,9.9
81,98,9.9
195,102,9.9
179,45,9.9
119,68,0
11,108,9.9
42,70,0
130,127,0
147,3,9.9
192,108,0
79,73,9.9
107,182,0
73,191,9.9
165,82,0
14,159,9.9
147,7,0
132,12,9.9
130,38,9.9
150,100,0
1,191,9.9
186,76,9.9
6,120,0
146,146,9.9
32,37,0
20,79,0
55,6,0
174,63,0
112,78,9.9
60,169,0
119,183,0
108,68,9.9
100,115,9.9
40,190,9.9
105,32,9.9
33,152,0
39,42,9.9
72,155,0
60,96,0
167,144,0
72,139,0
15,33,0
70,168,0
58,115,9.9
101,16,9.9
118,139,9.9
40,139,0
38,87,9.9
82,196,0
103,164,9.9
95,195,9.9
21,157,0
139,108,9.9
115,16,0
53,104,0
52,149,0
192,158,9.9
163,137,9.9
124,201,0
90,85,9.9
52,98,0
168,7,0
157,72,9.9
53,200,0
192,184,0
21,135,0
48,186,9.9
153,127,9.9
160,28,0
96,130,0
120,95,9.9
131,19,0
35,188,0
195,189,9.9
89,140,9.9
119,168,0
107,123,9.9
49,125,9.9
109,24,0
12,73,0
91,17,9.9
40,158,9.9
99,157,0
153,108,0
80,156,9.9
134,67,9.9
170,11,9.9
30,27,9.9
52,34,9.9
82,67,0
106,131,0
175,62,9.9
111,95,0
10,17,9.9
199,2,0
110,128,0
127,163,9.9
35,196,9.9
107,84,0
67,171,0
91,128,9.9
96,192,0
163,122,0
40,89,0
145,10,9.9
182,48,9.9
63,142,0
144,172,9.9
95,192,0
22,31,0
78,37,0
193,12,9.9
64,16,9.9
114,115,9.9
14,131,0
39,125,9.9
43,84,9.9
145,160,0
20,94,0
45,7,0
188,98,9.9
136,193,0
71,173,0
141,129,0
157,46,0
160,59,9.9
115,157,9.9
86,139,9.9
25,94,9.9
72,36,0
47,190,0
15,44,9.9
143,131,0
73,151,9.9
54,137,0
76,14,9.9
128,132,0
29,107,9.9
181,108,9.9
36,169,9.9
19,0,0
69,88,0
31,173,9.9
79,108,9.9
163,11,9.9
82,121,0
49,190,9.9
151,112,0
90,79,9.9
71,201,9.9
88,78,9.9
112,130,0
137,136,0
184,104,9.9
47,167,9.9
77,167,9.9
42,199,0
1,36,0
136,179,9.9
108,55,9.9
182,118,9.9
195,149,0
150,111,9.9
41,29,9.9
195,24,0
105,51,9.9
28,128,0
150,3,0
7,53,0
91,104,9.9
81,73,9.9
28,95,0
53,46,9.9
160,167,0
193,48,9.9
122,141,9.9
10,77,9.9
27,129,9.9
18,105,0
164,162,0
105,113,9.9
124,179,0
12,154,0
15,125,9.9
143,125,9.9
57,70,9.9
141,154,0
17,168,0
103,53,9.9
167,192,0
31,195,0
110,22,0
194,108,9.9
24,19,9.9
53,185,0
98,61,0
144,94,9.9
134,108,0
41,187,0
57,190,0
169,97,0
66,105,9.9
70,7,9.9
163,69,0
83,48,9.9
176,156,9.9
111,75,9.9
19,86,0
174,44,0
192,86,0
28,56,0
110,155,9.9
146,78,9.9
106,152,0
50,68,0
175,155,0
158,22,0
155,41,0
115,59,0
195,110,9.9
139,38,0
135,139,9.9
157,115,9.9
39,191,9.9
166,136,9.9
27,188,9.9
139,123,9.9
20,6,9.9
84,10,9.9
61,47,0
102,70,9.9
158,91,9.9
0,3,9.9
138,64,0
62,48,0
116,167,0
199,189,9.9
157,170,0
35,150,9.9
97,168,0
146,59,0
90,174,9.9
38,166,9.9
153,200,9.9
147,117,0
110,52,9.9
65,87,0
44,21,0
117,135,0
35,65,0
126,103,9.9
134,21,0
193,63,9.9
129,101,0
20,8,9.9
132,64,9.9
61,76,0
36,93,9.9
109,71,9.9
29,128,0
12,61,0
48,88,0
166,1,0
191,154,0
163,155,0
198,120,0
140,56,9.9
20,19,9.9
182,59,9.9
158,152,9.9
196,49,9.9
110,179,9.9
135,79,0
109,78,9.9
191,100,9.9
176,69,9.9
131,199,0
2,15,0
182,23,0
80,172,9.9
109,114,0
52,83,0
173,35,9.9
91,62,0
172,74,0
173,87,0
112,35,9.9
37,121,0
41,60,9.9
15,42,9.9
72,30,9.9
117,83,9.9
135,5,9.9
141,186,0
196,187,9.9
91,159,0
187,34,0
38,167,0
152,64,9.9
1,147,0
70,53,9.9
79,177,9.9
114,188,0
163,166,9.9
183,93,0
60,115,9.9
166,58,0
173,176,9.9
155,44,0
129,87,0
135,192,9.9
96,114,9.9
162,155,9.9
77,39,9.9
60,81,9.9
34,51,9.9
158,46,9.9
152,189,0
157,91,0
112,54,0
71,49,0
169,159,9.9
177,29,0
171,129,9.9
41,188,0
195,107,9.9
110,63,9.9
116,179,9.9
18,44,0
124,52,0
56,28,9.9
28,70,0
32,193,9.9
164,43,9.9
169,122,9.9
8,122,9.9
82,85,0
138,89,0
24,175,9.9
19,61,0
27,153,9.9
121,50,0
151,70,0
94,116,0
116,43,0
157,93,0
39,120,0
35,106,9.9
98,178,0
77,110,0
7,121,0
29,160,9.9
161,106,9.9
96,201,0
178,46,9.9
17,116,0
23,100,0
54,5,9.9
125,157,9.9
129,97,9.9
141,34,0
92,147,0
164,112,0
104,197,0
9,166,0
184,0,0
181,150,9.9
175,137,0
105,118,9.9
8,185,0
137,180,9.9
97,30,9.9
176,45,0
164,25,9.9
105,3,9.9
111,94,9.9
67,168,0
101,145,9.9
155,104,0
169,39,0
0,82,9.9
75,139,0
158,176,0
10,22,9.9
134,0,0
15,111,9.9
28,96,9.9
144,152,0
131,103,9.9
139,189,0
93,147,9.9
150,32,9.9
115,122,0
120,73,9.9
38,192,9.9
30,14,0
170,69,0
94,152,0
71,71,9.9
51,187,0
152,186,9.9
70,10,9.9
104,158,0
79,53,9.9
14,195,0
59,162,0
159,70,0
113,128,0
158,11,9.9
157,125,9.9
23,157,0
43,126,0
196,114,0
12,51,0
74,170,9.9
173,22,9.9
194,172,0
176,41,9.9
126,23,9.9
84,170,9.9
66,63,9.9
195,154,9.9
49,200,9.9
155,64,9.9
30,57,9.9
46,131,9.9
32,188,9.9
153,11,0
1,3,0
28,38,9.9
6,0,9.9
70,37,9.9
165,4,9.9
182,119,9.9
106,108,9.9
78,168,0
194,99,9.9
27,140,0
196,191,9.9
46,9,0
64,9,0
188,56,9.9
9,90,0
107,16,0
194,28,9.9
199,137,0
182,60,9.9
33,130,0
162,33,9.9
48,137,9.9
38,69,0
54,180,0
71,54,9.9
15,74,9.9
34,82,0
189,118,9.9
161,0,9.9
41,93,0
113,10,9.9
161,179,9.9
193,90,0
138,126,0
161,135,9.9
123,84,9.9
87,17,9.9
22,132,9.9
104,82,9.9
19,50,0
148,19,0
145,101,0
111,174,9.9
23,102,0
30,69,9.9
162,113,9.9
188,145,9.9
2,89,9.9
89,83,0
137,145,0
109,39,9.9
55,99,9.9
75,21,0
124,2,0
91,129,9.9
187,91,0
178,195,0
122,11,9.9
74,134,0
26,150,0
85,85,0
40,169,9.9
74,81,0
197,111,0
109,92,9.9
179,72,0
85,31,9.9
72,143,9.9
158,20,0
97,160,0
161,183,9.9
123,126,9.9
197,167,0
161,125,9.9
177,79,0
61,75,9.9
17,148,0
197,110,0
141,84,9.9
28,135,0
69,7,0
141,62,0
138,84,0
140,114,0
119,156,9.9
181,16,0
12,119,9.9
108,95,9.9
75,63,9.9
82,0,9.9
174,106,9.9
11,170,0
48,90,0
139,57,0
130,175,0
188,6,0
10,46,0
40,23,0
77,48,0
103,86,9.9
132,0,0
137,113,9.9
121,35,9.9
136,178,0
55,140,0
115,166,9.9
52,33,0
41,12,9.9
138,53,0
157,80,9.9
14,84,9.9
37,115,9.9
145,149,0
40,166,0
9,182,0
115,137,9.9
127,27,0
157,148,9.9
154,161,9.9
37,153,0
92,133,9.9
125,168,0
75,70,0
188,191,9.9
185,166,0
1,19,0
40,168,0
8,160,0
161,197,9.9
13,186,0
76,113,9.9
127,35,0
120,51,0
173,174,0
16,161,0
20,52,0
198,33,0
1,23,0
147,187,9.9
135,94,9.9
59,113,0
75,103,9.9
67,111,0
42,13,0
135,78,0
35,135,9.9
23,69,9.9
23,63,0
3,122,9.9
4,187,9.9
109,145,9.9
199,80,9.9
144,168,9.9
32,83,9.9
121,149,9.9
137,175,9.9
18,71,0
106,15,9.9
127,80,9.9
16,154,9.9
75,166,0
134,135,0
51,104,0
183,184,0
92,131,9.9
96,6,0
81,100,9.9
163,87,9.9
22,48,9.9
127,37,0
126,182,0
45,58,9.9
51,4,0
131,11,0
42,62,0
56,76,9.9
32,185,9.9
87,180,0
135,39,9.9
63,163,9.9
48,107,0
47,201,9.9
85,107,0
16,197,0
7,112,0
19,96,0
131,135,9.9
132,170,9.9
188,146,0
4,12,0
112,103,0
115,185,9.9
17,44,0
43,190,9.9
66,135,0
149,181,0
162,171,9.9
41,147,0
65,22,0
21,39,9.9
40,21,9.9
76,8,0
148,190,9.9
147,58,9.9
128,150,9.9
147,199,9.9
114,129,9.9
72,59,0
180,176,0
160,191,0
167,5,9.9
32,105,0
145,87,0
139,2,0
103,94,9.9
44,65,9.9
47,64,9.9
105,75,9.9
5,13,0
186,184,0
64,160,9.9
163,63,9.9
139,45,0
148,22,0
34,130,9.9
40,112,0
35,145,0
102,124,0
156,113,9.9
146,62,0
58,132,0
52,5,9.9
135,43,0
54,197,9.9
87,34,0
110,121,0
4,100,0
155,200,0
167,166,9.9
29,181,9.9
9,135,9.9
196,95,9.9
127,91,0
198,185,0
71,181,9.9
29,152,0
113,114,0
106,33,9.9
94,17,0
68,46,9.9
57,64,9.9
66,85,9.9
165,14,9.9
13,85,0
7,90,0
50,197,0
172,107,0
1,52,9.9
40,16,0
32,7,9.9
120,53,0
115,119,0
35,110,9.9
0,99,9.9
64,59,0
173,54,9.9
167,104,9.9
71,102,0
87,78,0
101,141,9.9
187,88,0
39,154,9.9
171,21,0
21,179,0
73,201,0
131,114,9.9
75,83,0
161,146,9.9
120,67,9.9
84,192,0
126,185,9.9
161,153,0
10,133,0
110,100,0
98,83,9.9
6,195,0
181,53,9.9
124,123,9.9
131,57,9.9
195,13,0
7,88,9.9
63,99,9.9
171,93,0
56,77,9.9
23,22,9.9
151,130,9.9
26,9,0
7,28,0
8,179,0
182,125,9.9
119,131,9.9
156,50,0
15,105,0
59,28,0
195,74,9.9
49,118,9.9
53,191,0
184,30,0
164,26,0
107,189,0
57,102,9.9
151,30,0
192,178,0
8,163,0
49,14,0
141,27,9.9
156,104,0
104,152,9.9
189,123,0
4,31,0
53,44,0
127,63,9.9
47,93,0
151,53,0
105,26,9.9
184,99,9.9
84,62,9.9
98,111,0
78,27,9.9
25,113,0
48,84,0
83,2,9.9
115,62,0
72,35,9.9
46,198,9.9
97,186,9.9
9,143,9.9
23,3,9.9
13,51,0
31,191,9.9
93,102,9.9
171,130,0
179,195,0
46,70,0
4,141,9.9
45,72,9.9
31,140,0
115,99,0
16,162,9.9
185,163,9.9
17,102,9.9
4,169,9.9
116,83,9.9
140,46,9.9
6,90,0
30,134,9.9
53,60,0
28,82,9.9
110,40,9.9
89,179,0
88,77,9.9
153,52,9.9
132,198,0
130,55,9.9
8,34,0
47,78,9.9
66,87,9.9
107,53,9.9
150,70,9.9
174,34,9.9
197,40,0
153,161,9.9
70,59,9.9
53,77,9.9
152,160,0
49,112,9.9
32,87,9.9
114,151,9.9
178,89,9.9
156,136,9.9
177,13,0
111,126,0
61,181,0
11,93,0
191,115,0
79,184,0
156,175,0
119,143,0
33,39,0
122,61,9.9
27,33,0
141,120,0
184,147,9.9
115,49,9.9
65,146,0
164,156,9.9
171,168,0
18,40,0
85,109,9.9
177,176,9.9
5,55,9.9
152,13,9.9
41,166,0
19,57,0
65,150,0
33,140,9.9
168,20,9.9
182,70,9.9
181,128,9.9
82,86,0
159,94,9.9
98,64,0
199,158,0
193,190,9.9
34,67,9.9
166,99,0
43,27,0
145,24,0
114,23,0
161,191,9.9
55,16,9.9
156,109,0
4,194,0
107,50,0
62,118,9.9
72,180,0
158,96,9.9
86,133,9.9
192,119,9.9
6,178,9.9
9,145,9.9
39,137,9.9
26,26,9.9
34,9,0
73,125,0
184,56,0
180,171,0
199,39,0
167,161,9.9
50,26,9.9
3,154,0
31,85,0
21,121,9.9
154,139,0
199,125,0
173,68,9.9
184,124,0
100,41,9.9
169,61,0
191,171,9.9
117,199,9.9
36,171,9.9
151,39,9.9
177,154,0
142,73,0
171,25,0
33,107,0
89,125,0
136,109,0
158,31,9.9
131,46,0
164,190,9.9
42,149,0
12,55,9.9
70,93,0
2,108,9.9
159,124,0
192,186,0
175,199,9.9
34,20,9.9
44,11,0
46,149,0
104,17,0
27,199,9.9
98,46,0
22,102,9.9
36,187,9.9
116,9,0
88,120,9.9
59,95,0
176,131,0
140,10,0
123,123,0
199,92,9.9
9,76,9.9
131,146,0
136,136,0
16,82,9.9
185,41,0
140,153,9.9
152,103,0
74,190,9.9
69,118,0
6,68,0
86,67,0
126,193,9.9
104,162,9.9
55,28,9.9
106,124,0
106,66,0
151,83,0
80,136,0
163,191,0
172,56,0
189,18,0
64,105,0
77,35,9.9
165,81,9.9
121,20,0
34,118,9.9
47,189,9.9
118,92,0
124,21,9.9
105,131,0
33,91,0
199,161,9.9
189,195,0
196,171,9.9
169,53,9.9
83,145,9.9
162,53,0
122,192,9.9
197,90,9.9
198,124,0
74,147,0
103,43,0
113,176,0
71,47,0
8,98,9.9
107,144,9.9
150,201,9.9
176,10,9.9
183,20,0
93,165,0
180,187,9.9
44,151,9.9
161,90,9.9
134,38,0
104,89,9.9
139,35,9.9
161,103,9.9
101,185,0
3,41,0
146,157,0
93,76,9.9
104,133,9.9
193,134,0
156,148,0
119,26,9.9
138,185,0
91,15,9.9
24,139,0
11,194,9.9
187,179,9.9
119,79,0
178,65,9.9
82,98,0
40,81,0
24,33,0
197,55,0
128,77,9.9
53,52,9.9
31,93,9.9
9,43,0
123,148,9.9
178,33,9.9
153,38,9.9
130,157,0
191,65,0
153,196,9.9
32,54,9.9
175,170,9.9
167,85,0
28,186,0
94,61,9.9
105,76,0
134,81,9.9
46,125,9.9
107,107,0
20,88,0
138,37,0
47,152,0
46,105,9.9
24,159,0
110,50,9.9
73,187,0
159,25,9.9
175,144,0
13,83,0
82,53,9.9
149,103,0
62,57,0
103,119,9.9
40,43,0
166,200,9.9
169,129,9.9
143,14,9.9
44,72,0
113,92,9.9
58,60,9.9
191,197,0
134,198,0
45,85,9.9
35,122,9.9
28,53,0
79,114,0
57,99,9.9
104,151,0
180,15,9.9
39,140,0
190,72,0
109,43,0
191,185,0
30,93,0
176,3,0
54,48,0
115,103,0
180,175,0
116,148,0
38,70,9.9
127,158,9.9
44,49,9.9
23,135,0
166,148,0
52,186,0
119,162,9.9
26,126,0
125,65,0
194,56,0
3,160,0
61,71,9.9
106,174,9.9
94,57,9.9
88,191,0
149,112,9.9
133,54,9.9
48,14,9.9
146,68,0
77,56,9.9
76,61,0
39,158,0
167,95,0
43,198,0
16,30,9.9
14,28,0
36,33,9.9
156,188,9.9
150,110,0
75,168,0
75,178,0
42,5,0
187,189,0
186,53,0
102,55,0
35,77,9.9
148,91,0
123,63,9.9
152,19,0
143,89,9.9
70,41,9.9
89,184,9.9
76,91,0
36,198,9.9
68,28,9.9
109,197,0
191,200,9.9
17,1,0
130,112,0
167,24,0
112,185,0
11,151,0
105,181,0
31,107,0
138,147,0
147,194,9.9
163,7,0
21,28,9.9
148,16,9.9
140,185,9.9
24,30,9.9
129,177,9.9
52,4,9.9
159,66,9.9
170,150,9.9
22,51,0
73,91,9.9
147,184,9.9
143,198,9.9
146,7,9.9
170,54,0
48,122,0
50,103,9.9
78,186,0
55,78,0
39,114,9.9
127,32,9.9
93,149,9.9
11,101,0
29,20,0
98,149,0
49,140,0
8,116,9.9
128,143,0
29,104,9.9
162,105,0
194,32,9.9
81,26,0
109,42,0
95,123,9.9
178,187,0
141,97,9.9
68,35,9.9
140,106,0
76,43,9.9
172,88,9.9
156,110,0
51,144,0
184,163,9.9
149,177,9.9
164,172,0
103,155,9.9
132,23,0
94,67,9.9
166,86,0
155,112,0
107,169,0
105,73,9.9
13,39,9.9
50,164,9.9
167,70,0
187,117,9.9
102,4,0
90,127,0
27,30,0
35,72,0
91,106,9.9
94,147,9.9
36,168,9.9
196,120,9.9
12,75,9.9
42,3,9.9
37,133,9.9
47,187,0
10,25,0
132,98,0
124,59,0
164,142,9.9
125,83,0
17,5,9.9
134,42,9.9
21,101,0
184,57,9.9
150,101,9.9
172,184,0
154,158,9.9
181,110,0
193,34,0
140,37,9.9
95,17,0
105,183,0
60,186,0
38,177,0
43,43,0
117,1,0
78,123,0
44,14,9.9
4,64,0
151,75,0
187,109,0
76,160,0
3,113,0
115,81,9.9
80,185,0
50,132,0
154,55,9.9
31,103,9.9
170,40,0
60,88,0
98,169,9.9
21,86,9.9
38,157,9.9
172,139,0
54,87,0
112,152,9.9
102,151,9.9
86,100,9.9
85,137,0
175,196,0
29,76,0
156,198,9.9
85,20,0
163,65,0
109,150,9.9
155,27,9.9
183,176,0
116,146,0
138,156,9.9
99,102,9.9
134,32,9.9
133,179,9.9
197,59,9.9
151,116,0
55,100,0
145,180,9.9
191,195,0
179,2,9.9
143,91,0
124,96,9.9
190,144,0
45,113,0
75,28,0
103,152,0
167,26,0
138,55,0
65,121,0
178,156,9.9
11,192,9.9
18,31,9.9
3,107,9.9
159,9,9.9
56,183,0
115,183,0
122,128,9.9
185,182,9.9
148,143,9.9
162,2,9.9
89,16,9.9
1,178,9.9
171,197,0
25,117,0
71,69,0
44,193,9.9
166,122,9.9
166,112,9.9
61,124,0
133,133,0
187,83,9.9
99,53,9.9
88,173,9.9
181,148,9.9
74,31,0
43,23,9.9
189,38,9.9
156,1,9.9
24,28,9.9
54,53,9.9
43,145,0
2,34,0
194,101,9.9
15,141,0
10,165,0
171,51,9.9
93,34,0
116,85,9.9
119,164,9.9
50,46,9.9
191,129,9.9
36,185,9.9
135,15,0
47,121,9.9
197,192,0
101,95,0
9,94,9.9
141,121,9.9
65,119,9.9
156,3,0
183,131,0
108,181,0
77,74,9.9
80,163,0
23,118,9.9
63,94,0
56,26,9.9
158,174,0
69,137,9.9
196,162,0
45,79,9.9
161,134,0
90,173,0
21,149,0
180,166,9.9
38,14,0
63,71,9.9
166,100,0
117,151,9.9
166,14,9.9
159,21,9.9
179,35,0
140,192,9.9
163,58,9.9
132,32,9.9
10,172,9.9
189,146,9.9
90,101,0
113,97,0
76,35,0
122,72,9.9
133,115,9.9
122,124,0
55,170,9.9
107,65,0
179,22,9.9
5,12,9.9
30,159,0
83,38,9.9
71,50,9.9
162,118,9.9
29,120,9.9
94,175,0
11,82,9.9
173,93,9.9
67,29,9.9
134,43,0
120,134,0
13,66,0
19,88,9.9
17,22,9.9
12,162,0
33,170,9.9
4,20,0
25,14,9.9
160,163,0
146,103,0
56,167,9.9
43,128,9.9
36,23,9.9
123,131,9.9
165,156,9.9
4,65,9.9
110,18,0
176,58,9.9
8,8,0
43,9,9.9
14,74,0
164,69,0
41,142,9.9
192,74,0
79,161,9.9
188,121,9.9
39,50,0
64,17,9.9
28,144,9.9
26,189,0
93,64,0
39,135,0
60,128,9.9
191,194,0
94,79,9.9
129,133,9.9
155,67,0
64,111,9.9
115,156,0
2,103,9.9
42,133,9.9
62,185,0
135,11,0
162,64,9.9
128,28,0
141,37,9.9
177,151,9.9
147,152,0
110,98,9.9
101,172,9.9
126,70,0
39,139,9.9
136,123,0
109,144,0
130,194,0
98,59,0
120,35,9.9
71,29,0
175,48,9.9
86,122,0
91,112,9.9
157,34,9.9
73,137,9.9
79,139,9.9
48,7,0
59,74,9.9
15,56,9.9
83,32,0
144,23,0
108,159,9.9
125,131,9.9
123,196,0
175,65,0
57,83,9.9
107,126,9.9
74,63,9.9
25,161,0
126,190,9.9
108,33,0
131,32,9.9
45,0,9.9
182,28,0
65,188,0
181,39,9.9
98,0,9.9
18,120,0
32,170,9.9
100,43,0
55,97,9.9
47,195,0
196,195,9.9
5,82,0
90,38,9.9
102,57,0
80,134,0
31,27,0
159,48,0
28,119,0
195,153,9.9
51,0,0
116,137,9.9
154,90,9.9
104,181,9.9
95,201,9.9
150,22,0
30,37,9.9
193,113,0
185,99,9.9
59,35,0
168,108,0
87,125,9.9
151,161,9.9
178,123,9.9
12,43,9.9
28,102,0
154,35,9.9
81,181,0
69,108,0
60,185,9.9
122,105,0
131,15,9.9
9,104,9.9
26,197,9.9
62,151,0
21,48,9.9
13,108,9.9
66,28,0
132,134,9.9
147,125,9.9
105,71,9.9
39,73,9.9
19,171,9.9
49,17,0
108,74,0
166,92,0
181,172,9.9
17,190,0
107,44,9.9
192,103,9.9
152,11,9.9
23,104,9.9
186,3,9.9
138,193,9.9
40,200,9.9
138,157,0
63,75,9.9
149,68,0
141,195,0
48,131,9.9
36,151,0
57,163,9.9
16,133,0
152,194,9.9
41,186,0
137,53,0
182,108,0
90,16,0
24,80,9.9
150,14,9.9
175,178,0
59,40,0
165,152,0
125,127,0
34,71,0
165,155,9.9
46,49,9.9
58,98,9.9
124,17,0
142,77,0
43,44,0
103,102,0
31,66,0
63,18,0
44,22,9.9
1,154,9.9
28,194,0
127,82,0
80,75,9.9
24,141,0
180,112,9.9
21,125,9.9
190,142,0
77,173,9.9
197,37,0
126,141,9.9
171,187,0
72,196,9.9
103,68,9.9
117,177,9.9
169,32,9.9
19,46,9.9
74,91,0
23,7,0
130,167,9.9
40,56,0
43,67,9.9
137,164,9.9
172,155,9.9
164,189,9.9
81,75,9.9
151,19,0
86,77,9.9
164,173,0
161,124,9.9
107,171,0
3,119,0
49,6,9.9
92,184,0
146,15,0
179,141,0
157,190,0
140,104,0
175,3,9.9
49,163,0
128,141,0
170,59,9.9
59,89,9.9
75,25,0
43,149,0
23,155,0
163,110,9.9
44,42,9.9
8,100,9.9
162,25,0
44,99,9.9
103,63,0
137,104,0
41,72,9.9
137,69,9.9
23,144,0
44,32,0
1,20,0
175,34,0
150,80,0
171,2,9.9
55,47,9.9
105,166,9.9
67,96,9.9
68,155,9.9
39,46,9.9
92,35,0
60,157,9.9
113,41,9.9
172,85,0
96,118,9.9
36,2,9.9
188,104,0
59,157,0
182,74,0
50,140,9.9
64,27,0
85,17,9.9
12,42,9.9
129,60,0
185,123,9.9
96,53,0
45,164,9.9
188,183,9.9
178,5,0
30,104,0
135,191,0
148,61,0
39,76,0
176,60,0
17,30,0
5,7,0
184,21,9.9
95,21,9.9
104,118,9.9
134,47,9.9
47,155,9.9
85,144,9.9
108,176,9.9
36,138,9.9
115,54,0
6,70,9.9
161,26,9.9
6,15,0
169,189,9.9
7,118,9.9
61,146,9.9
89,198,0
98,38,9.9
25,147,9.9
163,47,9.9
75,132,0
140,24,9.9
23,105,0
0,26,0
199,198,0
171,157,9.9
79,150,0
151,55,0
122,152,9.9
51,123,0
136,42,0
169,117,0
22,110,9.9
160,69,0
39,1,0
128,32,9.9
5,154,9.9
40,32,9.9
94,140,9.9
3,186,0
15,38,9.9
46,118,9.9
14,59,9.9
118,135,9.9
70,55,9.9
199,89,0
108,19,9.9
179,91,0
78,92,9.9
119,139,0
120,166,0
111,117,0
3,191,9.9
11,138,9.9
64,69,9.9
9,195,9.9
181,195,0
158,121,9.9
32,142,9.9
194,181,0
108,90,0
186,110,0
34,11,0
102,193,0
6,197,9.9
82,180,9.9
85,141,9.9
129,194,9.9
171,179,9.9
115,2,0
131,0,0
192,193,9.9
118,76,9.9
199,178,9.9
172,195,9.9
100,149,9.9
13,22,0
92,192,0
54,29,0
1,174,0
13,100,9.9
20,1,9.9
166,39,0
109,190,0
23,114,0
130,171,0
14,149,0
32,8,0
85,166,0
96,122,0
55,173,0
98,17,9.9
93,146,0
57,91,0
191,74,0
63,108,9.9
50,55,9.9
128,176,9.9
78,22,0
101,115,0
119,171,0
4,126,0
148,54,9.9
78,82,0
93,88,9.9
30,195,9.9
60,100,0
96,162,0
144,72,9.9
124,162,9.9
179,49,9.9
113,27,0
73,143,9.9
53,114,0
81,34,0
37,98,9.9
70,171,9.9
47,52,0
5,99,0
81,40,9.9
148,155,0
134,158,0
95,113,0
143,2,0
161,62,0
14,100,0
35,6,9.9
95,44,0
197,76,0
29,158,9.9
105,16,9.9
56,82,9.9
78,152,0
154,115,0
73,66,9.9
41,56,0
196,136,0
166,110,0
82,182,0
132,102,0
161,190,0
188,196,0
109,165,9.9
186,9,9.9
74,11,9.9
119,115,9.9
73,53,9.9
171,94,9.9
31,74,0
44,47,0
85,133,9.9
30,132,0
94,39,0
103,176,9.9
182,98,0
147,53,0
194,110,0
7,198,0
45,134,0
55,56,0
103,30,0
73,60,9.9
0,177,0
136,101,0
81,132,9.9
138,124,9.9
58,189,0
87,112,9.9
26,123,9.9
199,127,0
0,201,9.9
149,54,0
179,166,9.9
24,107,0
90,141,0
9,138,0
197,16,9.9
182,77,9.9
68,58,0
180,0,9.9
41,15,0
108,105,0
152,131,0
56,5,9.9
111,142,0
37,2,9.9
15,187,0
127,140,9.9
182,103,9.9
143,190,0
132,14,9.9
124,25,9.9
116,126,0
154,77,9.9
104,54,9.9
101,116,9.9
82,72,0
151,183,0
76,102,0
87,185,0
94,15,9.9
194,47,9.9
194,142,0
94,37,0
28,55,0
12,105,9.9
27,20,0
184,98,0
80,17,9.9
92,55,0
53,135,9.9
3,98,9.9
92,23,9.9
167,87,0
12,128,9.9
197,96,0
6,6,9.9
148,10,9.9
122,77,0
141,173,9.9
187,44,0
131,33,9.9
92,48,0
88,183,0
92,111,0
84,43,9.9
184,201,9.9
12,3,0
91,147,9.9
167,179,0
110,72,0
106,28,9.9
129,26,9.9
52,70,9.9
95,135,0
85,151,9.9
58,107,9.9
19,29,0
174,50,0
181,116,9.9
156,47,0
126,161,0
48,79,0
178,161,9.9
18,24,9.9
60,74,9.9
70,170,9.9
187,50,0
107,80,9.9
177,98,0
142,201,9.9
134,142,0
7,71,0
56,42,0
24,155,0
179,140,0
7,1,0
89,128,9.9
121,103,0
97,24,0
5,63,0
148,82,9.9
151,81,9.9
180,125,9.9
83,109,9.9
76,152,0
71,159,9.9
199,60,0
190,132,0
143,4,0
105,8,0
177,130,9.9
24,5,0
148,164,0
96,124,0
36,80,9.9
161,69,9.9
136,28,0
57,19,0
50,34,0
126,140,0
19,48,0
50,64,0
199,195,9.9
14,119,9.9
119,2,9.9
141,192,9.9
37,120,0
65,46,9.9
177,140,0
106,102,9.9
73,5,9.9
92,36,0
163,121,0
130,181,9.9
141,104,9.9
178,141,9.9
15,93,0
196,7,0
112,84,0
63,131,0
171,126,9.9
109,26,0
59,0,9.9
43,68,9.9
66,15,0
11,173,0
179,68,0
161,87,9.9
147,63,9.9
132,25,9.9
106,29,9.9
179,137,9.9
178,126,9.9
32,111,9.9
101,161,0
153,29,0
67,31,9.9
149,149,0
82,111,9.9
19,148,0
152,65,9.9
96,72,0
154,201,0
14,3,0
161,18,9.9
60,86,9.9
37,76,0
96,159,9.9
198,155,9.9
28,162,0
125,194,9.9
133,93,0
114,28,9.9
123,106,0
33,53,9.9
105,188,0
68,121,9.9
13,61,9.9
135,150,9.9
70,15,0
170,75,9.9
72,14,9.9
132,68,0
131,21,9.9
65,9,0
37,50,9.9
59,198,0
170,189,9.9
105,147,9.9
5,134,0
152,57,9.9
68,38,0
144,105,9.9
58,186,9.9
9,62,0
191,42,0
87,146,9.9
27,147,0
116,62,0
102,113,0
120,63,9.9
33,40,0
41,67,9.9
120,61,9.9
99,95,0
29,193,0
110,125,9.9
33,52,9.9
137,16,0
163,82,9.9
23,195,9.9
55,169,9.9
41,195,9.9
99,137,0
197,132,0
139,55,0
148,154,9.9
66,44,9.9
198,83,9.9
105,152,9.9
25,43,9.9
127,136,0
38,187,0
133,58,9.9
165,130,0
167,83,0
167,54,0
107,61,0
103,170,9.9
77,75,9.9
96,16,0
69,37,9.9
13,135,0
37,96,9.9
84,155,9.9
38,136,0
89,94,9.9
63,177,9.9
20,104,0
161,107,9.9
30,10,0
118,18,9.9
85,93,0
86,66,9.9
68,0,9.9
169,199,0
195,1,0
185,96,0
82,157,9.9
115,165,9.9
185,140,9.9
174,108,0
71,86,0
48,12,0
127,66,0
10,171,0
100,192,0
124,11,9.9
198,21,0
31,161,9.9
32,176,0
73,38,0
131,108,9.9
143,121,9.9
41,25,0
90,26,9.9
159,44,9.9
109,7,9.9
158,95,9.9
138,5,9.9
59,37,9.9
91,53,0
99,37,9.9
98,37,0
44,52,9.9
94,160,9.9
174,168,9.9
81,109,0
159,150,0
34,149,0
86,128,9.9
196,64,0
8,111,9.9
154,142,9.9
51,88,0
43,29,9.9
83,80,9.9
123,133,0
190,199,0
2,180,0
106,147,0
96,125,9.9
22,63,9.9
43,118,0
82,117,0
115,111,0
61,137,9.9
25,88,0
30,167,9.9
93,158,9.9
5,105,0
191,145,9.9
125,76,0
102,114,9.9
23,156,9.9
107,34,0
148,175,0
189,12,9.9
191,31,0
47,130,0
8,58,9.9
4,174,9.9
121,153,0
70,22,9.9
16,135,9.9
56,70,9.9
147,51,0
37,132,0
55,168,0
6,177,0
44,164,9.9
152,156,0
97,91,0
149,38,9.9
1,50,9.9
139,192,9.9
69,79,9.9
63,125,9.9
146,35,0
170,83,0
44,138,9.9
127,48,0
124,27,0
92,118,0
65,168,9.9
111,73,9.9
17,63,9.9
180,32,0
13,106,0
18,197,9.9
162,189,0
15,99,9.9
68,145,0
108,127,0
38,191,9.9
9,72,0
85,10,0
11,42,0
88,66,9.9
31,61,9.9
167,74,9.9
25,160,9.9
51,23,9.9
1,33,9.9
14,160,9.9
199,193,0
195,5,0
199,8,0
23,152,9.9
126,110,9.9
39,200,9.9
150,21,0
5,27,9.9
160,140,9.9
115,70,9.9
106,143,0
155,59,0
34,127,0
170,118,9.9
70,154,9.9
93,171,0
68,99,0
64,88,9.9
198,1,9.9
142,64,9.9
155,26,9.9
96,103,9.9
88,41,0
120,178,0
128,130,9.9
180,87,9.9
131,128,0
123,158,9.9
125,121,0
3,199,9.9
132,131,9.9
120,108,0
51,30,9.9
168,167,0
47,76,0
79,20,9.9
191,186,0
50,173,0
75,7,9.9
17,199,9.9
174,125,0
96,123,0
27,85,0
52,134,0
162,96,9.9
181,106,9.9
70,173,9.9
176,163,0
134,122,9.9
105,43,9.9
30,1,0
43,66,9.9
143,141,0
23,140,0
63,129,0
19,118,9.9
16,60,0
68,5,9.9
57,11,9.9
14,171,9.9
80,6,0
70,4,9.9
57,81,0
81,59,0
83,140,9.9
84,191,9.9
21,119,0
189,70,0
182,2,0
114,126,9.9
155,36,0
100,76,0
78,201,0
117,80,0
181,74,0
55,64,9.9
139,5,0
129,19,0
76,36,0
174,144,0
176,61,9.9
161,78,0
134,6,9.9
153,91,9.9
18,53,0
147,175,9.9
52,14,0
49,10,9.9
87,64,9.9
101,178,0
145,18,9.9
148,166,9.9
199,196,9.9
28,166,9.9
53,181,0
83,78,0
33,193,9.9
46,130,9.9
129,5,0
140,34,9.9
83,20,0
12,62,9.9
30,176,9.9
71,145,9.9
33,63,9.9
116,118,0
147,157,9.9
157,85,0
5,185,9.9
141,184,0
89,88,9.9
53,199,9.9
130,37,0
97,33,0
18,115,9.9
156,135,0
116,200,9.9
45,14,9.9
14,32,9.9
170,50,0
193,29,9.9
162,87,9.9
152,3,9.9
82,58,9.9
11,83,0
56,164,9.9
182,93,9.9
36,155,0
171,3,9.9
171,73,9.9
72,142,0
47,113,0
119,110,0
10,105,0
119,84,0
83,146,0
143,201,9.9
50,30,9.9
127,71,9.9
18,88,0
69,154,0
141,148,9.9
162,17,9.9
172,196,0
93,94,9.9
167,84,0
47,8,0
107,119,0
6,186,0
190,167,0
98,4,9.9
52,37,0
105,117,0
97,198,9.9
125,5,9.9
93,191,0
187,0,9.9
14,86,9.9
78,0,9.9
195,90,9.9
177,158,0
198,52,9.9
17,103,9.9
124,74,9.9
60,121,0
107,122,0
114,155,9.9
68,160,9.9
49,145,0
21,187,9.9
65,2,0
109,35,0
196,45,9.9
55,91,9.9
156,101,0
68,60,9.9
95,64,9.9
59,27,9.9
58,99,9.9
2,115,0
120,112,0
135,102,0
173,182,0
171,96,0
199,96,9.9
60,200,9.9
60,56,9.9
120,162,0
26,171,9.9
165,103,9.9
105,141,0
20,196,0
187,6,0
127,172,9.9
87,167,0
36,5,0
129,130,0
73,72,0
126,78,9.9
9,39,0
46,162,9.9
175,51,9.9
118,93,9.9
91,148,9.9
93,66,0
39,84,9.9
190,172,0
91,191,9.9
162,184,0
132,55,0
150,89,9.9
145,187,0
117,197,0
43,10,9.9
26,29,9.9
71,151,0
7,159,0
147,123,0
26,34,0
138,120,0
186,85,0
47,179,0
133,35,0
51,17,0
15,128,0
136,148,9.9
121,101,0
80,70,0
178,121,0
14,144,0
178,4,0
37,39,0
69,148,0
145,124,0
38,35,0
32,77,9.9
58,75,9.9
56,10,0
45,139,9.9
32,78,9.9
147,35,9.9
12,156,0
76,200,0
104,107,0
58,0,0
26,172,9.9
128,57,9.9
117,193,0
173,192,0
20,199,9.9
176,139,9.9
116,109,9.9
14,115,0
13,69,9.9
94,48,0
49,24,9.9
182,177,9.9
113,175,0
14,54,0
134,100,0
192,89,0
66,76,9.9
180,33,0
44,55,9.9
53,141,9.9
27,24,9.9
47,48,9.9
126,187,9.9
100,95,9.9
70,98,9.9
129,30,0
93,138,0
164,132,0
183,63,9.9
113,87,9.9
121,165,9.9
22,106,0
36,130,9.9
99,25,9.9
199,55,9.9
132,48,0
109,116,0
180,152,9.9
129,190,0
121,10,0
37,185,0
111,8,9.9
68,13,0
52,18,9.9
22,22,9.9
11,122,0
115,64,9.9
26,3,0
77,160,9.9
77,44,0
158,169,0
41,107,9.9
81,165,9.9
131,196,9.9
164,0,9.9
98,170,0
99,138,0
83,100,9.9
177,160,9.9
160,151,0
46,102,0
153,150,0
115,135,0
67,30,9.9
95,165,9.9
191,55,0
169,57,9.9
115,138,9.9
161,82,0
198,198,0
21,12,9.9
46,65,0
87,174,0
12,159,9.9
148,21,0
16,71,9.9
137,107,0
152,5,0
145,23,0
37,11,9.9
183,172,0
164,196,9.9
4,30,9.9
56,137,0
53,23,0
23,96,0
98,23,9.9
57,126,9.9
44,3,0
66,18,9.9
64,120,9.9
47,22,9.9
96,32,9.9
91,7,9.9
199,40,0
89,28,9.9
197,197,9.9
186,173,0
79,0,9.9
73,105,9.9
178,172,9.9
186,50,9.9
173,39,9.9
191,199,9.9
52,45,0
117,150,0
109,193,0
13,113,0
6,140,9.9
40,24,9.9
97,144,0
49,117,9.9
120,45,0
52,16,9.9
183,89,9.9
106,68,0
6,145,0
140,175,0
120,151,9.9
75,67,9.9
154,76,9.9
191,41,0
47,109,9.9
19,136,0
156,180,0
104,22,0
22,142,0
173,67,9.9
177,161,0
11,70,9.9
45,53,9.9
126,13,9.9
128,56,0
2,184,9.9
50,170,0
45,4,0
184,15,9.9
194,89,0
47,101,9.9
39,119,0
68,56,0
197,135,9.9
152,149,9.9
184,24,9.9
5,195,9.9
87,89,0
143,189,9.9
24,81,9.9
144,73,9.9
25,89,0
144,187,0
69,188,9.9
64,66,9.9
102,87,0
56,187,0
184,82,9.9
182,151,0
173,198,9.9
166,84,9.9
21,29,9.9
45,74,0
166,102,0
5,29,0
190,58,9.9
194,44,0
52,72,9.9
127,65,0
116,47,9.9
1,155,9.9
39,18,0
123,57,9.9
117,185,0
173,133,0
60,181,0
72,153,0
114,141,0
173,92,0
103,44,0
132,33,0
168,177,9.9
181,159,0
11,32,9.9
162,49,0
101,104,9.9
67,137,0
63,73,9.9
166,97,0
26,139,9.9
169,169,0
34,169,0
0,104,9.9
155,156,9.9
81,0,9.9
141,161,0
124,9,0
157,141,0
42,14,9.9
127,86,9.9
127,114,9.9
56,67,0
116,108,9.9
163,67,9.9
13,45,0
162,183,9.9
97,4,9.9
67,172,9.9
102,156,9.9
142,4,9.9
187,5,0
114,60,0
4,27,0
58,72,0
4,59,0
183,64,0
56,36,9.9
32,88,9.9
186,101,9.9
63,25,0
52,166,0
114,194,0
89,92,9.9
8,129,0
72,44,9.9
17,154,0
187,181,0
16,195,9.9
117,103,9.9
157,67,9.9
198,174,0
40,20,0
179,190,0
138,181,0
114,134,9.9
128,29,9.9
135,200,0
163,83,9.9
19,22,9.9
39,164,9.9
156,48,0
43,150,9.9
56,115,0
61,29,9.9
136,65,9.9
90,5,0
178,159,9.9
183,14,9.9
102,25,0
152,144,0
110,187,9.9
28,39,0
198,168,9.9
102,140,9.9
55,122,0
133,124,9.9
190,151,9.9
144,2,9.9
76,196,9.9
170,108,0
33,166,0
157,74,0
83,33,9.9
31,71,0
60,172,0
184,105,0
41,26,9.9
159,52,9.9
108,109,9.9
23,185,9.9
59,29,0
60,42,9.9
98,41,0
191,166,0
57,47,0
90,44,9.9
37,158,9.9
185,81,9.9
0,195,0
140,61,9.9
158,142,9.9
30,201,0
197,32,9.9
178,71,9.9
89,52,0
79,89,0
131,42,9.9
27,19,9.9
122,59,0
25,2,9.9
172,18,0
154,143,0
81,198,0
81,13,9.9
69,76,0
101,86,9.9
96,83,9.9
24,84,9.9
94,192,9.9
160,124,0
60,62,9.9
2,66,9.9
175,197,9.9
11,49,0
3,2,9.9
52,97,0
167,127,9.9
97,35,9.9
39,95,0
73,110,0
58,66,0
119,69,0
177,127,0
162,92,9.9
146,52,9.9
104,119,0
53,59,9.9
28,107,0
53,128,0
113,116,0
12,41,0
111,184,9.9
73,133,9.9
126,68,0
42,74,9.9
164,122,9.9
105,184,0
28,193,0
129,160,0
61,55,9.9
124,72,9.9
110,102,9.9
87,126,9.9
151,141,0
133,72,9.9
85,34,0
160,19,9.9
120,167,9.9
125,91,0
123,96,0
103,18,0
75,6,9.9
96,46,0
124,7,9.9
28,40,0
51,159,9.9
80,26,0
119,45,0
134,112,0
66,129,0
163,26,9.9
68,189,0
157,169,0
186,33,9.9
111,183,9.9
105,148,9.9
130,93,0
56,32,0
12,88,0
98,123,0
87,8,9.9
172,62,9.9
141,94,0
81,96,9.9
42,150,0
37,41,9.9
124,75,9.9
95,41,9.9
42,128,9.9
53,179,9.9
23,35,0
92,191,0
174,143,0
10,1,0
9,140,0
174,35,9.9
66,51,0
89,19,0
127,30,9.9
47,110,9.9
17,130,0
22,35,0
181,191,0
48,69,9.9
139,100,0
107,170,0
13,11,0
153,131,9.9
80,133,9.9
165,178,0
144,124,9.9
118,9,9.9
4,191,9.9
11,123,9.9
24,178,9.9
22,40,9.9
99,68,9.9
71,20,0
71,27,9.9
74,56,0
191,21,9.9
159,148,0
139,164,9.9
110,135,9.9
83,41,9.9
187,49,0
192,133,9.9
137,43,9.9
1,28,0
136,52,9.9
108,160,0
144,107,0
150,28,0
160,161,9.9
35,194,9.9
34,153,9.9
123,151,9.9
173,71,9.9
52,146,0
0,33,0
27,6,0
43,11,0
29,195,0
183,124,9.9
153,61,9.9
93,154,0
195,92,0
57,167,0
169,47,0
180,134,9.9
175,160,9.9
96,1,9.9
163,70,9.9
88,174,9.9
125,153,9.9
101,103,0
82,50,9.9
67,56,9.9
99,5,0
72,99,0
66,201,0
63,70,9.9
36,165,9.9
183,19,9.9
120,187,0
63,56,9.9
159,193,0
109,65,9.9
58,74,9.9
99,52,0
112,110,9.9
33,127,0
6,198,0
76,149,9.9
133,147,0
14,161,0
53,97,9.9
85,108,9.9
129,72,0
158,117,9.9
155,106,0
192,171,0
77,8,9.9
11,159,9.9
152,185,9.9
98,139,9.9
84,198,0
21,92,9.9
109,158,0
183,149,0
157,52,9.9
25,200,0
177,194,0
38,124,9.9
141,96,9.9
87,102,0
61,113,9.9
41,63,0
156,150,9.9
9,191,9.9
103,151,0
177,39,9.9
174,192,9.9
152,93,0
121,96,0
124,195,9.9
122,47,9.9
152,33,9.9
60,60,9.9
137,172,9.9
95,173,0
169,197,0
18,147,9.9
66,69,0
17,80,0
138,121,0
25,7,9.9
123,81,9.9
153,34,0
48,32,9.9
37,177,9.9
161,24,9.9
84,180,9.9
41,77,9.9
8,1,0
74,47,0
16,169,9.9
109,119,9.9
14,158,0
133,107,0
14,22,9.9
131,24,9.9
13,150,0
102,72,9.9
117,165,9.9
89,163,9.9
43,103,0
67,174,9.9
4,89,9.9
116,143,9.9
4,143,0
116,155,0
140,38,0
21,80,9.9
179,179,9.9
96,84,9.9
83,108,9.9
124,188,0
21,142,0
104,83,9.9
184,1,9.9
154,45,0
177,62,0
178,124,9.9
114,74,9.9
135,42,9.9
1,157,0
82,49,0
36,14,9.9
174,99,0
138,173,0
119,58,9.9
164,40,9.9
153,69,9.9
119,159,0
112,59,9.9
187,45,9.9
136,8,9.9
11,63,0
176,140,9.9
11,126,0
64,168,9.9
191,26,0
164,61,9.9
127,8,9.9
173,121,9.9
164,130,0
134,154,9.9
133,178,9.9
196,54,9.9
5,181,9.9
59,134,0
67,183,0
95,56,9.9
79,142,0
168,83,0
130,48,0
20,159,0
52,180,9.9
60,45,0
140,2,0
31,200,9.9
164,73,9.9
78,42,0
83,113,9.9
100,201,0
31,25,0
41,91,9.9
53,184,9.9
100,14,0
160,171,0
68,40,0
20,103,9.9
36,11,0
5,191,0
23,179,0
133,50,0
1,91,0
110,117,9.9
151,29,9.9
96,76,9.9
85,189,0
95,82,0
99,65,9.9
133,21,0
72,65,0
46,36,9.9
89,30,0
9,136,9.9
134,23,0
82,7,9.9
25,25,0
109,171,0
171,57,9.9
12,89,0
149,104,0
114,200,0
66,93,9.9
41,123,0
124,164,0
24,78,9.9
56,62,0
170,140,9.9
15,80,0
183,66,0
189,161,0
190,116,9.9
99,51,0
58,62,9.9
44,122,0
29,33,0
57,201,9.9
151,43,0
195,141,9.9
105,96,9.9
136,92,9.9
182,25,9.9
151,103,0
140,75,0
171,133,9.9
175,22,0
69,111,9.9
187,141,9.9
11,197,0
164,198,0
115,45,0
42,85,0
31,50,9.9
129,3,0
181,179,0
73,134,9.9
142,55,0
12,30,9.9
62,190,9.9
63,190,0
155,181,0
73,155,0
105,99,0
90,25,9.9
102,15,0
67,82,0
84,108,0
70,49,9.9
81,29,0
19,127,0
134,28,9.9
40,66,0
139,30,0
173,4,9.9
109,177,0
51,129,9.9
45,136,0
75,14,0
176,175,0
70,151,0
131,192,0
149,20,0
109,180,0
75,60,9.9
61,152,0
175,76,0
48,147,0
105,146,9.9
78,182,9.9
145,166,9.9
107,76,0
65,126,0
128,59,9.9
184,193,0
48,99,0
110,4,0
132,199,9.9
175,52,0
63,60,0
113,129,9.9
68,174,0
112,86,0
47,74,0
91,122,0
76,108,0
77,43,9.9
187,130,0
158,172,0
57,18,9.9
53,140,0
68,96,9.9
5,6,0
189,31,0
68,70,9.9
139,101,9.9
179,169,9.9
133,201,0
161,151,9.9
194,128,0
120,117,9.9
146,185,9.9
188,159,9.9
0,39,0
55,112,0
199,88,0
0,5,9.9
171,40,0
111,10,9.9
96,78,0
57,69,9.9
100,103,0
25,34,9.9
147,147,0
89,133,9.9
111,135,0
23,110,9.9
133,92,9.9
146,24,0
24,161,0
99,194,9.9
76,109,0
90,115,0
79,115,9.9
77,83,0
154,12,9.9
38,61,9.9
4,183,9.9
92,195,0
145,77,0
145,109,0
154,39,0
192,0,9.9
96,39,0
49,54,9.9
41,3,0
6,77,0
3,132,0
136,50,0
99,135,9.9
29,161,9.9
24,133,9.9
133,22,9.9
117,46,0
41,71,9.9
120,163,0
148,198,9.9
149,60,9.9
69,171,0
28,160,0
67,65,9.9
118,170,0
0,139,9.9
133,77,9.9
1,51,0
150,108,9.9
195,175,9.9
22,50,0
116,91,0
48,39,0
167,139,0
147,197,0
123,45,0
186,82,0
126,76,9.9
188,118,9.9
106,201,0
113,35,9.9
33,21,0
14,85,0
107,52,9.9
124,199,9.9
94,188,9.9
96,155,0
186,197,9.9
85,23,0
199,28,9.9
130,15,0
51,199,0
174,64,0
4,72,9.9
52,65,0
138,80,9.9
3,196,0
9,126,0
186,153,9.9
155,56,0
121,134,0
24,154,9.9
123,142,0
64,68,0
26,135,9.9
135,61,0
3,178,9.9
186,67,9.9
120,149,9.9
44,1,0
45,191,9.9
146,130,9.9
7,171,9.9
44,142,0
100,178,0
24,146,0
193,50,0
112,174,0
181,138,9.9
154,69,0
103,117,0
86,144,0
128,102,0
14,8,0
38,76,9.9
155,68,9.9
39,11,0
52,42,0
98,27,9.9
135,101,0
123,43,0
191,132,0
108,67,0
182,109,0
58,180,9.9
24,168,0
83,59,9.9
32,45,0
122,166,9.9
141,5,9.9
9,58,0
56,144,0
160,130,9.9
95,77,9.9
74,157,9.9
148,37,0
177,6,0
70,52,0
155,157,9.9
11,100,9.9
8,145,9.9
166,145,9.9
112,74,0
48,93,0
57,151,0
171,58,9.9
24,72,9.9
9,146,0
151,67,9.9
59,23,9.9
7,136,0
122,57,0
27,178,0
166,197,9.9
62,117,9.9
33,28,9.9
134,113,9.9
182,68,9.9
182,136,9.9
151,178,0
57,41,9.9
99,106,0
181,18,0
8,59,9.9
109,68,9.9
136,95,9.9
104,30,9.9
25,156,9.9
5,107,0
111,164,9.9
190,153,0
152,164,9.9
98,53,0
174,11,9.9
125,107,0
24,89,0
51,148,0
18,103,0
146,138,9.9
38,125,0
7,132,9.9
43,70,9.9
19,116,0
71,19,0
136,47,0
59,163,0
117,22,9.9
46,142,0
121,169,0
46,170,9.9
168,58,0
88,189,9.9
139,22,9.9
179,3,0
20,200,9.9
153,164,9.9
159,184,9.9
178,84,0
117,54,0
133,49,9.9
156,85,0
32,84,9.9
22,154,0
96,172,9.9
0,128,9.9
143,138,9.9
32,98,0
20,16,0
77,17,0
146,45,0
136,155,0
123,184,9.9
81,43,9.9
37,53,9.9
64,184,9.9
191,138,0
21,88,0
76,27,0
66,151,9.9
151,69,0
100,61,0
102,60,9.9
76,58,0
28,140,9.9
152,173,0
166,30,0
33,188,0
0,10,9.9
123,99,9.9
157,51,9.9
176,40,0
49,47,9.9
17,67,0
179,79,0
188,88,9.9
37,28,9.9
166,196,0
111,133,9.9
15,171,9.9
194,127,9.9
75,64,9.9
194,201,9.9
59,19,0
37,67,9.9
93,95,0
99,98,9.9
109,16,9.9
37,77,9.9
95,164,9.9
178,83,0
7,186,0
55,1,0
156,17,9.9
130,66,0
174,89,0
51,130,9.9
71,161,9.9
55,102,0
193,163,0
183,59,9.9
95,51,9.9
139,58,9.9
143,82,9.9
29,72,0
123,144,9.9
166,162,0
141,181,9.9
122,55,9.9
8,0,9.9
92,190,9.9
54,43,0
95,55,9.9
146,93,0
25,81,0
60,145,0
128,180,9.9
120,54,0
88,150,0
179,142,0
1,6,0
140,128,0
135,58,9.9
0,90,9.9
199,72,0
174,161,9.9
101,30,9.9
23,9,0
138,153,0
92,115,0
20,106,9.9
10,53,0
120,92,0
29,143,0
175,94,9.9
156,116,0
106,22,9.9
40,125,9.9
48,119,9.9
128,60,9.9
88,136,0
66,96,0
10,139,9.9
29,106,0
21,115,0
65,77,9.9
26,110,9.9
152,127,0
106,121,9.9
3,10,9.9
154,171,0
33,4,9.9
182,49,9.9
8,142,0
121,52,0
189,95,0
64,0,0
137,55,0
126,17,0
135,75,0
29,139,9.9
45,158,0
76,57,9.9
34,70,9.9
17,195,0
150,124,9.9
116,134,9.9
87,59,9.9
87,30,9.9
171,7,0
50,165,0
32,189,9.9
151,193,0
53,86,9.9
67,75,0
165,62,9.9
3,39,9.9
116,23,9.9
144,117,0
8,118,9.9
165,96,0
194,86,0
116,34,9.9
45,173,9.9
134,61,9.9
174,81,0
136,63,0
91,116,0
60,198,9.9
182,37,0
116,161,0
63,40,9.9
165,90,9.9
26,66,9.9
160,37,9.9
157,193,0
50,94,9.9
125,3,9.9
177,99,0
40,25,0
45,178,0
11,183,0
114,133,0
45,127,9.9
110,176,0
111,120,9.9
147,12,9.9
10,42,9.9
179,156,0
51,70,0
125,36,9.9
171,191,9.9
7,61,9.9
20,77,0
175,91,0
169,72,9.9
129,79,0
103,1,9.9
143,114,0
19,23,9.9
199,199,9.9
103,196,9.9
184,10,9.9
138,127,9.9
166,140,0
125,19,0
56,75,0
64,152,9.9
177,9,0
22,144,0
147,9,0
113,106,9.9
149,120,0
110,166,9.9
11,62,9.9
71,55,9.9
151,115,0
154,7,9.9
56,114,0
172,147,9.9
166,157,0
63,86,9.9
109,54,9.9
114,58,9.9
113,168,9.9
151,11,0
191,134,0
122,186,9.9
142,160,9.9
87,55,0
194,123,9.9
57,134,9.9
131,178,9.9
62,142,9.9
34,181,9.9
157,11,0
163,197,9.9
94,155,9.9
80,146,9.9
148,137,9.9
28,7,9.9
158,99,0
164,38,0
108,81,0
181,197,9.9
56,85,9.9
163,123,0
194,71,0
175,183,0
131,22,0
113,113,9.9
49,80,0
89,100,0
163,118,9.9
17,57,9.9
3,155,0
77,10,9.9
135,72,0
69,52,0
158,93,0
7,148,0
0,1,0
55,45,9.9
185,80,0
41,98,9.9
119,30,0
26,186,0
1,177,9.9
166,32,0
164,11,0
125,154,0
194,139,0
68,93,0
45,188,0
57,127,0
119,32,9.9
81,162,0
37,62,0
10,196,9.9
138,87,9.9
26,137,9.9
43,104,0
78,113,0
76,84,0
137,77,9.9
148,112,9.9
197,153,9.9
172,119,0
10,91,9.9
31,152,0
55,81,0
97,11,0
94,77,0
104,66,0
150,13,0
60,35,9.9
109,66,0
96,95,0
140,178,0
29,1,9.9
17,34,9.9
133,160,9.9
155,39,9.9
21,189,9.9
183,107,9.9
85,6,9.9
123,140,9.9
177,4,9.9
92,68,9.9
192,152,0
75,32,0
25,151,0
31,59,9.9
185,156,0
112,112,0
90,136,0
90,91,9.9
4,10,9.9
122,199,0
72,68,0
161,186,9.9
19,68,9.9
17,111,9.9
28,85,9.9
195,179,9.9
75,78,0
127,90,9.9
107,7,9.9
48,17,9.9
149,51,0
39,34,0
114,62,9.9
143,76,9.9
171,35,9.9
130,63,0
110,15,0
84,26,0
65,82,9.9
84,193,0
77,132,0
156,156,9.9
68,181,0
110,172,9.9
20,81,9.9
90,129,0
42,123,0
61,166,9.9
147,192,0
76,23,0
46,132,9.9
150,149,0
117,159,9.9
143,25,9.9
10,74,0
168,194,0
72,98,0
47,97,9.9
120,100,9.9
162,60,9.9
85,35,9.9
68,157,9.9
72,31,0
135,30,0
169,165,9.9
176,82,9.9
66,46,0
146,115,9.9
98,162,0
26,147,9.9
154,101,9.9
27,142,9.9
193,41,0
137,0,0
64,151,9.9
27,113,9.9
151,20,9.9
130,39,9.9
17,39,9.9
193,127,9.9
95,171,0
156,149,9.9
12,163,0
84,126,9.9
179,71,9.9
175,75,9.9
53,162,9.9
9,92,0
112,145,0
61,5,9.9
181,141,0
75,10,9.9
131,172,0
51,92,0
74,49,9.9
4,52,9.9
86,30,0
42,198,9.9
46,78,9.9
122,138,9.9
107,85,9.9
132,129,9.9
31,21,9.9
19,39,0
83,148,0
112,134,0
113,75,9.9
31,90,9.9
15,121,0
30,36,9.9
42,156,0
180,138,0
164,3,0
160,4,9.9
56,51,0
195,19,9.9
140,191,0
82,123,9.9
37,186,9.9
131,132,9.9
184,86,9.9
109,36,9.9
18,52,9.9
107,168,9.9
95,178,0
50,180,0
76,45,0
53,152,0
191,192,0
143,194,9.9
111,84,9.9
79,165,9.9
122,127,0
65,179,9.9
95,175,0
108,157,9.9
188,60,0
67,173,9.9
110,26,9.9
130,57,9.9
151,174,9.9
22,46,9.9
196,37,9.9
156,76,9.9
136,164,9.9
3,44,0
115,186,0
199,133,0
192,29,0
97,9,0
147,102,0
28,164,0
157,53,9.9
44,54,9.9
147,169,9.9
148,139,0
54,107,0
32,128,0
150,175,0
116,133,9.9
139,144,9.9
41,57,9.9
66,157,9.9
88,9,9.9
13,82,0
175,111,9.9
172,93,9.9
127,126,0
138,104,0
35,95,0
143,185,0
72,29,9.9
192,42,0
162,11,0
57,175,9.9
173,9,0
110,99,0
117,64,0
164,199,0
103,133,0
21,181,9.9
36,119,9.9
190,79,0
7,143,9.9
61,21,9.9
4,177,9.9
120,52,0
113,73,9.9
153,56,0
35,161,9.9
37,97,0
50,62,9.9
174,201,0
22,182,9.9
72,122,0
32,198,0
160,104,9.9
32,33,9.9
111,124,0
170,132,9.9
172,13,0
46,174,0
168,95,9.9
187,110,9.9
114,33,0
37,68,9.9
90,37,0
182,64,0
13,98,9.9
0,158,9.9
65,95,9.9
183,25,9.9
53,93,9.9
89,66,0
198,11,0
194,25,0
162,15,0
77,102,9.9
75,196,9.9
92,161,0
135,117,9.9
160,176,0
56,43,9.9
194,132,0
188,42,0
0,126,9.9
69,86,0
106,141,0
10,182,9.9
138,29,9.9
28,108,0
109,80,0
133,46,0
107,49,0
11,84,9.9
144,90,0
34,0,9.9
103,85,0
12,192,0
44,128,9.9
162,82,0
26,89,0
131,48,0
37,42,9.9
162,68,9.9
23,124,9.9
97,178,9.9
89,96,9.9
177,105,0
171,101,0
147,189,0
61,87,0
33,7,9.9
29,137,0
15,32,0
70,70,0
162,10,0
81,133,0
81,105,9.9
146,104,9.9
35,140,9.9
188,116,0
157,83,9.9
130,137,9.9
3,128,0
167,180,0
22,183,9.9
94,44,0
4,155,0
93,131,9.9
37,197,9.9
124,22,9.9
100,148,9.9
168,87,9.9
48,86,9.9
70,157,0
178,41,0
117,183,9.9
56,170,0
174,173,0
198,188,9.9
50,42,0
26,112,9.9
33,57,9.9
67,110,0
34,111,9.9
11,201,0
4,182,0
59,114,0
198,162,0
177,111,9.9
53,126,0
0,168,9.9
2,59,0
170,68,0
2,171,0
15,63,9.9
18,158,0
103,47,9.9
193,65,9.9
9,185,9.9
29,52,0
17,86,0
122,43,9.9
122,169,9.9
140,147,0
185,102,9.9
122,3,9.9
17,82,9.9
165,184,9.9
83,196,0
68,9,0
151,159,9.9
130,182,9.9
0,137,9.9
52,63,9.9
33,60,0
80,135,0
27,198,9.9
107,188,9.9
88,44,9.9
18,182,9.9
170,179,0
184,198,9.9
113,118,0
110,82,0
80,80,0
165,147,0
148,67,9.9
176,0,0
101,41,9.9
96,178,9.9
74,155,9.9
181,82,9.9
174,36,0
67,175,0
90,92,9.9
96,74,0
56,53,0
129,73,0
7,126,0
92,54,9.9
15,144,0
154,156,9.9
19,27,0
184,136,0
104,126,9.9
184,23,9.9
178,13,0
2,126,0
75,15,0
173,44,0
195,27,0
197,67,9.9
35,81,9.9
2,101,9.9
23,82,9.9
197,108,0
52,44,9.9
167,44,0
173,110,9.9
63,15,0
153,194,0
179,150,0
188,94,0
12,6,9.9
92,67,9.9
2,43,0
37,27,9.9
62,181,0
169,62,9.9
118,80,9.9
197,19,9.9
59,15,9.9
85,47,9.9
124,134,9.9
164,96,9.9
164,119,0
35,51,0
182,9,0
119,186,9.9
5,147,0
42,115,0
191,130,9.9
84,102,9.9
22,4,0
78,19,0
192,25,9.9
49,157,9.9
69,10,9.9
104,186,9.9
111,158,9.9
103,130,9.9
111,194,9.9
83,96,0
183,34,9.9
112,197,0
7,27,0
110,194,9.9
130,134,0
16,108,9.9
166,153,9.9
178,95,0
11,45,9.9
89,160,0
120,87,9.9
173,188,9.9
98,55,9.9
96,190,0
170,60,0
103,48,0
90,154,0
35,28,0
171,9,9.9
101,45,0
192,181,0
113,61,0
186,77,9.9
105,115,9.9
85,175,0
134,4,0
103,166,0
160,96,9.9
49,86,9.9
129,40,9.9
153,95,9.9
118,176,9.9
148,177,9.9
21,19,0
157,162,0
51,49,9.9
140,57,9.9
88,179,0
24,46,9.9
13,191,0
190,65,9.9
161,81,9.9
70,190,0
21,69,0
83,121,9.9
18,176,0
87,163,0
161,38,0
6,99,0
193,81,9.9
6,48,9.9
193,100,9.9
20,133,9.9
176,105,0
191,68,0
112,41,9.9
179,178,0
72,41,9.9
96,174,9.9
124,105,9.9
89,135,0
105,68,0
67,73,9.9
36,49,9.9
43,129,9.9
127,143,0
176,43,0
113,115,9.9
136,128,0
75,54,9.9
30,157,0
147,21,0
78,172,9.9
107,71,9.9
195,160,0
41,167,0
166,81,0
133,155,0
106,12,0
29,18,9.9
51,73,0
194,140,0
84,104,9.9
91,136,0
41,117,0
21,89,9.9
2,147,0
167,45,9.9
28,73,0
167,42,0
15,23,9.9
56,19,9.9
71,75,0
134,132,0
188,81,9.9
62,25,0
129,59,0
102,102,9.9
140,121,9.9
4,19,0
174,178,9.9
181,80,9.9
135,84,9.9
190,156,9.9
65,56,0
116,29,0
143,83,0
69,102,0
156,196,0
174,177,9.9
193,188,9.9
90,52,9.9
5,49,0
4,97,0
63,101,9.9
137,73,9.9
0,182,0
77,19,9.9
78,180,0
45,199,9.9
154,182,9.9
37,143,9.9
112,70,9.9
121,175,0
59,172,9.9
89,35,9.9
51,19,0
15,25,0
133,88,9.9
101,152,0
144,156,0
86,147,9.9
154,79,9.9
121,55,9.9
107,138,9.9
32,2,0
154,42,0
107,27,0
15,12,0
124,70,0
91,90,9.9
128,48,0
162,146,9.9
70,17,0
76,20,0
133,91,9.9
182,5,9.9
27,123,9.9
189,134,9.9
65,152,0
129,157,9.9
196,57,0
172,170,9.9
172,108,9.9
84,97,0
118,94,9.9
0,145,0
5,141,9.9
105,63,0
124,99,0
88,131,9.9
183,201,9.9
7,125,9.9
14,174,0
101,128,9.9
107,132,9.9
83,19,0
106,185,0
163,190,9.9
173,199,0
153,82,9.9
38,71,9.9
138,49,0
92,126,9.9
48,179,0
22,90,0
168,3,0
122,40,0
178,42,0
85,72,9.9
74,141,9.9
130,169,9.9
93,51,0
88,197,0
84,65,9.9
15,108,0
70,11,0
14,90,9.9
116,76,0
88,33,9.9
127,128,9.9
6,91,0
91,14,9.9
165,186,9.9
100,126,9.9
91,127,0
50,3,9.9
22,97,9.9
66,71,9.9
181,29,0
181,90,9.9
42,56,0
179,18,9.9
15,97,0
72,82,0
10,84,0
17,98,0
163,23,0
110,151,0
41,96,0
12,123,9.9
84,68,0
68,26,9.9
80,153,0
198,7,9.9
117,29,9.9
26,185,9.9
96,56,0
197,60,0
10,47,0
184,144,9.9
169,41,9.9
185,154,9.9
22,71,0
150,123,9.9
33,87,0
180,106,9.9
103,29,9.9
12,90,9.9
18,145,9.9
79,21,0
172,167,0
85,45,9.9
147,62,0
13,102,0
184,65,9.9
78,181,9.9
151,105,9.9
86,5,0
93,16,9.9
92,2,0
24,43,0
57,38,9.9
53,196,0
37,141,9.9
111,97,0
72,40,9.9
34,154,9.9
11,140,0
67,176,0
53,2,0
74,124,0
18,140,9.9
145,142,0
35,163,0
19,137,9.9
112,62,9.9
74,98,0
45,183,9.9
120,13,9.9
117,172,9.9
121,182,9.9
76,138,9.9
30,184,9.9
139,143,9.9
12,168,0
143,133,0
45,23,0
157,157,0
116,0,0
85,184,9.9
96,135,9.9
197,129,0
54,136,0
137,63,0
82,61,0
3,166,9.9
34,135,0
197,87,0
186,164,0
137,62,9.9
113,108,9.9
46,189,9.9
186,181,9.9
142,171,9.9
56,134,0
113,181,0
8,113,9.9
193,140,0
34,185,0
17,117,9.9
103,5,9.9
151,125,0
8,132,0
81,56,0
165,58,9.9
171,43,9.9
150,61,0
36,192,9.9
41,0,9.9
154,36,9.9
152,158,9.9
12,8,9.9
139,6,0
82,9,9.9
55,118,0
25,84,0
166,66,0
164,7,9.9
47,171,0
69,129,0
72,57,9.9
6,18,9.9
82,201,0
67,161,9.9
166,124,9.9
178,66,9.9
162,67,9.9
30,173,0
85,13,9.9
148,70,9.9
61,114,9.9
4,161,9.9
149,50,0
167,138,9.9
10,189,9.9
154,110,9.9
28,146,0
49,82,0
62,60,0
170,130,0
41,145,9.9
134,194,0
52,183,0
101,138,0
71,46,0
177,115,9.9
194,27,9.9
84,178,0
186,47,9.9
122,26,0
90,87,9.9
189,189,9.9
127,96,0
132,163,9.9
40,18,9.9
153,21,0
60,76,0
190,197,0
110,7,0
144,114,0
129,136,0
33,117,0
150,92,9.9
38,41,0
104,140,9.9
64,90,9.9
118,49,9.9
148,171,0
44,67,0
110,137,0
177,113,0
101,176,0
149,3,0
47,29,9.9
189,27,0
163,165,9.9
184,159,9.9
24,17,9.9
34,68,9.9
147,112,0
48,153,9.9
86,175,0
133,152,9.9
143,148,9.9
76,18,0
5,160,9.9
143,117,9.9
116,120,9.9
35,100,9.9
6,34,0
0,189,9.9
10,195,0
42,57,9.9
106,129,9.9
136,114,0
82,135,9.9
58,46,0
4,123,0
145,20,9.9
45,36,9.9
94,179,0
78,195,9.9
41,144,9.9
113,71,9.9
156,127,9.9
65,90,9.9
72,185,9.9
65,67,0
154,131,9.9
77,175,9.9
73,23,0
72,183,0
1,137,0
111,21,0
171,119,9.9
43,4,0
56,14,0
32,3,9.9
74,136,9.9
195,170,0
48,110,0
188,96,9.9
38,196,9.9
66,9,0
33,85,0
50,44,9.9
158,135,0
51,126,0
122,83,9.9
161,33,9.9
181,91,0
22,103,0
67,81,9.9
146,133,0
151,132,9.9
11,132,9.9
93,3,0
39,162,9.9
185,5,9.9
115,116,9.9
132,87,0
192,23,0
84,176,0
1,30,9.9
42,15,0
120,143,9.9
115,18,0
88,170,0
87,36,0
173,69,0
182,94,0
167,7,0
32,201,9.9
93,104,9.9
48,55,0
172,39,0
107,157,9.9
60,29,0
88,172,9.9
49,99,9.9
93,140,0
153,186,0
34,141,0
82,94,0
102,17,0
112,139,0
7,114,9.9
104,4,9.9
106,79,0
88,154,0
149,166,9.9
100,200,0
37,73,0
113,198,9.9
93,93,0
165,119,9.9
73,118,9.9
146,4,9.9
161,161,0
36,24,0
160,101,0
116,82,0
4,134,9.9
9,108,0
21,9,0
67,87,0
21,170,0
187,191,0
181,94,9.9
147,46,0
181,93,9.9
142,51,9.9
27,145,9.9
16,24,9.9
11,189,9.9
37,176,9.9
97,139,9.9
162,165,0
168,105,0
134,160,0
20,66,0
84,46,0
52,66,0
90,170,9.9
151,122,9.9
30,81,9.9
192,79,9.9
93,74,9.9
176,59,0
45,118,9.9
187,149,9.9
182,85,0
21,161,9.9
56,29,9.9
125,85,0
129,125,0
70,123,0
105,185,0
139,26,0
75,193,9.9
95,184,9.9
74,107,0
16,65,0
56,152,9.9
71,89,0
191,114,9.9
121,117,9.9
153,59,0
132,116,0
38,122,9.9
3,151,0
50,131,9.9
172,133,0
102,24,0
141,109,0
160,8,0
95,101,9.9
90,192,9.9
85,192,0
19,10,0
40,8,9.9
117,116,0
23,53,0
64,185,9.9
190,69,0
44,88,0
35,13,9.9
97,162,0
73,104,9.9
28,178,0
128,100,9.9
95,172,9.9
71,130,0
45,18,0
147,91,0
128,183,9.9
1,106,0
52,200,0
104,97,9.9
166,158,0
90,84,0
161,67,0
157,63,0
168,77,9.9
50,182,9.9
191,15,9.9
178,54,9.9
121,154,9.9
23,162,9.9
31,172,9.9
82,190,0
115,144,0
130,72,9.9
115,126,9.9
84,60,9.9
120,188,0
99,192,9.9
197,70,0
137,18,9.9
147,8,0
116,185,0
115,15,9.9
123,136,0
163,130,0
35,85,9.9
159,83,9.9
127,19,0
18,20,9.9
3,183,9.9
135,9,9.9
54,167,9.9
98,131,0
167,30,9.9
178,173,0
26,77,9.9
88,26,0
142,38,0
78,41,0
10,186,0
145,40,0
27,104,0
49,49,9.9
161,80,0
33,133,9.9
106,93,0
9,165,9.9
118,108,9.9
93,56,0
130,188,9.9
120,152,9.9
106,133,0
196,116,0
121,120,0
60,131,0
76,125,9.9
111,28,0
42,24,9.9
130,116,0
43,7,9.9
16,51,0
51,95,9.9
192,3,0
38,68,0
45,131,0
153,175,9.9
130,33,9.9
154,157,0
180,195,9.9
61,112,0
188,27,0
67,122,0
74,41,9.9
79,27,0
26,188,0
8,80,9.9
144,157,9.9
95,162,0
75,38,0
105,28,9.9
101,187,9.9
141,197,9.9
191,188,9.9
51,15,9.9
61,101,0
114,51,9.9
128,35,0
75,5,9.9
124,136,0
153,46,9.9
0,51,9.9
138,69,9.9
181,104,9.9
77,54,0
102,194,0
82,195,0
12,199,0
96,171,0
77,14,0
153,27,0
80,72,0
51,117,9.9
195,2,0
122,91,0
37,30,0
140,6,9.9
83,111,0
29,169,0
11,58,9.9
193,111,0
76,163,9.9
143,55,0
10,159,9.9
114,13,9.9
68,112,9.9
60,192,9.9
160,68,0
8,148,9.9
157,95,0
61,43,0
53,94,0
4,152,9.9
37,163,9.9
9,15,0
178,32,9.9
165,198,9.9
133,5,0
178,103,0
65,159,0
26,54,0
89,82,0
82,105,0
100,133,0
165,153,9.9
131,62,0
102,122,0
160,94,0
97,74,0
109,101,0
151,44,0
192,136,9.9
6,84,0
88,122,0
77,77,9.9
34,162,9.9
39,166,0
132,65,9.9
28,44,9.9
2,7,0
59,200,0
43,72,9.9
21,184,0
144,20,0
3,117,9.9
12,113,9.9
58,34,9.9
189,201,0
99,170,9.9
25,157,9.9
136,29,0
135,182,0
156,123,0
92,13,9.9
118,61,9.9
102,88,0
176,81,0
84,199,9.9
56,133,0
6,85,9.9
96,104,9.9
106,117,9.9
117,180,0
32,164,9.9
58,89,0
158,94,9.9
69,69,9.9
149,196,0
72,0,9.9
16,151,0
116,101,9.9
141,102,0
183,11,9.9
66,141,9.9
42,44,9.9
193,74,0
37,45,9.9
198,80,9.9
158,188,0
74,185,0
31,3,0
54,93,0
177,168,9.9
126,134,0
193,109,9.9
175,151,0
138,97,0
184,83,0
41,189,0
186,138,9.9
161,35,9.9
66,75,0
62,97,0
121,110,9.9
157,197,9.9
91,85,9.9
101,37,0
111,15,9.9
115,139,9.9
126,200,9.9
59,181,9.9
129,131,0
138,174,9.9
48,152,0
80,83,9.9
81,30,0
172,152,9.9
98,28,9.9
8,183,0
7,130,9.9
20,47,9.9
61,53,0
175,158,9.9
103,191,9.9
86,185,0
78,54,0
64,100,0
155,45,9.9
98,36,0
156,97,0
149,88,0
77,51,0
105,126,0
179,36,9.9
6,115,0
1,111,0
86,6,0
15,29,0
97,158,0
118,23,0
108,30,9.9
99,3,9.9
117,9,0
146,141,9.9
119,89,9.9
72,91,9.9
178,51,9.9
43,178,9.9
113,6,9.9
53,122,9.9
192,137,0
82,78,0
53,87,9.9
106,113,9.9
125,73,0
11,50,9.9
112,194,0
196,153,9.9
18,127,0
173,45,9.9
41,20,9.9
89,122,9.9
117,24,0
182,6,9.9
156,128,9.9
126,82,9.9
59,188,9.9
156,71,9.9
16,99,9.9
3,32,0
31,183,9.9
69,63,0
116,11,0
153,26,0
11,184,0
87,138,0
35,143,9.9
199,58,9.9
67,83,0
75,122,9.9
152,150,9.9
130,124,9.9
3,85,9.9
91,197,0
151,91,0
65,133,0
65,193,9.9
80,51,0
187,80,0
159,58,0
41,201,9.9
64,201,9.9
14,185,0
105,164,0
136,156,0
125,72,0
96,62,9.9
129,156,9.9
180,74,9.9
12,149,0
3,63,9.9
190,7,0
32,197,9.9
20,148,9.9
47,32,9.9
194,144,0
86,50,0
104,70,0
152,44,0
93,46,0
31,28,0
3,88,0
189,72,0
112,141,9.9
79,55,0
65,0,0
55,177,9.9
46,58,9.9
105,139,0
168,120,9.9
39,19,0
107,83,9.9
185,79,9.9
118,96,9.9
156,189,9.9
32,28,9.9
168,170,0
90,40,9.9
165,109,9.9
119,111,0
110,47,9.9
120,148,0
12,15,0
91,101,9.9
192,105,9.9
104,80,0
174,181,9.9
50,155,0
86,170,9.9
23,193,0
171,154,0
180,8,9.9
104,174,0
59,67,9.9
90,70,9.9
144,44,0
61,100,9.9
96,195,9.9
196,41,9.9
64,108,9.9
101,135,9.9
143,153,9.9
3,182,0
167,189,9.9
81,128,9.9
175,89,9.9
185,1,9.9
122,197,9.9
38,170,0
34,6,0
74,9,0
13,29,0
53,35,0
181,161,0
42,138,9.9
44,95,9.9
168,166,0
180,194,9.9
112,80,9.9
118,55,9.9
9,103,0
63,100,9.9
155,54,0
2,55,9.9
58,23,0
41,151,0
107,118,0
69,125,0
70,129,0
95,131,0
2,139,0
89,7,0
184,184,0
114,161,0
181,153,0
20,150,0
6,109,9.9
39,30,9.9
162,195,9.9
164,90,9.9
131,54,9.9
185,62,0
91,111,0
48,15,0
104,199,9.9
183,30,0
104,131,0
154,15,9.9
100,121,0
80,73,9.9
94,62,0
14,123,0
132,169,9.9
36,88,9.9
135,134,0
55,52,9.9
7,201,0
193,70,9.9
54,77,9.9
33,123,9.9
54,195,0
146,43,0
28,71,9.9
34,112,9.9
145,96,0
28,47,9.9
58,148,0
193,197,0
9,93,9.9
95,90,0
4,84,9.9
124,127,0
144,132,9.9
63,139,9.9
167,170,9.9
73,36,0
122,125,0
85,115,0
136,7,9.9
180,192,9.9
96,9,0
1,11,0
69,81,0
161,116,9.9
121,106,0
81,57,0
164,175,9.9
9,29,0
43,28,9.9
100,106,0
148,180,9.9
37,43,9.9
35,73,0
102,66,9.9
53,32,9.9
89,51,9.9
105,50,9.9
177,22,0
171,75,0
152,111,0
113,172,0
189,129,9.9
88,89,0
151,89,9.9
171,64,0
107,134,0
189,100,0
60,77,0
142,79,0
119,195,9.9
56,79,0
48,134,0
99,104,9.9
78,12,9.9
92,44,0
26,92,0
166,149,9.9
151,5,0
75,111,9.9
182,182,0
35,33,9.9
168,2,0
195,133,0
80,49,0
98,124,0
11,121,0
108,189,0
122,76,9.9
17,151,0
9,56,9.9
182,183,9.9
103,177,9.9
132,15,9.9
30,79,9.9
0,80,0
172,83,0
184,172,9.9
133,33,0
76,9,0
12,130,9.9
71,32,0
92,189,0
158,26,0
81,180,9.9
44,60,0
75,183,9.9
196,27,0
24,70,0
66,86,9.9
21,18,0
109,112,0
192,200,0
172,45,0
1,133,0
139,51,0
91,8,0
17,192,0
23,1,9.9
12,87,0
69,54,0
24,99,9.9
13,48,9.9
197,119,9.9
45,146,9.9
28,161,0
120,27,0
148,88,9.9
103,51,9.9
143,139,0
48,8,9.9
25,60,0
158,63,9.9
103,6,9.9
136,71,9.9
138,94,9.9
154,189,0
146,84,0
161,74,9.9
169,176,0
37,168,0
130,123,0
173,97,9.9
31,38,9.9
61,65,9.9
187,135,0
71,26,0
195,97,0
191,23,0
159,145,0
171,48,0
30,135,9.9
109,138,0
181,75,9.9
33,200,9.9
94,133,9.9
46,37,9.9
169,110,9.9
113,141,0
10,145,9.9
38,29,0
107,57,0
141,82,9.9
33,2,9.9
85,146,0
65,127,9.9
38,44,0
165,123,0
94,10,0
2,146,9.9
136,87,9.9
25,76,0
113,145,0
142,6,0
84,4,0
20,39,0
152,181,9.9
110,168,0
148,38,0
118,19,9.9
97,84,0
159,147,0
46,100,0
141,113,9.9
160,125,9.9
159,100,9.9
149,71,9.9
167,134,0
110,154,0
29,141,9.9
150,174,0
148,181,0
189,88,9.9
196,32,9.9
47,83,9.9
46,169,0
62,113,9.9
13,157,9.9
81,39,0
108,17,0
107,86,9.9
37,51,9.9
165,196,9.9
48,42,0
159,158,9.9
92,18,9.9
6,148,9.9
198,161,9.9
118,15,9.9
115,5,0
117,27,0
75,31,0
114,166,0
80,128,9.9
182,69,9.9
192,197,9.9
17,69,0
108,57,0
43,187,9.9
39,31,0
175,110,0
100,3,9.9
59,99,0
148,73,9.9
119,39,9.9
107,23,0
29,48,0
198,47,0
71,199,0
126,15,9.9
111,159,0
70,71,9.9
37,173,0
103,200,0
115,35,0
40,26,0
191,170,9.9
46,41,9.9
175,189,0
18,47,0
2,74,9.9
12,68,0
197,109,9.9
99,78,0
41,160,0
131,187,0
174,105,0
53,15,9.9
71,109,0
51,7,0
171,78,9.9
198,86,9.9
81,66,9.9
30,142,0
116,44,0
73,63,9.9
155,109,9.9
96,108,9.9
64,35,0
105,87,0
25,58,9.9
153,187,0
49,148,0
57,135,9.9
197,103,0
18,198,9.9
145,154,0
24,0,9.9
101,89,0
85,169,0
179,192,9.9
160,147,9.9
150,67,9.9
22,121,0
146,124,0
115,33,0
45,3,9.9
186,36,0
74,40,0
144,42,9.9
158,147,9.9
124,64,9.9
51,177,0
17,70,9.9
2,73,0
137,112,0
60,166,9.9
93,44,0
126,74,9.9
93,163,9.9
126,108,9.9
12,193,0
90,199,0
183,178,9.9
21,87,9.9
138,102,0
125,175,0
194,186,0
165,70,9.9
158,69,9.9
146,73,0
144,32,0
175,147,0
43,77,0
167,146,0
86,145,9.9
164,174,0
30,12,9.9
125,148,0
175,26,0
172,67,0
14,139,0
127,156,0
28,36,0
85,43,9.9
91,133,0
145,39,0
40,136,0
8,81,9.9
68,80,9.9
187,99,9.9
162,134,0
90,90,0
17,71,9.9
178,137,9.9
178,111,0
111,105,0
145,141,0
119,184,0
59,104,9.9
69,6,9.9
194,150,0
119,57,0
65,45,9.9
191,109,0
13,166,0
171,151,0
47,43,0
110,159,9.9
110,130,0
56,34,0
44,64,9.9
193,173,0
48,157,0
0,112,0
7,13,0
92,152,9.9
39,6,0
60,84,9.9
5,90,9.9
77,24,9.9
134,5,9.9
153,54,0
3,4,9.9
187,23,0
58,126,9.9
115,175,9.9
122,195,9.9
127,95,0
189,34,9.9
67,169,9.9
101,67,9.9
9,32,0
196,29,9.9
149,83,0
27,197,0
146,150,9.9
30,21,0
99,83,9.9
175,64,9.9
153,190,9.9
23,95,9.9
167,12,9.9
135,181,9.9
111,76,0
169,133,0
126,89,0
131,70,9.9
123,124,9.9
18,104,0
54,119,0
143,17,0
29,175,0
157,196,9.9
61,50,0
156,0,0
22,73,9.9
113,160,9.9
145,38,9.9
119,103,0
5,45,9.9
126,128,9.9
41,184,0
172,6,9.9
193,125,9.9
103,108,0
170,78,9.9
135,199,9.9
142,195,0
101,63,0
55,174,0
54,186,9.9
54,67,0
18,117,9.9
110,105,0
1,48,0
16,180,9.9
164,94,9.9
143,164,9.9
8,173,9.9
158,108,9.9
84,20,0
150,180,0
27,192,9.9
147,34,0
23,55,9.9
87,23,9.9
68,162,0
149,109,9.9
59,118,0
149,55,0
61,159,9.9
193,104,0
99,96,0
88,3,0
148,18,0
139,150,0
48,195,0
41,50,0
57,32,0
168,51,9.9
135,90,0
139,131,9.9
130,119,9.9
78,155,9.9
186,20,9.9
95,186,0
52,197,0
105,7,9.9
65,101,9.9
58,91,0
142,176,0
65,78,0
13,1,9.9
197,144,0
63,78,9.9
139,59,9.9
14,188,0
60,156,9.9
161,4,0
123,24,0
113,191,0
69,115,0
52,156,0
197,158,0
177,58,9.9
145,195,0
143,30,9.9
64,176,0
93,33,9.9
88,143,0
122,7,0
170,93,0
67,189,9.9
36,193,0
147,44,9.9
155,101,0
188,95,0
50,61,0
20,70,9.9
56,104,0
83,155,9.9
152,0,9.9
185,6,9.9
167,23,9.9
192,40,9.9
143,39,9.9
31,8,0
185,2,0
151,85,9.9
33,74,0
43,79,9.9
107,37,9.9
8,11,0
36,75,9.9
171,70,9.9
174,55,9.9
63,64,9.9
98,179,0
140,16,0
103,106,9.9
67,0,9.9
141,44,0
178,133,0
39,7,0
124,200,0
170,48,9.9
43,64,9.9
29,185,0
121,18,0
31,31,9.9
189,42,0
139,163,9.9
28,78,0
189,185,9.9
101,32,0
36,7,0
149,1,9.9
45,156,9.9
61,147,9.9
100,93,0
199,35,0
7,194,0
64,162,9.9
128,95,9.9
41,134,0
153,66,9.9
113,148,0
6,146,9.9
115,50,0
129,61,0
147,97,9.9
9,11,0
59,76,0
165,124,9.9
177,141,0
138,183,9.9
120,76,9.9
195,98,0
146,170,0
40,71,0
198,152,9.9
14,93,0
139,74,9.9
13,147,0
196,44,0
180,116,9.9
76,130,0
144,185,0
170,41,9.9
1,162,0
187,116,9.9
25,112,0
14,132,0
104,142,0
30,128,0
194,112,9.9
42,58,0
64,95,0
196,21,9.9
83,170,9.9
22,151,0
69,201,9.9
63,90,9.9
171,178,0
100,40,0
40,133,9.9
31,186,0
170,199,0
92,96,0
87,171,0
63,83,0
171,86,9.9
120,59,0
166,38,9.9
195,150,9.9
103,136,9.9
87,166,0
75,116,0
39,145,9.9
189,20,9.9
132,181,0
164,63,9.9
167,155,9.9
113,195,9.9
88,20,0
194,82,0
36,32,0
89,15,9.9
123,58,0
125,7,0
190,138,0
87,106,0
163,94,9.9
29,97,0
134,71,9.9
32,86,9.9
76,169,0
46,99,9.9
128,16,9.9
113,62,9.9
156,35,9.9
108,85,9.9
54,114,9.9
137,32,0
172,172,9.9
21,196,0
62,138,0
48,143,0
134,73,9.9
51,142,0
192,101,0
197,106,9.9
128,4,9.9
151,97,0
2,188,9.9
111,62,9.9
45,201,0
99,82,9.9
37,25,9.9
192,2,0
160,173,9.9
110,153,9.9
145,86,0
5,62,9.9
18,91,0
198,19,9.9
72,179,0
66,107,0
129,38,0
35,162,9.9
168,183,9.9
98,144,0
182,185,9.9
140,170,9.9
10,138,9.9
129,7,0
160,162,9.9
36,148,0
150,34,0
120,90,9.9
149,63,0
57,153,0
180,73,9.9
77,26,0
107,192,9.9
198,79,0
142,189,9.9
182,97,9.9
112,121,9.9
43,116,0
169,132,9.9
10,54,9.9
100,113,0
49,192,9.9
16,87,9.9
22,173,9.9
30,34,9.9
72,108,0
173,27,0
117,48,0
143,66,9.9
104,156,0
2,68,9.9
175,31,0
181,96,0
50,124,0
21,78,9.9
90,35,0
72,147,9.9
56,25,9.9
177,190,0
160,31,0
11,165,0
101,0,9.9
60,21,9.9
33,89,0
38,56,0
9,142,9.9
184,63,0
94,14,9.9
115,3,0
117,154,9.9
136,127,0
126,113,9.9
133,34,9.9
91,169,0
149,179,9.9
70,38,9.9
94,89,9.9
157,183,0
118,151,9.9
161,139,9.9
182,83,9.9
104,84,0
113,42,0
24,37,9.9
189,39,9.9
157,114,9.9
192,10,9.9
174,145,9.9
3,38,0
171,145,9.9
166,36,0
162,50,9.9
5,77,9.9
155,188,9.9
122,180,9.9
125,50,9.9
10,79,0
101,10,9.9
136,133,0
152,53,9.9
42,17,9.9
162,45,0
147,148,0
179,66,0
159,165,0
30,58,0
32,97,0
148,146,9.9
15,106,0
147,61,9.9
22,196,9.9
197,126,0
21,201,0
87,79,9.9
87,169,9.9
71,163,9.9
22,25,9.9
51,48,9.9
116,96,9.9
171,144,0
50,63,0
134,120,9.9
187,58,0
99,101,9.9
133,40,0
172,156,9.9
144,24,0
194,94,0
96,101,9.9
96,116,0
144,120,9.9
6,158,9.9
120,145,0
183,79,0
65,72,9.9
103,184,9.9
17,54,0
190,34,0
80,91,9.9
65,171,9.9
129,28,0
14,66,9.9
178,162,9.9
121,0,0
164,116,0
195,25,9.9
178,6,9.9
114,176,0
72,8,9.9
10,48,9.9
155,31,0
166,44,0
48,41,0
21,186,9.9
80,23,9.9
142,157,0
124,24,0
39,86,0
70,181,9.9
153,139,0
186,39,9.9
11,109,9.9
192,71,0
117,3,0
189,57,0
48,114,0
136,61,0
129,81,0
81,193,9.9
142,194,0
87,94,9.9
157,86,0
163,116,9.9
85,30,9.9
132,36,0
177,107,9.9
141,21,9.9
0,56,0
70,65,0
131,136,9.9
32,144,0
109,84,0
40,121,9.9
34,34,9.9
48,58,0
25,18,0
179,163,0
69,116,9.9
33,102,0
81,62,9.9
169,113,0
181,113,0
69,35,9.9
113,74,0
46,119,0
159,195,9.9
18,6,0
126,122,9.9
133,102,0
113,170,0
179,14,0
14,94,9.9
106,7,9.9
93,110,9.9
51,163,9.9
65,14,0
133,81,9.9
38,194,0
26,154,9.9
99,94,0
147,10,0
198,103,0
191,94,0
30,55,9.9
72,110,0
144,129,9.9
45,145,9.9
164,165,9.9
27,165,9.9
169,21,0
76,179,9.9
58,54,9.9
13,142,0
117,179,0
108,199,0
129,12,9.9
106,55,9.9
152,118,9.9
190,186,0
132,38,9.9
87,117,0
184,177,9.9
26,128,0
141,46,0
165,99,0
79,5,9.9
38,168,0
196,180,0
53,139,9.9
140,49,9.9
74,97,0
96,113,9.9
162,59,0
136,88,0
86,104,9.9
180,4,0
191,75,0
96,137,0
85,38,9.9
157,130,0
76,19,9.9
99,134,9.9
42,197,9.9
99,175,0
131,80,9.9
101,96,9.9
183,38,9.9
7,44,9.9
9,153,9.9
54,11,9.9
1,27,9.9
138,194,9.9
106,97,0
65,31,0
41,66,9.9
158,153,0
62,147,0
193,67,0
76,105,0
91,103,0
101,5,9.9
101,195,9.9
98,171,9.9
111,49,9.9
6,78,0
145,1,0
180,142,9.9
47,111,9.9
17,75,9.9
9,107,9.9
13,88,0
129,129,9.9
117,70,9.9
100,64,0
29,162,0
27,133,9.9
76,128,9.9
84,190,9.9
160,11,9.9
74,128,9.9
61,103,9.9
155,193,0
178,117,9.9
15,24,0
35,97,0
127,14,0
160,195,9.9
51,84,9.9
132,112,0
44,172,0
191,12,9.9
174,172,0
90,20,0
58,194,0
136,35,0
66,178,9.9
133,198,9.9
178,184,9.9
95,63,9.9
189,144,9.9
31,70,0
164,129,0
145,21,9.9
124,87,0
130,133,0
6,16,9.9
92,32,0
190,124,9.9
3,15,0
126,148,0
65,198,0
100,104,9.9
191,16,0
32,69,9.9
84,166,0
29,73,9.9
73,40,0
150,26,0
23,54,0
12,106,9.9
111,6,9.9
9,158,0
129,76,0
71,78,0
118,109,9.9
77,187,9.9
155,2,9.9
115,159,9.9
113,11,0
6,64,0
74,108,0
20,193,0
108,124,0
53,110,0
95,176,9.9
35,104,0
74,178,0
125,35,9.9
1,35,0
79,65,0
120,120,0
9,75,0
152,1,9.9
146,156,0
133,108,0
0,155,0
13,188,9.9
132,113,9.9
59,43,9.9
28,167,0
79,81,0
34,97,0
87,19,9.9
140,51,0
89,8,0
83,187,0
182,100,0
14,83,9.9
197,50,0
134,87,9.9
21,158,9.9
0,198,0
151,154,0
170,104,0
134,152,0
41,198,9.9
98,87,9.9
197,45,9.9
18,42,9.9
53,72,9.9
125,173,9.9
177,55,9.9
119,51,0
93,123,0
56,22,0
55,77,0
89,5,9.9
106,5,9.9
98,21,9.9
70,183,9.9
30,188,0
193,23,0
174,73,0
85,170,0
116,102,9.9
151,185,0
188,31,9.9
89,193,9.9
87,188,9.9
96,142,0
179,180,0
66,163,0
131,93,0
69,133,9.9
68,153,9.9
160,22,0
40,148,9.9
161,182,0
196,16,9.9
92,185,9.9
186,172,9.9
101,27,9.9
96,180,9.9
89,165,0
113,131,9.9
171,34,9.9
40,28,0
50,125,9.9
197,196,9.9
115,120,0
174,183,9.9
189,73,0
181,11,9.9
162,130,0
138,58,0
147,24,0
94,156,9.9
2,118,9.9
163,117,0
195,31,0
91,93,0
105,34,9.9
88,186,9.9
97,183,9.9
97,55,0
122,20,9.9
40,161,9.9
169,36,9.9
64,136,0
178,167,9.9
50,196,0
135,59,9.9
175,123,0
68,73,9.9
194,73,9.9
7,172,9.9
190,19,0
194,2,0
83,25,9.9
44,198,0
40,5,0
61,60,9.9
24,76,9.9
120,82,0
159,57,9.9
156,46,0
147,167,0
118,66,9.9
7,25,9.9
91,72,9.9
95,88,9.9
112,151,0
61,143,0
14,58,9.9
141,92,0
100,52,9.9
137,57,9.9
62,89,0
193,137,0
22,67,0
88,74,0
56,176,9.9
16,48,9.9
24,88,0
90,114,9.9
29,189,9.9
126,195,0
173,155,0
16,49,9.9
179,27,0
143,143,9.9
109,164,0
22,65,9.9
60,149,9.9
6,37,9.9
183,40,0
36,133,9.9
85,42,9.9
144,9,0
115,67,0
103,198,9.9
115,44,0
1,2,9.9
154,71,9.9
57,128,0
134,147,0
148,201,0
160,24,0
41,131,0
117,47,0
24,9,9.9
7,147,0
188,50,9.9
126,1,0
76,121,0
60,187,9.9
51,1,0
173,113,9.9
62,152,9.9
137,80,0
56,154,0
139,188,9.9
189,29,9.9
130,168,9.9
102,166,0
193,53,0
169,177,9.9
14,61,0
22,91,9.9
101,200,0
187,102,0
135,148,9.9
160,165,0
116,69,0
106,192,9.9
189,23,0
3,47,9.9
118,158,9.9
164,109,0
150,65,0
136,189,0
5,110,9.9
140,161,9.9
60,64,0
139,10,9.9
135,118,9.9
44,113,9.9
187,37,0
74,80,0
159,24,9.9
98,45,9.9
60,137,0
185,164,9.9
17,189,9.9
93,117,9.9
58,162,9.9
27,57,0
11,74,0
26,51,0
2,109,9.9
2,5,0
128,177,0
25,127,0
179,46,0
67,41,9.9
112,49,9.9
168,79,0
198,143,9.9
100,189,9.9
158,34,0
155,15,0
1,26,0
70,82,0
120,80,9.9
117,59,9.9
55,98,9.9
173,78,9.9
95,96,0
47,166,0
42,182,0
60,11,0
81,76,0
150,74,9.9
19,98,0
56,182,9.9
67,167,9.9
108,166,0
197,128,0
83,26,9.9
46,27,9.9
5,106,9.9
89,74,0
42,145,0
86,168,9.9
157,113,0
4,149,9.9
142,198,0
70,153,0
13,127,9.9
173,59,0
32,20,9.9
97,54,9.9
121,53,0
166,160,0
186,177,0
17,166,0
1,86,0
8,95,0
38,113,0
171,159,9.9
183,194,9.9
163,115,9.9
32,41,9.9
112,18,0
135,48,0
3,36,9.9
63,12,0
57,30,0
54,63,0
46,42,9.9
78,198,0
58,151,0
150,130,9.9
60,80,9.9
189,150,0
47,44,9.9
181,77,0
118,104,9.9
70,144,0
130,28,9.9
150,138,9.9
20,10,0
38,95,0
90,190,9.9
95,32,9.9
47,37,0
194,113,0
57,108,0
126,116,9.9
148,105,9.9
93,60,0
63,13,9.9
57,20,0
103,87,9.9
34,142,0
121,100,0
169,18,9.9
30,4,0
97,21,0
29,178,0
27,125,0
146,110,9.9
158,115,0
54,145,0
57,16,0
53,124,9.9
193,27,0
128,58,9.9
39,97,9.9
4,16,9.9
85,9,9.9
176,189,9.9
181,188,0
101,71,0
188,135,9.9
154,128,0
74,110,0
101,160,9.9
108,2,0
121,190,9.9
37,72,0
6,58,9.9
117,120,0
39,141,0
181,105,9.9
146,95,9.9
105,151,9.9
128,179,9.9
160,160,9.9
89,152,0
95,154,9.9
177,165,9.9
138,9,9.9
191,168,0
2,152,9.9
123,68,0
13,0,0
80,46,9.9
198,140,0
109,128,9.9
183,73,9.9
11,161,9.9
184,174,9.9
198,121,9.9
27,190,9.9
15,201,0
95,6,9.9
165,57,9.9
30,115,0
103,158,0
61,144,9.9
187,3,9.9
72,174,9.9
89,67,0
52,182,9.9
163,188,9.9
16,23,9.9
64,10,0
115,200,0
67,179,0
10,21,9.9
73,161,0
181,19,0
107,6,9.9
5,88,0
82,133,0
41,40,0
79,109,0
140,146,0
26,177,9.9
146,177,0
47,145,0
194,92,0
9,167,0
144,184,9.9
47,151,9.9
130,78,0
182,171,9.9
195,117,9.9
25,191,9.9
24,75,9.9
113,179,9.9
147,88,0
164,135,0
56,92,9.9
192,99,0
2,130,9.9
98,128,9.9
133,78,0
63,148,9.9
135,158,0
157,39,0
21,114,0
71,34,0
56,60,0
144,179,9.9
154,198,0
79,162,9.9
169,35,9.9
22,94,0
141,194,9.9
191,117,0
32,5,0
198,78,0
176,142,9.9
57,25,9.9
153,125,0
56,17,0
17,137,0
2,91,9.9
136,56,9.9
99,163,9.9
112,172,0
50,139,0
125,140,0
126,20,9.9
172,166,0
128,26,9.9
123,87,0
40,199,9.9
100,73,9.9
33,174,9.9
140,96,9.9
197,4,9.9
115,100,0
105,116,9.9
168,72,9.9
193,172,9.9
78,99,9.9
70,62,9.9
160,61,9.9
135,55,0
13,77,9.9
121,142,0
95,27,0
2,65,0
192,44,9.9
70,131,9.9
178,16,0
33,141,9.9
26,113,0
176,180,0
147,105,0
12,160,0
182,111,9.9
31,72,9.9
187,63,0
57,50,0
120,8,9.9
50,58,9.9
166,181,9.9
45,181,0
132,104,0
173,50,0
4,105,0
140,45,9.9
152,59,9.9
64,139,9.9
61,98,9.9
192,19,0
57,147,0
139,28,9.9
139,48,9.9
192,67,9.9
153,86,9.9
187,140,0
197,46,9.9
121,200,9.9
51,184,0
169,124,9.9
27,141,0
96,109,9.9
44,84,0
186,42,9.9
33,110,0
176,70,0
149,148,9.9
86,63,0
19,135,0
75,150,0
46,122,0
191,137,9.9
162,132,9.9
97,166,0
25,178,0
11,124,0
102,11,9.9
20,95,9.9
86,177,0
59,64,0
135,125,0
189,78,9.9
65,42,9.9
133,110,9.9
125,10,9.9
100,116,0
162,166,0
138,35,0
171,169,9.9
141,185,0
89,150,0
199,26,9.9
32,195,0
4,192,9.9
36,184,9.9
83,13,0
118,41,9.9
153,159,0
12,166,0
16,106,0
84,57,0
136,121,0
143,63,9.9
68,18,0
92,150,0
66,126,0
164,139,9.9
144,112,9.9
142,68,0
102,34,9.9
67,22,0
51,37,0
97,46,9.9
93,114,0
129,32,0
164,151,9.9
143,160,0
20,59,0
177,198,0
16,47,9.9
196,65,9.9
60,197,9.9
49,135,0
106,17,0
80,162,0
34,76,0
3,139,0
34,52,0
26,198,0
139,104,9.9
190,5,9.9
17,191,0
42,96,9.9
119,128,0
126,80,0
77,139,0
150,140,9.9
193,162,0
140,118,0
47,30,0
66,193,9.9
118,21,9.9
160,6,0
31,13,0
179,119,9.9
161,169,9.9
43,137,0
96,105,9.9
152,201,0
81,137,9.9
158,196,9.9
48,20,0
123,92,0
97,108,9.9
32,150,0
198,156,9.9
106,14,9.9
22,38,9.9
190,164,9.9
67,97,0
26,145,9.9
9,128,9.9
71,152,9.9
71,129,9.9
169,115,9.9
24,83,9.9
105,42,9.9
137,21,9.9
73,122,9.9
129,88,9.9
55,23,9.9
28,192,9.9
19,104,9.9
197,43,0
6,73,9.9
62,9,0
164,27,0
127,84,9.9
131,106,0
75,16,0
58,174,9.9
185,46,0
100,170,0
104,146,0
28,32,9.9
96,196,9.9
39,44,9.9
18,121,0
18,99,9.9
174,70,9.9
50,138,9.9
110,86,0
69,56,9.9
104,200,0
81,21,9.9
174,124,9.9
48,94,9.9
23,125,0
185,133,0
106,1,9.9
69,9,0
97,141,0
148,150,9.9
103,83,9.9
156,163,9.9
116,92,0
128,75,9.9
176,77,0
88,81,9.9
117,139,9.9
27,55,9.9
126,117,9.9
12,71,0
169,99,9.9
60,123,9.9
99,90,0
68,123,9.9
61,193,0
129,162,0
2,81,0
132,160,9.9
164,74,0
169,194,0
99,130,9.9
65,35,9.9
164,163,9.9
103,131,9.9
52,35,9.9
117,92,9.9
14,193,9.9
38,92,9.9
149,172,9.9
127,116,0
79,196,0
178,1,0
114,48,0
49,185,9.9
134,62,0
11,28,9.9
116,78,9.9
128,142,9.9
121,70,0
12,104,0
13,101,9.9
23,196,9.9
67,6,0
95,114,9.9
171,103,0
69,162,0
82,62,9.9
98,129,0
182,195,0
181,50,9.9
4,54,9.9
34,133,0
144,26,0
42,157,9.9
51,66,0
181,157,0
182,117,0
54,81,0
148,28,9.9
152,184,9.9
33,126,0
129,158,0
12,186,0
51,201,0
19,149,9.9
26,111,0
59,124,9.9
180,117,0
199,18,0
81,54,0
143,44,0
141,149,0
19,62,9.9
83,77,9.9
104,128,0
101,184,9.9
40,201,0
76,100,0
43,86,0
66,12,0
0,118,0
103,36,9.9
75,163,9.9
184,164,0
90,10,9.9
98,199,0
117,19,0
172,63,0
104,137,0
129,54,9.9
143,80,9.9
87,62,0
123,98,9.9
79,141,0
65,4,9.9
142,63,9.9
79,2,9.9
70,75,9.9
111,61,0
64,140,9.9
89,85,9.9
138,109,9.9
25,39,9.9
4,21,0
6,31,9.9
147,181,9.9
164,68,0
6,55,9.9
94,75,0
182,4,0
43,42,9.9
97,109,0
86,150,9.9
189,54,0
41,113,9.9
146,122,9.9
185,25,0
167,64,9.9
102,106,0
182,113,9.9
9,86,9.9
54,23,9.9
124,53,9.9
71,175,0
83,51,9.9
179,173,0
153,63,0
194,85,0
110,118,9.9
187,178,0
112,100,9.9
63,116,0
52,133,0
168,17,0
125,111,9.9
175,162,9.9
20,56,0
156,191,9.9
126,120,0
98,73,9.9
42,99,0
74,151,0
162,57,0
165,107,0
106,62,9.9
52,80,0
115,47,9.9
88,112,9.9
117,113,0
118,48,9.9
97,22,0
181,123,9.9
166,191,9.9
102,29,9.9
119,94,0
94,60,0
123,35,0
27,144,0
71,30,9.9
91,142,9.9
84,185,0
175,174,9.9
105,79,9.9
43,74,9.9
10,123,9.9
153,4,9.9
95,54,9.9
10,175,0
127,81,9.9
85,193,0
18,170,0
122,123,9.9
120,71,9.9
136,152,0
30,26,9.9
3,66,9.9
174,40,0
189,56,0
160,51,0
166,179,9.9
28,52,9.9
68,36,9.9
72,27,9.9
50,39,0
169,179,0
21,154,0
16,178,9.9
80,14,0
33,147,9.9
92,29,0
190,149,9.9
48,105,9.9
159,159,0
12,67,0
90,118,9.9
164,188,9.9
135,162,9.9
100,164,0
167,37,9.9
26,122,0
107,191,9.9
182,99,0
97,107,9.9
0,40,0
199,201,0
150,114,9.9
54,78,0
178,49,0
31,197,9.9
79,76,9.9
86,76,9.9
92,105,9.9
199,7,0
176,72,9.9
118,120,0
160,183,0
15,138,0
120,16,9.9
190,23,9.9
171,97,0
121,81,9.9
32,186,9.9
88,95,0
99,182,0
157,98,9.9
136,165,9.9
110,143,9.9
106,156,0
22,152,9.9
185,194,9.9
28,185,9.9
104,93,0
132,73,0
91,66,9.9
149,193,0
88,124,9.9
165,134,0
124,175,9.9
91,123,0
108,7,0
39,89,9.9
18,15,0
27,18,9.9
31,111,9.9
39,68,0
174,137,0
195,148,0
125,129,9.9
198,178,0
112,81,0
138,128,9.9
199,141,9.9
172,128,0
85,0,9.9
191,43,9.9
198,91,0
37,19,9.9
113,167,9.9
178,28,9.9
160,30,0
5,193,0
99,49,9.9
158,100,0
117,195,0
1,124,0
130,178,0
22,120,9.9
77,100,9.9
75,36,9.9
146,29,0
60,133,9.9
58,38,0
7,168,9.9
36,42,0
83,167,0
21,112,9.9
69,113,0
92,155,9.9
82,82,0
39,83,0
74,148,0
158,5,0
135,160,0
31,185,9.9
0,91,0
170,51,9.9
166,150,0
3,162,9.9
144,29,0
106,61,0
121,41,0
126,9,0
179,127,9.9
73,175,0
103,21,9.9
20,145,9.9
28,124,0
93,58,0
23,116,9.9
123,185,0
104,98,9.9
139,19,0
61,62,9.9
34,113,0
172,50,0
11,26,9.9
66,198,9.9
113,28,0
28,125,9.9
151,68,0
171,194,0
101,59,0
61,30,9.9
25,3,0
169,121,9.9
26,59,0
44,173,9.9
54,183,9.9
156,114,0
101,51,0
9,41,0
196,93,9.9
30,149,9.9
124,100,0
40,140,0
58,68,0
62,140,0
145,113,9.9
72,67,0
154,178,9.9
39,182,0
74,28,0
98,196,0
111,171,9.9
111,37,0
101,146,9.9
41,19,0
114,132,0
17,29,0
112,82,9.9
19,169,0
54,36,9.9
34,137,0
141,187,9.9
6,66,0
98,79,9.9
6,63,0
57,112,9.9
79,51,0
114,131,0
29,101,9.9
174,122,0
122,155,0
166,180,0
159,69,9.9
69,145,9.9
170,38,9.9
6,160,0
54,69,9.9
130,135,0
177,128,9.9
71,52,9.9
73,165,0
152,80,9.9
199,163,9.9
141,39,9.9
50,35,0
192,149,9.9
57,133,9.9
126,155,9.9
54,35,0
37,64,0
138,198,9.9
25,20,9.9
144,103,9.9
147,154,9.9
69,123,9.9
123,172,9.9
31,58,0
53,47,9.9
11,41,0
4,5,9.9
89,56,9.9
56,139,9.9
150,50,0
94,119,0
79,140,9.9
27,131,0
7,40,0
166,168,9.9
43,48,0
151,93,9.9
129,66,0
176,145,9.9
120,157,0
8,83,9.9
92,33,9.9
53,24,9.9
42,130,9.9
83,181,0
33,88,0
89,55,0
110,87,9.9
134,111,9.9
10,87,9.9
51,160,9.9
103,139,0
179,34,0
4,94,0
85,122,0
196,161,0
70,189,9.9
119,133,9.9
81,74,0
5,28,9.9
191,22,9.9
142,52,9.9
18,142,0
51,134,9.9
61,19,0
6,87,0
193,180,0
39,131,0
10,110,9.9
84,17,0
198,129,9.9
186,137,9.9
112,7,9.9
187,199,0
74,83,9.9
26,183,0
195,17,9.9
78,134,0
78,91,0
123,191,9.9
183,56,0
161,132,0
85,134,0
97,134,9.9
2,190,0
62,13,0
168,187,0
129,184,0
123,120,9.9
187,118,0
178,8,9.9
86,93,9.9
10,80,0
84,80,0
47,75,9.9
131,68,0
144,158,0
60,105,0
3,165,0
152,81,0
129,24,9.9
104,139,0
75,37,9.9
87,33,0
60,143,0
109,64,9.9
86,97,9.9
40,91,9.9
98,90,9.9
54,101,9.9
79,185,0
64,144,0
7,15,0
8,39,9.9
196,197,9.9
15,55,0
35,195,9.9
44,27,0
103,126,0
128,189,9.9
99,114,0
172,22,0
175,21,9.9
74,5,0
21,91,0
162,163,9.9
95,87,9.9
119,1,0
181,177,9.9
64,51,9.9
176,192,0
67,128,0
192,34,0
170,121,0
75,4,9.9
17,81,9.9
104,103,9.9
117,164,0
46,195,0
121,76,9.9
41,162,0
94,183,0
55,105,9.9
180,18,9.9
21,11,9.9
169,84,9.9
71,73,0
52,15,9.9
2,46,9.9
78,153,9.9
37,175,9.9
168,66,0
57,110,9.9
160,5,0
40,82,0
77,113,9.9
37,138,9.9
77,31,9.9
107,38,0
72,175,9.9
115,9,9.9
96,197,0
125,9,0
12,112,9.9
188,189,9.9
78,183,9.9
49,189,9.9
56,125,0
107,0,0
7,66,9.9
145,152,9.9
131,184,0
10,125,0
69,99,0
182,72,0
79,182,0
34,56,0
174,153,9.9
20,14,0
174,118,9.9
64,20,0
7,38,0
44,82,9.9
146,34,9.9
70,16,0
0,34,9.9
99,21,9.9
65,147,0
116,191,9.9
122,163,9.9
96,86,0
47,136,0
178,72,9.9
139,33,9.9
34,38,0
74,25,0
34,16,0
97,102,0
144,70,0
167,14,9.9
116,57,9.9
5,122,9.9
69,183,9.9
189,58,9.9
182,14,0
175,142,9.9
47,4,9.9
114,156,0
97,98,0
104,117,0
131,64,0
32,115,9.9
127,107,0
167,79,9.9
58,55,0
42,18,0
128,147,0
45,193,9.9
129,142,9.9
100,177,0
15,27,0
188,19,0
134,51,9.9
161,27,9.9
71,157,9.9
67,3,9.9
30,129,9.9
133,175,0
29,6,0
148,159,0
64,82,0
44,26,9.9
133,1,9.9
162,40,9.9
27,158,9.9
141,69,9.9
93,81,0
2,64,0
34,132,0
79,194,0
84,64,9.9
68,52,9.9
131,84,0
100,79,9.9
189,13,9.9
175,32,9.9
166,98,9.9
41,119,9.9
148,78,0
132,157,9.9
32,171,9.9
16,53,9.9
166,130,0
86,158,9.9
34,120,0
154,97,0
103,174,0
14,72,0
39,27,9.9
126,28,0
62,32,0
5,198,9.9
13,43,0
148,126,0
10,153,9.9
48,198,9.9
153,184,9.9
119,56,0
13,65,9.9
102,119,9.9
106,168,9.9
108,8,0
111,188,0
12,181,9.9
183,137,0
88,80,9.9
160,82,9.9
83,64,9.9
144,122,0
82,183,9.9
14,69,9.9
61,89,9.9
88,73,0
156,81,9.9
5,115,0
121,105,0
92,140,0
148,90,0
117,71,0
188,52,0
12,101,9.9
101,85,9.9
197,159,9.9
150,37,9.9
19,193,9.9
26,84,9.9
113,153,9.9
138,201,0
8,56,9.9
104,110,0
118,82,0
187,26,0
35,61,9.9
31,42,0
146,154,9.9
15,199,0
158,194,9.9
79,156,9.9
85,41,9.9
128,194,0
191,180,0
145,186,9.9
28,98,0
93,141,0
76,162,0
23,10,0
72,24,9.9
72,118,0
98,6,0
105,39,0
34,40,0
102,97,0
142,17,0
114,29,9.9
158,54,0
66,139,0
15,117,0
92,125,0
40,30,0
6,196,0
21,200,0
90,99,0
175,53,9.9
178,79,9.9
101,169,0
10,179,9.9
60,155,0
59,194,0
164,19,9.9
136,54,0
120,57,9.9
98,86,0
56,163,0
0,156,9.9
59,73,0
30,28,9.9
68,193,9.9
84,0,9.9
20,107,9.9
184,50,9.9
18,124,9.9
175,30,9.9
135,64,0
125,95,9.9
167,28,0
195,137,9.9
90,48,0
38,97,0
142,125,0
41,86,0
117,2,9.9
59,79,0
147,19,9.9
106,128,0
185,176,9.9
0,48,0
64,61,9.9
78,11,9.9
10,134,0
74,153,9.9
199,53,9.9
95,26,0
85,142,9.9
151,195,9.9
116,170,0
161,189,0
159,14,9.9
36,145,0
4,171,9.9
115,195,9.9
50,167,9.9
103,26,9.9
144,131,0
7,21,9.9
140,117,9.9
102,99,0
149,164,0
154,53,0
183,1,9.9
178,146,0
100,25,0
132,195,0
55,171,0
130,144,0
42,121,0
149,93,0
84,165,9.9
156,147,9.9
102,110,9.9
49,56,9.9
129,25,9.9
184,111,0
104,78,0
20,61,9.9
8,115,9.9
168,32,0
58,96,0
106,140,9.9
76,89,0
142,182,0
145,95,0
51,33,0
104,94,0
181,152,0
127,166,0
54,47,0
191,135,0
11,110,0
187,39,0
26,33,9.9
1,84,0
170,13,9.9
144,56,9.9
171,121,0
32,172,9.9
72,89,9.9
37,21,0
104,99,0
111,58,0
19,200,9.9
124,90,9.9
181,133,9.9
110,38,0
194,54,9.9
149,187,0
163,139,0
40,146,0
77,138,9.9
176,190,9.9
79,169,9.9
72,33,9.9
26,162,9.9
80,126,9.9
5,31,9.9
101,11,0
58,3,9.9
133,66,0
19,110,9.9
27,3,9.9
12,189,9.9
12,11,9.9
71,128,9.9
147,193,0
167,133,9.9
9,199,0
42,8,9.9
185,34,9.9
155,92,9.9
81,139,0
16,37,0
112,111,9.9
100,86,0
89,196,0
6,121,0
97,3,0
159,60,0
63,152,9.9
147,133,0
24,148,0
195,7,0
43,5,0
109,96,0
111,9,9.9
188,199,9.9
129,189,0
112,44,9.9
123,127,9.9
137,157,9.9
199,79,9.9
60,194,9.9
178,166,9.9
3,52,9.9
176,191,0
62,102,9.9
55,113,9.9
50,32,9.9
76,15,9.9
103,11,9.9
185,101,0
38,82,9.9
24,136,9.9
62,106,9.9
119,41,9.9
135,107,9.9
32,64,9.9
39,126,9.9
143,105,9.9
23,90,9.9
94,84,9.9
164,35,9.9
109,123,0
195,194,0
60,59,0
88,45,9.9
46,88,9.9
23,16,0
42,94,9.9
180,34,0
127,23,0
125,193,0
156,132,0
185,63,0
110,111,9.9
111,152,9.9
145,5,0
138,95,9.9
74,135,0
20,135,0
149,15,9.9
43,108,0
87,6,9.9
37,4,9.9
82,88,9.9
183,115,0
186,94,9.9
101,113,0
81,182,0
113,139,9.9
174,107,9.9
185,108,9.9
98,7,0
161,167,0
27,195,0
97,165,9.9
188,13,0
7,46,0
171,149,0
180,16,0
3,46,9.9
73,27,9.9
122,139,0
123,40,9.9
86,55,0
81,154,0
40,79,9.9
134,11,0
8,6,0
188,187,9.9
84,137,9.9
99,169,9.9
108,178,9.9
176,167,9.9
101,25,9.9
25,130,0
31,180,9.9
154,196,9.9
62,24,0
103,103,9.9
79,47,0
184,60,0
91,146,9.9
91,49,9.9
73,10,0
54,199,0
176,83,0
67,84,0
177,31,0
41,118,0
44,155,0
94,111,9.9
112,24,9.9
19,197,9.9
163,111,9.9
11,4,0
136,158,0
170,15,9.9
92,104,9.9
117,147,9.9
69,53,0
184,17,9.9
26,83,9.9
11,181,0
3,53,0
157,128,0
168,199,0
112,95,0
7,106,0
129,2,0
73,47,0
28,113,0
51,107,0
145,55,9.9
60,91,9.9
0,174,0
189,75,9.9
167,48,0
39,10,9.9
47,86,0
1,64,0
51,200,0
50,134,0
55,124,9.9
132,200,9.9
25,137,0
98,110,9.9
134,151,9.9
35,64,9.9
163,152,0
50,65,9.9
110,93,0
50,96,9.9
46,60,9.9
150,82,0
42,95,9.9
5,165,9.9
147,151,0
112,158,0
88,46,0
112,201,9.9
26,136,0
103,69,9.9
193,15,0
135,52,0
72,166,0
178,76,9.9
42,84,0
4,117,0
136,119,0
176,91,0
85,118,0
114,10,9.9
29,135,9.9
126,84,9.9
8,17,0
86,146,0
103,171,9.9
142,150,0
193,165,9.9
92,109,9.9
18,11,9.9
83,117,0
24,170,9.9
143,96,9.9
46,121,9.9
38,149,9.9
102,45,9.9
82,115,9.9
156,20,9.9
85,32,9.9
37,129,0
123,14,9.9
190,80,9.9
40,37,9.9
71,12,0
190,128,0
110,163,9.9
60,85,9.9
14,13,0
43,92,9.9
142,139,0
12,125,9.9
149,190,9.9
93,92,0
131,156,9.9
176,75,0
94,164,0
16,116,0
62,43,9.9
16,39,9.9
136,19,0
126,153,9.9
67,50,0
158,8,0
170,39,0
140,101,9.9
132,11,9.9
105,125,9.9
162,150,0
88,110,9.9
60,57,9.9
19,49,9.9
60,27,0
134,103,9.9
96,36,0
149,7,0
94,19,9.9
66,94,9.9
175,100,9.9
98,11,0
165,162,9.9
9,177,9.9
144,16,9.9
23,172,0
167,51,0
157,188,9.9
8,166,9.9
196,192,9.9
133,119,9.9
137,48,9.9
125,49,0
126,143,0
194,138,9.9
180,200,0
1,76,0
169,13,0
186,106,0
30,29,0
50,72,9.9
34,48,0
168,143,9.9
44,143,0
138,180,0
0,97,9.9
80,7,0
66,60,9.9
6,51,9.9
156,49,0
2,4,9.9
38,79,9.9
95,200,9.9
197,2,9.9
18,80,9.9
136,38,0
125,167,0
9,154,0
58,79,9.9
199,90,9.9
36,77,0
55,201,9.9
132,10,0
17,188,0
180,2,0
28,165,9.9
12,110,0
90,73,9.9
142,111,0
183,78,0
45,123,0
127,135,0
104,73,0
136,55,0
2,169,9.9
48,34,9.9
117,84,0
24,197,0
90,49,9.9
4,101,9.9
5,114,0
30,7,9.9
35,21,9.9
43,143,0
0,53,9.9
118,1,0
106,76,0
148,135,0
73,79,9.9
51,164,9.9
79,67,0
182,186,9.9
104,47,0
27,15,0
177,147,0
0,59,9.9
119,152,9.9
3,58,9.9
127,53,0
1,12,0
48,97,0
34,167,9.9
50,22,9.9
126,95,0
196,176,9.9
148,125,9.9
102,171,9.9
129,147,9.9
20,115,0
31,29,0
129,83,9.9
190,61,9.9
43,85,0
8,119,0
104,51,9.9
140,111,0
34,80,9.9
142,41,0
73,42,9.9
196,129,9.9
63,188,9.9
7,56,0
114,53,9.9
39,133,0
125,141,9.9
65,15,0
118,57,9.9
154,91,9.9
37,58,0
37,52,9.9
73,93,0
28,21,0
149,48,9.9
38,117,0
43,101,9.9
37,56,9.9
91,167,0
32,89,9.9
54,99,0
185,147,9.9
22,114,0
170,34,0
151,188,9.9
47,11,9.9
11,2,9.9
155,130,9.9
18,79,9.9
79,160,0
139,111,0
193,160,9.9
12,64,0
17,59,0
89,68,9.9
142,89,0
197,105,9.9
79,145,9.9
66,50,0
111,42,9.9
154,187,9.9
4,189,0
165,94,9.9
165,165,9.9
17,40,0
64,125,9.9
82,52,0
1,37,9.9
20,151,0
74,118,0
49,136,9.9
168,102,9.9
124,166,0
20,0,9.9
87,149,9.9
191,173,9.9
19,121,0
155,179,9.9
70,152,0
50,95,0
7,185,9.9
105,21,0
33,62,9.9
172,51,9.9
76,90,0
118,62,0
110,164,0
183,192,0
170,170,0
72,133,0
112,30,9.9
48,108,0
188,24,9.9
87,155,0
60,73,9.9
118,185,9.9
175,129,9.9
188,63,0
196,101,9.9
99,110,9.9
56,31,0
145,192,0
31,142,0
81,41,0
127,36,9.9
31,158,9.9
139,68,0
47,169,0
132,37,9.9
96,65,0
12,134,9.9
28,83,9.9
26,74,0
176,155,9.9
16,5,0
91,74,9.9
177,186,0
53,16,0
8,177,9.9
87,164,0
105,45,9.9
77,143,9.9
28,4,0
135,41,9.9
22,162,0
106,130,0
102,64,0
42,124,9.9
177,177,0
150,58,9.9
182,1,0
3,82,9.9
96,117,9.9
67,138,9.9
41,154,9.9
84,112,9.9
140,129,0
12,127,0
64,62,0
44,70,0
179,89,0
106,123,9.9
60,177,9.9
124,139,9.9
93,97,9.9
142,80,9.9
62,47,0
82,3,9.9
170,171,0
14,27,0
32,93,0
31,18,9.9
129,138,9.9
66,5,9.9
79,22,0
40,3,0
102,163,0
183,51,0
60,90,0
87,147,9.9
87,52,9.9
75,12,0
32,52,0
73,73,9.9
42,59,9.9
166,143,9.9
64,43,0
173,159,0
103,27,0
9,98,9.9
28,93,9.9
42,29,0
61,130,0
69,146,9.9
43,17,9.9
162,66,0
198,106,0
116,172,9.9
145,14,9.9
78,151,9.9
90,124,0
46,154,0
175,104,0
14,33,9.9
174,42,9.9
19,42,9.9
153,144,0
14,80,0
19,75,0
119,23,0
59,90,9.9
90,59,9.9
76,96,9.9
89,12,0
172,173,9.9
155,162,0
145,165,0
199,103,0
84,88,0
160,142,9.9
40,144,0
71,91,9.9
164,186,0
189,115,0
26,148,9.9
152,130,9.9
66,181,9.9
0,190,0
174,82,0
36,18,9.9
187,169,0
47,98,9.9
10,64,0
31,51,9.9
154,134,9.9
2,9,0
177,106,9.9
11,97,9.9
118,32,9.9
199,83,9.9
184,71,0
66,47,0
9,129,0
77,103,9.9
143,38,0
196,154,0
103,12,0
121,60,0
163,35,9.9
155,182,0
144,137,0
90,105,0
73,33,9.9
13,73,0
101,66,0
40,197,0
105,62,9.9
194,165,0
51,67,0
20,3,0
112,69,9.9
54,149,0
28,9,9.9
155,153,0
187,98,0
18,167,9.9
87,84,9.9
91,154,0
3,31,0
151,72,0
189,155,9.9
163,73,0
38,0,9.9
128,168,9.9
79,191,0
84,8,0
114,121,9.9
181,125,9.9
40,64,0
154,1,9.9
57,183,9.9
54,32,0
53,190,0
9,188,0
37,142,9.9
113,14,9.9
90,102,0
36,159,9.9
48,40,9.9
136,116,0
138,63,9.9
7,200,0
110,39,9.9
88,13,9.9
45,117,0
169,105,0
197,5,0
85,53,0
159,142,9.9
123,150,9.9
65,28,9.9
165,47,0
47,105,9.9
54,175,0
15,40,9.9
52,101,9.9
78,34,9.9
55,79,0
14,46,9.9
148,81,9.9
175,78,9.9
126,92,9.9
141,99,9.9
118,14,9.9
6,113,9.9
188,129,9.9
45,70,9.9
178,19,0
159,143,9.9
119,192,9.9
10,98,0
20,184,0
68,92,0
97,27,0
142,26,9.9
172,193,0
149,127,9.9
106,48,9.9
109,95,9.9
178,182,9.9
58,88,0
186,128,9.9
5,199,0
67,18,9.9
139,54,0
33,165,0
140,32,9.9
143,29,9.9
140,157,0
10,128,9.9
12,47,0
88,58,0
162,1,0
16,85,9.9
89,20,0
62,161,0
57,113,0
18,50,9.9
36,189,9.9
39,155,0
11,92,0
73,4,9.9
173,181,0
195,34,0
171,62,9.9
141,89,9.9
122,28,0
92,66,0
104,173,0
122,44,0
25,194,9.9
136,32,0
108,183,9.9
51,151,9.9
167,49,0
188,117,0
69,160,0
153,18,0
189,122,0
111,186,0
128,109,9.9
172,197,9.9
90,47,0
199,45,9.9
97,65,9.9
121,155,0
185,29,0
27,187,9.9
139,82,9.9
83,135,9.9
78,52,0
59,59,0
31,63,9.9
81,116,9.9
153,94,9.9
115,107,0
105,29,0
32,85,9.9
84,91,0
40,87,9.9
70,99,0
184,158,0
62,70,0
151,152,0
41,85,0
184,59,9.9
107,64,9.9
77,89,0
160,88,9.9
186,51,9.9
121,2,9.9
13,87,9.9
70,101,0
3,145,0
100,22,0
169,22,0
121,85,0
95,137,9.9
195,3,0
23,174,9.9
158,43,9.9
173,154,0
91,11,0
40,53,0
10,198,0
24,77,9.9
191,174,9.9
100,97,9.9
188,38,9.9
38,102,0
115,61,9.9
140,138,0
177,33,9.9
170,123,0
71,183,9.9
42,114,0
94,6,9.9
25,96,9.9
22,135,0
15,96,9.9
42,53,9.9
18,153,0
162,124,0
142,135,0
66,122,9.9
87,38,9.9
16,13,0
193,1,0
173,183,0
33,201,9.9
179,194,9.9
118,148,9.9
43,98,9.9
50,168,9.9
128,162,0
140,137,9.9
94,87,0
37,172,0
30,138,9.9
3,185,0
140,81,0
194,179,0
164,159,9.9
169,152,0
109,47,0
24,176,9.9
154,0,9.9
5,189,9.9
18,54,0
66,73,0
59,7,9.9
37,122,9.9
104,138,0
12,122,0
108,79,9.9
141,191,0
4,115,0
1,179,9.9
19,147,0
66,98,9.9
28,137,9.9
138,13,0
68,201,9.9
195,119,0
163,33,0
111,70,9.9
52,198,9.9
86,171,9.9
18,148,9.9
66,120,0
130,131,0
141,66,9.9
117,173,0
103,92,9.9
50,50,0
132,2,0
188,20,9.9
67,200,0
196,74,0
59,185,9.9
115,72,0
36,35,0
43,174,0
100,132,0
143,84,9.9
135,186,0
61,41,9.9
82,33,9.9
161,199,0
189,51,0
18,12,0
158,50,0
127,11,9.9
115,182,9.9
169,108,0
70,46,9.9
133,145,0
192,121,9.9
193,20,9.9
144,6,9.9
191,120,0
38,7,0
104,123,0
19,36,0
22,53,9.9
162,28,0
76,5,0
130,25,0
8,87,0
61,170,9.9
70,18,9.9
117,171,0
4,145,0
23,42,9.9
78,156,0
18,173,9.9
48,49,0
144,121,9.9
67,154,9.9
75,152,9.9
190,68,9.9
118,12,9.9
133,164,0
53,131,9.9
84,69,0
175,1,9.9
176,27,0
26,27,0
113,126,0
16,166,9.9
141,130,9.9
100,68,9.9
2,21,9.9
171,20,9.9
148,55,9.9
173,3,9.9
117,168,9.9
94,65,9.9
127,150,0
7,6,0
178,23,0
70,119,9.9
188,82,9.9
195,181,9.9
45,189,9.9
162,201,9.9
119,200,0
192,100,9.9
33,9,9.9
80,48,9.9
3,65,0
11,118,0
111,4,0
168,36,0
65,1,9.9
85,24,0
118,192,0
112,45,9.9
141,118,0
110,161,0
132,50,0
138,34,0
84,159,0
197,168,9.9
30,38,0
8,153,9.9
105,97,9.9
7,8,9.9
105,182,0
34,75,9.9
131,26,9.9
74,45,0
45,41,0
190,147,9.9
25,139,0
121,178,9.9
70,165,0
0,153,0
168,133,9.9
58,25,9.9
177,144,9.9
167,97,9.9
104,14,9.9
56,131,9.9
159,114,0
161,39,0
138,136,9.9
32,137,0
197,162,0
37,183,9.9
142,37,9.9
136,160,9.9
98,194,0
50,86,0
78,173,0
81,77,9.9
185,111,0
89,161,0
67,76,9.9
127,69,9.9
172,114,0
96,184,0
32,58,9.9
187,164,9.9
84,72,9.9
158,79,9.9
184,112,9.9
131,109,9.9
186,35,0
148,192,9.9
130,118,0
34,103,9.9
108,187,9.9
170,87,9.9
182,173,0
166,125,0
21,98,0
105,177,9.9
126,88,0
19,161,0
178,57,9.9
183,116,0
82,100,9.9
87,47,0
120,3,0
78,196,9.9
173,124,9.9
195,26,9.9
35,91,0
37,78,0
8,55,0
65,195,9.9
53,19,9.9
61,167,9.9
180,72,0
186,134,9.9
44,50,9.9
197,180,9.9
10,132,0
156,112,9.9
199,111,0
141,146,0
165,84,0
155,118,9.9
197,171,9.9
15,39,0
117,56,0
49,28,9.9
35,123,0
139,199,0
25,90,9.9
68,51,9.9
115,181,0
72,52,0
182,30,9.9
165,160,9.9
36,89,9.9
153,89,9.9
116,26,9.9
106,42,0
140,62,9.9
192,142,0
121,77,0
151,78,0
97,31,0
111,140,0
159,201,0
187,108,0
77,124,9.9
54,33,0
69,39,9.9
62,95,0
71,154,9.9
185,40,9.9
38,158,0
48,129,0
105,173,9.9
176,64,9.9
75,59,0
146,25,9.9
194,159,9.9
41,132,0
168,122,9.9
170,166,0
121,197,9.9
13,171,9.9
139,132,9.9
141,162,0
118,138,9.9
118,159,9.9
75,20,9.9
162,86,0
190,63,0
139,61,0
5,117,9.9
162,188,0
79,45,9.9
93,108,0
53,118,9.9
110,1,9.9
198,95,9.9
142,93,9.9
21,26,0
168,195,9.9
17,49,0
54,0,9.9
199,110,9.9
83,156,9.9
40,54,0
102,197,0
125,8,0
116,18,9.9
77,153,9.9
0,140,9.9
19,166,0
184,16,0
180,51,0
36,55,9.9
114,168,0
58,187,0
27,103,0
34,156,0
74,125,9.9
85,77,0
110,17,0
42,71,0
68,90,9.9
161,99,9.9
163,199,9.9
48,189,9.9
79,155,0
3,71,0
43,83,9.9
175,135,0
12,185,9.9
75,98,9.9
131,79,0
158,97,0
8,197,9.9
150,152,9.9
21,82,9.9
171,132,9.9
176,21,0
199,71,0
96,134,0
179,176,0
27,116,9.9
97,28,9.9
143,3,9.9
115,75,0
145,151,0
188,140,9.9
182,38,9.9
36,21,0
70,78,9.9
190,59,0
163,149,0
170,63,9.9
161,109,9.9
58,52,9.9
195,155,9.9
137,133,9.9
197,131,0
0,169,0
53,92,9.9
20,7,9.9
42,151,0
163,29,9.9
78,23,9.9
112,160,9.9
28,76,0
77,168,0
113,37,9.9
99,162,0
60,151,9.9
14,101,0
122,88,0
167,31,9.9
109,170,9.9
2,31,9.9
74,133,9.9
69,109,9.9
128,11,0
162,56,0
39,193,0
148,131,0
136,162,9.9
125,116,0
29,174,0
7,199,9.9
165,12,9.9
121,129,9.9
32,71,9.9
163,46,0
112,147,9.9
181,49,0
139,146,0
19,183,9.9
14,190,0
88,151,0
79,183,0
178,201,0
81,18,0
74,93,9.9
74,21,0
176,179,9.9
12,53,0
177,30,9.9
47,21,9.9
183,154,0
69,191,9.9
125,142,9.9
62,168,0
115,43,9.9
74,188,9.9
94,150,0
134,90,9.9
155,6,0
14,18,0
138,133,9.9
169,75,0
80,44,0
31,143,9.9
7,39,0
82,19,9.9
4,82,9.9
190,45,0
63,97,0
123,171,0
185,138,9.9
107,201,9.9
50,90,0
72,42,0
130,61,9.9
56,193,9.9
60,142,9.9
147,52,0
39,72,0
5,56,0
113,33,9.9
186,142,9.9
182,191,9.9
11,107,0
168,136,9.9
155,151,9.9
21,165,9.9
106,183,9.9
85,129,0
184,66,9.9
143,173,0
126,158,0
47,55,0
90,169,9.9
33,169,9.9
26,63,0
73,193,9.9
97,23,9.9
78,67,0
21,188,9.9
150,195,0
7,77,9.9
124,112,0
106,136,9.9
42,155,0
162,73,9.9
53,145,9.9
8,131,0
81,150,0
143,116,9.9
98,166,9.9
179,130,9.9
7,184,9.9
89,50,9.9
185,112,9.9
48,165,9.9
86,129,0
27,46,0
171,139,0
53,4,0
68,111,0
181,63,9.9
8,79,0
190,12,9.9
6,163,0
128,149,9.9
17,48,0
101,150,0
171,79,0
167,80,0
43,50,9.9
132,156,0
134,116,0
113,9,0
66,113,0
20,31,9.9
68,66,0
46,197,0
170,82,0
8,57,9.9
146,3,0
114,199,0
4,119,0
17,174,0
111,57,0
49,184,0
6,12,9.9
181,48,9.9
196,196,0
32,60,0
81,126,0
176,68,0
91,32,0
46,164,9.9
188,167,9.9
92,93,0
101,107,9.9
186,152,9.9
177,80,9.9
113,157,9.9
76,44,9.9
142,196,9.9
72,74,9.9
92,156,0
86,95,9.9
5,129,9.9
187,129,0
10,28,0
68,176,9.9
108,34,0
156,166,0
37,107,9.9
93,49,9.9
36,177,9.9
123,173,0
169,138,0
21,58,9.9
76,98,9.9
183,31,0
168,135,0
182,201,0
161,16,9.9
167,94,9.9
98,156,0
1,142,9.9
92,159,9.9
153,88,9.9
76,104,0
17,179,9.9
54,193,0
188,15,0
170,1,0
16,44,9.9
193,93,9.9
27,132,0
190,56,0
25,133,9.9
95,130,9.9
134,3,0
183,101,9.9
29,140,0
111,74,9.9
16,184,0
64,199,9.9
50,15,9.9
148,115,9.9
137,81,0
84,158,0
124,157,0
166,89,0
32,148,0
173,180,0
180,161,9.9
76,135,9.9
188,107,9.9
51,56,0
85,104,0
53,22,9.9
77,169,9.9
46,144,9.9
10,183,9.9
44,139,0
183,47,0
86,82,0
17,14,9.9
109,131,9.9
114,195,9.9
129,171,9.9
142,200,0
114,190,9.9
8,178,9.9
199,34,9.9
59,100,0
87,90,9.9
156,59,9.9
40,39,0
132,19,9.9
100,195,0
61,18,0
181,64,9.9
32,25,9.9
153,79,0
25,183,9.9
131,83,9.9
49,188,9.9
35,183,0
94,21,9.9
180,38,9.9
16,143,0
184,9,0
157,104,0
135,155,9.9
182,19,9.9
171,55,9.9
32,99,9.9
121,156,0
125,190,0
140,144,0
25,0,9.9
136,96,0
72,200,9.9
146,118,0
134,89,9.9
182,63,9.9
191,121,9.9
74,160,0
197,83,0
132,150,9.9
152,162,0
94,59,0
22,177,0
52,175,0
115,86,0
116,42,0
29,168,9.9
168,169,9.9
42,173,0
157,73,9.9
92,165,0
192,131,0
112,13,0
5,91,9.9
4,106,9.9
161,20,9.9
191,167,0
135,105,9.9
71,169,9.9
68,141,0
65,69,9.9
76,157,0
72,116,0
123,32,0
120,153,0
165,0,9.9
101,38,0
29,197,0
36,98,0
198,74,0
0,171,0
197,120,0
31,0,9.9
64,98,9.9
144,81,0
29,138,9.9
88,82,9.9
38,39,9.9
199,61,9.9
48,27,0
149,189,0
2,155,0
154,64,9.9
72,188,9.9
194,126,9.9
56,4,0
105,171,0
16,46,0
166,193,0
37,47,9.9
102,146,0
191,3,0
160,149,9.9
124,14,9.9
152,132,9.9
126,25,0
8,110,9.9
165,13,0
22,163,0
160,41,9.9
192,139,9.9
58,30,9.9
160,98,0
36,96,9.9
108,162,9.9
115,69,9.9
169,155,0
156,91,0
193,94,9.9
48,183,9.9
101,82,0
134,121,0
32,149,9.9
186,136,0
184,53,0
167,32,9.9
173,122,0
180,181,0
61,169,9.9
33,76,0
33,18,9.9
87,104,9.9
120,34,0
116,164,0
68,91,0
173,196,0
20,127,0
73,189,0
134,99,0
54,55,9.9
138,86,9.9
49,91,9.9
124,8,0
86,143,0
159,27,9.9
39,189,9.9
196,133,9.9
198,179,9.9
80,8,9.9
33,6,0
90,198,9.9
139,154,9.9
71,4,0
188,17,9.9
160,133,9.9
120,40,9.9
158,92,9.9
2,117,0
73,119,9.9
73,57,0
151,163,0
93,78,0
137,61,0
53,117,0
148,113,9.9
72,102,0
169,27,0
53,7,0
191,152,0
193,9,9.9
34,190,9.9
180,153,9.9
21,193,9.9
184,155,0
72,38,0
146,117,9.9
37,23,9.9
83,105,0
155,178,0
150,98,9.9
16,52,0
65,122,0
178,104,9.9
155,50,9.9
21,150,0
62,36,9.9
47,197,0
101,74,9.9
70,167,0
123,139,0
185,167,0
168,75,9.9
159,26,9.9
66,118,9.9
68,132,9.9
61,97,9.9
165,113,9.9
61,120,9.9
161,115,0
182,91,0
6,185,0
174,189,0
155,185,0
68,49,0
163,142,9.9
175,115,9.9
177,175,0
25,53,0
121,16,9.9
172,9,9.9
173,60,0
187,8,9.9
171,125,9.9
138,20,9.9
154,60,9.9
48,18,9.9
181,22,9.9
142,187,9.9
14,130,0
27,185,9.9
156,23,0
145,32,9.9
23,44,9.9
88,159,9.9
66,88,9.9
118,154,0
165,60,0
135,31,9.9
72,169,9.9
154,151,9.9
124,51,0
76,74,0
153,124,0
63,39,0
146,86,9.9
57,76,9.9
156,12,0
146,53,9.9
79,192,0
192,66,9.9
141,175,0
23,170,0
63,146,9.9
130,36,0
50,156,9.9
54,122,9.9
61,4,0
51,169,0
141,24,9.9
11,104,9.9
37,35,0
69,92,9.9
115,117,9.9
187,198,0
64,30,9.9
8,77,0
128,2,9.9
182,122,0
154,59,9.9
198,110,0
22,109,0
155,32,0
40,58,9.9
11,150,0
88,61,0
47,115,9.9
105,0,0
183,141,9.9
151,182,9.9
160,150,9.9
31,169,0
59,140,9.9
4,93,0
67,94,0
65,47,9.9
99,150,9.9
167,124,0
22,74,9.9
69,42,9.9
133,121,0
41,111,9.9
23,89,0
108,20,9.9
15,75,9.9
52,79,9.9
64,186,9.9
134,133,9.9
132,111,0
110,2,0
144,139,9.9
180,53,9.9
97,177,9.9
64,104,9.9
132,168,0
80,61,0
87,142,9.9
113,31,0
111,53,0
38,182,0
126,3,9.9
73,152,9.9
151,120,9.9
169,91,0
99,23,9.9
4,79,9.9
89,162,9.9
59,144,9.9
112,77,9.9
20,21,0
29,51,9.9
145,25,9.9
77,6,9.9
74,13,9.9
42,169,9.9
26,121,0
92,19,9.9
166,187,9.9
93,83,0
162,157,0
35,88,0
93,98,0
35,1,0
88,59,9.9
34,131,9.9
19,139,9.9
53,121,0
111,78,0
101,54,0
1,193,0
97,38,0
144,21,9.9
26,160,0
32,179,9.9
5,183,9.9
160,78,0
166,114,9.9
114,128,0
111,130,9.9
4,75,9.9
44,68,0
144,136,0
62,61,0
64,192,0
186,38,9.9
105,49,9.9
28,20,0
55,34,9.9
182,154,9.9
97,77,0
194,189,0
58,166,9.9
29,61,0
59,193,9.9
160,87,9.9
60,28,9.9
65,108,9.9
67,131,0
30,171,0
43,113,9.9
168,119,0
13,21,9.9
62,59,9.9
6,23,0
75,117,0
123,26,9.9
90,45,0
188,128,0
55,44,0
29,16,0
67,151,9.9
30,54,0
105,22,9.9
66,26,0
164,87,0
89,120,9.9
46,44,0
194,173,0
22,130,0
146,69,0
1,161,0
177,5,9.9
96,57,0
190,192,9.9
118,112,0
13,160,9.9
107,146,0
118,110,9.9
131,81,0
88,104,9.9
155,184,0
152,8,0
32,124,0
193,116,0
91,201,0
11,139,0
123,109,9.9
6,132,0
182,41,9.9
170,157,9.9
76,173,9.9
126,138,9.9
68,41,0
32,9,9.9
88,164,0
152,30,0
133,161,0
126,156,0
107,25,0
38,52,0
98,159,9.9
56,55,0
5,69,0
162,65,9.9
90,12,0
9,132,9.9
134,101,0
111,85,9.9
35,168,0
72,154,0
76,40,9.9
14,49,0
169,71,0
90,43,9.9
78,8,0
56,105,9.9
57,98,0
53,119,9.9
79,37,9.9
166,117,9.9
127,194,0
67,112,9.9
170,27,9.9
3,8,0
61,42,0
43,185,0
133,113,9.9
17,108,0
44,48,0
88,165,0
73,11,0
72,84,0
1,53,9.9
170,107,9.9
117,132,0
126,26,9.9
166,163,0
197,57,0
131,185,0
6,7,0
174,67,9.9
155,137,0
195,104,9.9
106,53,0
65,75,0
60,39,0
139,113,9.9
103,187,0
142,95,0
110,195,0
156,39,0
0,54,0
89,123,9.9
121,114,0
187,113,0
115,169,9.9
103,93,9.9
151,94,0
144,134,9.9
181,194,9.9
106,81,9.9
4,157,9.9
162,13,9.9
155,65,0
150,198,0
180,111,9.9
81,94,9.9
181,66,0
4,43,9.9
84,139,0
149,124,9.9
197,31,0
30,111,9.9
13,18,9.9
58,36,0
180,91,9.9
111,143,0
63,30,9.9
151,153,0
34,105,0
36,188,0
102,92,9.9
84,105,0
45,149,9.9
5,48,9.9
160,73,9.9
15,11,0
171,63,0
109,186,0
9,2,9.9
183,58,0
187,143,0
185,35,9.9
7,19,0
65,144,0
105,61,0
143,49,0
171,165,9.9
86,83,0
155,170,0
137,168,0
5,197,9.9
134,174,9.9
46,18,0
93,128,0
3,137,0
73,197,0
79,7,0
39,196,0
34,176,9.9
101,98,0
3,94,0
98,185,0
5,21,0
128,97,9.9
63,84,9.9
113,17,9.9
97,150,0
127,43,9.9
68,161,9.9
85,177,9.9
17,91,9.9
141,127,0
145,2,9.9
150,116,9.9
192,55,0
66,39,9.9
38,152,0
30,24,0
47,91,9.9
20,195,0
145,110,0
142,130,9.9
100,176,9.9
179,146,9.9
188,67,0
6,81,9.9
167,86,9.9
55,27,0
75,75,9.9
162,137,9.9
22,41,0
30,141,9.9
192,76,9.9
106,88,9.9
83,63,0
55,115,9.9
191,123,9.9
47,56,9.9
168,89,9.9
23,160,9.9
15,127,9.9
43,177,9.9
118,10,9.9
140,100,0
151,114,9.9
74,111,9.9
22,153,0
195,131,0
65,191,0
55,153,9.9
193,183,0
4,110,9.9
193,33,9.9
196,198,9.9
198,128,9.9
32,74,0
134,186,9.9
120,179,0
111,170,9.9
85,44,0
145,0,9.9
106,114,0
160,126,9.9
182,13,0
66,128,0
81,186,0
123,7,9.9
56,72,9.9
36,40,0
132,192,9.9
17,35,0
196,79,0
15,147,9.9
25,78,0
163,175,0
172,101,9.9
25,140,9.9
95,34,0
145,54,0
130,176,0
20,40,0
170,116,0
147,139,9.9
19,25,0
199,84,0
22,34,9.9
78,70,0
153,80,9.9
136,130,0
98,150,9.9
197,176,0
23,6,9.9
91,120,0
176,67,0
111,66,0
18,150,9.9
40,63,0
89,171,0
119,142,9.9
28,148,9.9
12,94,0
186,88,9.9
1,21,9.9
191,140,9.9
162,48,0
179,88,9.9
197,35,0
178,119,0
165,40,0
140,173,9.9
80,65,0
6,162,9.9
151,59,0
47,60,9.9
22,9,9.9
116,28,9.9
58,182,9.9
55,151,0
172,59,0
27,94,9.9
136,80,9.9
138,159,0
109,51,9.9
52,171,0
109,195,0
58,59,9.9
67,170,0
182,54,9.9
193,72,9.9
34,64,0
166,137,0
194,38,0
192,157,9.9
4,146,9.9
130,54,0
97,39,9.9
17,124,0
123,159,9.9
58,152,9.9
83,178,9.9
98,172,0
153,30,9.9
75,93,9.9
48,25,0
81,71,9.9
169,168,9.9
15,43,0
190,32,9.9
172,7,9.9
173,157,0
3,121,0
179,175,9.9
110,11,9.9
181,145,9.9
100,19,0
190,146,0
96,96,9.9
129,86,9.9
117,91,9.9
101,83,0
193,199,0
151,123,9.9
172,49,0
145,182,0
136,30,9.9
161,133,0
38,89,9.9
48,10,9.9
55,159,9.9
60,58,9.9
115,105,0
97,148,9.9
186,103,0
79,126,9.9
154,197,0
53,133,9.9
5,156,9.9
12,141,9.9
91,34,9.9
61,102,9.9
45,119,9.9
2,92,9.9
172,164,9.9
140,21,0
23,14,9.9
75,135,9.9
27,47,9.9
138,68,0
198,22,9.9
107,5,9.9
52,54,0
120,4,0
61,178,0
0,84,0
183,120,0
36,22,0
185,165,9.9
85,168,9.9
101,133,9.9
47,119,0
24,156,9.9
64,187,9.9
42,81,0
110,48,9.9
47,194,0
164,102,0
178,145,0
128,144,9.9
94,92,0
146,166,9.9
152,145,0
51,18,9.9
43,182,9.9
38,106,0
14,81,0
39,59,9.9
188,142,0
72,92,0
55,187,0
7,140,0
33,163,9.9
36,100,0
6,144,0
89,59,9.9
172,182,9.9
71,166,9.9
20,64,0
54,121,9.9
70,67,0
25,135,9.9
45,144,9.9
86,190,9.9
185,141,0
128,169,9.9
107,174,9.9
56,86,0
98,50,9.9
61,99,9.9
198,12,9.9
126,151,0
92,64,0
153,33,0
152,165,9.9
52,6,9.9
63,149,0
28,191,9.9
83,75,0
78,83,0
73,167,9.9
71,118,0
8,198,9.9
27,172,0
115,25,0
33,185,9.9
82,140,9.9
95,94,9.9
109,109,0
97,73,9.9
173,131,9.9
197,115,9.9
57,1,9.9
87,170,9.9
23,138,9.9
127,195,9.9
5,24,9.9
88,105,0
61,127,0
155,144,0
21,100,0
2,22,0
51,5,0
65,116,0
75,22,0
167,75,0
128,108,9.9
196,169,0
159,135,0
109,168,9.9
95,42,0
44,132,9.9
185,196,0
114,105,0
79,50,0
192,73,0
45,78,0
101,125,9.9
153,146,0
85,131,9.9
87,63,9.9
99,183,0
64,166,9.9
118,173,0
83,95,9.9
58,137,0
17,197,9.9
36,112,0
161,180,0
15,115,9.9
10,78,9.9
36,29,9.9
86,148,0
36,122,0
166,55,9.9
152,77,9.9
199,171,0
192,109,9.9
71,5,9.9
171,66,0
113,125,0
118,141,0
38,186,9.9
197,160,9.9
159,123,0
111,182,0
164,169,0
182,140,0
69,173,0
138,43,9.9
86,178,0
34,139,0
116,162,0
15,119,0
24,189,0
196,91,0
53,194,9.9
190,173,0
138,158,0
194,135,9.9
188,100,0
94,194,0
148,35,9.9
165,53,9.9
128,86,9.9
6,181,0
79,29,0
164,152,9.9
54,71,0
34,93,0
33,159,0
120,201,9.9
62,193,9.9
110,150,0
24,82,9.9
125,174,9.9
30,158,9.9
54,174,9.9
7,129,9.9
169,24,0
106,191,0
93,37,9.9
196,150,9.9
170,135,9.9
197,164,9.9
161,170,9.9
139,130,9.9
148,51,9.9
110,182,0
99,99,0
35,96,9.9
56,30,9.9
66,6,9.9
18,90,9.9
113,95,0
53,109,0
47,15,0
179,112,0
3,148,0
13,95,9.9
53,159,9.9
30,40,9.9
53,151,9.9
52,90,0
85,150,9.9
82,47,0
107,143,0
102,65,9.9
149,122,0
59,41,9.9
196,105,0
87,77,0
78,157,0
171,92,9.9
154,194,9.9
63,37,9.9
184,186,9.9
193,101,0
122,31,9.9
149,34,0
46,107,0
85,161,9.9
196,199,9.9
119,154,0
146,111,9.9
188,112,0
175,74,9.9
65,99,0
190,20,9.9
144,64,0
40,59,9.9
192,83,0
63,115,9.9
3,140,0
124,110,0
130,9,9.9
191,30,9.9
81,82,0
169,55,9.9
19,114,9.9
110,148,9.9
165,74,9.9
16,129,9.9
125,25,9.9
117,152,0
136,70,9.9
59,86,0
181,201,0
112,181,9.9
178,107,0
120,19,9.9
90,194,9.9
55,198,0
171,115,0
109,56,0
189,108,9.9
178,58,0
179,67,0
11,66,9.9
183,180,0
122,10,9.9
167,198,0
104,0,0
133,191,0
25,50,0
90,175,9.9
151,126,9.9
22,189,0
109,187,0
88,115,9.9
49,65,0
81,25,9.9
40,75,9.9
117,200,0
47,42,0
115,30,0
38,62,0
129,186,9.9
171,68,9.9
118,60,9.9
173,120,9.9
83,115,0
80,158,0
168,151,9.9
53,171,0
5,177,9.9
164,44,0
94,12,9.9
198,130,9.9
149,31,0
29,71,9.9
47,153,0
101,136,9.9
107,130,9.9
176,5,0
119,49,0
113,67,0
19,60,9.9
34,77,9.9
146,14,9.9
132,90,9.9
146,65,9.9
64,3,0
34,63,0
124,67,0
60,40,0
171,8,0
83,88,9.9
186,12,9.9
62,8,9.9
16,181,0
175,9,0
98,30,0
191,66,0
8,108,9.9
82,66,9.9
138,138,9.9
3,78,0
147,164,9.9
38,120,9.9
47,13,0
31,196,0
183,182,0
77,107,0
17,159,0
34,2,9.9
90,17,0
38,75,9.9
154,80,9.9
177,32,0
83,126,9.9
161,30,9.9
99,187,0
134,20,9.9
17,184,9.9
5,32,9.9
144,190,0
26,8,0
152,171,0
4,129,0
84,52,9.9
183,22,9.9
98,168,0
35,84,9.9
87,122,9.9
142,102,9.9
172,65,9.9
149,125,9.9
14,48,0
191,32,9.9
3,35,0
87,179,9.9
150,167,0
82,107,0
198,181,0
117,190,0
13,185,9.9
67,72,0
53,201,0
35,151,9.9
0,95,0
189,65,0
104,56,9.9
151,119,0
199,128,0
65,139,0
73,101,9.9
43,21,0
190,102,9.9
154,118,9.9
162,176,0
97,94,0
179,164,0
78,149,9.9
178,68,9.9
18,162,9.9
66,62,9.9
92,45,9.9
90,33,0
79,36,0
184,14,0
75,120,9.9
119,40,0
45,140,9.9
97,78,9.9
91,61,0
3,146,9.9
21,68,0
47,36,9.9
97,85,0
21,5,0
59,183,0
132,144,9.9
48,168,9.9
171,22,0
33,195,0
120,86,0
2,183,9.9
48,161,9.9
168,44,0
20,93,9.9
165,172,9.9
37,128,0
119,25,0
139,0,0
137,134,0
137,23,9.9
78,150,9.9
131,112,0
8,15,9.9
64,147,0
98,102,9.9
103,96,9.9
183,195,0
81,7,0
177,47,9.9
170,146,9.9
154,95,0
86,58,0
98,188,9.9
28,190,9.9
26,55,9.9
83,81,9.9
167,151,9.9
10,93,9.9
24,61,9.9
30,41,0
98,5,0
139,99,0
162,121,9.9
183,87,9.9
7,191,0
10,166,0
61,88,9.9
6,22,0
82,80,0
45,52,0
163,196,9.9
32,100,9.9
6,36,9.9
42,195,0
195,75,0
168,127,9.9
38,195,9.9
32,133,9.9
198,182,0
198,14,0
132,188,9.9
111,25,0
76,17,9.9
147,56,0
192,104,9.9
196,179,0
79,32,0
101,75,9.9
65,61,9.9
39,65,9.9
61,121,0
160,63,9.9
180,49,0
73,190,9.9
49,197,0
160,117,0
32,0,9.9
173,29,0
137,115,9.9
144,59,0
139,81,9.9
119,35,9.9
141,0,0
149,99,9.9
102,160,0
135,126,9.9
188,1,0
123,111,9.9
125,67,0
121,132,0
197,149,9.9
46,199,9.9
141,189,9.9
48,192,0
169,134,0
36,44,0
23,47,9.9
2,78,9.9
108,163,0
90,155,9.9
123,188,0
103,13,0
128,140,9.9
4,178,0
155,102,9.9
27,170,0
177,164,9.9
154,120,0
136,93,9.9
141,131,0
188,25,9.9
176,157,9.9
128,73,9.9
2,162,0
74,109,0
77,95,9.9
80,33,9.9
189,22,0
1,186,0
61,37,0
35,57,9.9
153,74,9.9
153,62,9.9
103,37,0
65,197,9.9
116,50,0
43,99,0
66,110,9.9
182,114,9.9
170,25,9.9
68,19,0
132,109,0
26,175,9.9
71,198,0
44,18,0
164,97,0
38,30,9.9
109,130,9.9
149,158,0
180,151,9.9
190,54,9.9
8,38,9.9
112,138,0
141,98,9.9
128,191,9.9
135,57,0
161,12,0
25,44,9.9
130,199,0
134,59,0
30,99,9.9
31,174,0
117,43,9.9
5,76,9.9
77,180,9.9
94,146,9.9
164,150,0
49,74,9.9
24,85,0
30,109,0
44,197,0
184,77,9.9
36,8,9.9
107,58,9.9
47,139,9.9
39,165,9.9
11,69,9.9
27,73,0
196,100,0
144,174,9.9
58,113,0
2,145,0
194,170,9.9
30,84,9.9
105,44,9.9
191,106,9.9
197,30,9.9
129,172,0
2,177,0
8,52,0
86,87,9.9
157,181,0
193,174,0
82,6,0
102,136,0
157,77,9.9
157,142,9.9
71,31,9.9
152,117,9.9
48,178,9.9
198,189,0
113,103,0
187,31,0
119,194,0
175,38,9.9
190,179,9.9
108,4,9.9
50,183,9.9
75,147,9.9
18,62,9.9
14,118,9.9
42,161,9.9
187,144,0
195,18,9.9
169,42,9.9
0,154,9.9
132,133,9.9
43,125,9.9
146,18,0
39,5,9.9
173,55,0
71,182,9.9
86,136,9.9
183,13,9.9
13,139,9.9
98,26,9.9
156,31,0
86,120,0
162,6,9.9
32,178,9.9
100,49,0
92,107,0
15,175,0
55,73,0
144,11,9.9
155,187,0
105,179,9.9
74,70,9.9
55,131,9.9
52,38,9.9
150,177,9.9
194,152,0
156,40,0
189,44,9.9
190,55,9.9
36,94,0
106,178,9.9
130,185,9.9
58,86,9.9
57,10,9.9
101,68,0
26,187,9.9
87,42,9.9
5,163,0
176,128,0
105,66,9.9
64,161,0
186,199,9.9
61,69,9.9
104,77,0
115,37,9.9
187,128,9.9
140,200,9.9
97,120,0
49,160,0
196,167,0
55,181,0
57,174,0
136,89,9.9
39,57,9.9
149,129,0
127,190,0
188,162,0
177,84,9.9
84,187,9.9
131,133,0
62,144,9.9
92,127,9.9
170,163,9.9
181,43,0
198,125,0
52,109,0
169,88,0
70,191,9.9
102,32,9.9
68,185,0
36,0,9.9
5,16,9.9
10,2,0
48,109,9.9
27,76,9.9
57,4,9.9
81,170,9.9
72,177,0
72,150,9.9
107,165,9.9
185,44,0
0,57,0
99,33,9.9
190,14,0
81,188,0
120,125,0
192,82,9.9
53,105,9.9
18,149,0
57,137,9.9
74,86,9.9
39,121,9.9
148,102,9.9
122,170,0
21,138,0
7,94,9.9
62,69,0
121,141,9.9
130,51,9.9
141,13,0
7,42,0
128,115,0
135,109,9.9
104,1,0
84,33,9.9
38,161,9.9
82,171,0
154,11,0
173,148,0
137,3,0
82,172,0
144,151,0
57,65,9.9
74,64,0
152,91,9.9
60,18,0
57,21,9.9
93,101,0
9,61,9.9
29,3,0
181,196,9.9
177,42,0
140,169,9.9
131,59,9.9
131,101,0
15,18,0
189,166,9.9
48,116,9.9
159,2,9.9
130,52,9.9
61,54,9.9
190,30,0
175,2,9.9
10,147,9.9
156,52,0
97,36,9.9
180,124,0
164,141,0
114,50,9.9
68,180,9.9
131,183,0
171,54,9.9
67,71,0
34,200,0
73,115,9.9
25,32,0
51,2,0
124,83,0
43,131,0
112,6,9.9
120,195,9.9
55,160,0
68,147,9.9
81,65,0
165,63,9.9
40,181,0
131,99,0
59,145,9.9
33,20,0
47,138,0
88,134,9.9
20,12,0
146,134,9.9
63,120,0
111,201,0
19,103,9.9
198,199,9.9
86,115,0
178,135,0
89,185,9.9
185,173,9.9
109,174,0
96,14,9.9
138,169,9.9
173,11,0
23,143,0
79,158,0
152,60,9.9
167,157,0
18,154,9.9
3,167,0
1,103,9.9
101,131,0
41,129,0
124,30,9.9
144,60,9.9
193,149,9.9
49,178,9.9
84,103,9.9
89,174,0
140,52,9.9
3,141,9.9
54,37,9.9
107,24,0
43,179,0
137,160,0
27,114,0
156,70,9.9
115,84,0
142,169,0
153,174,9.9
58,80,9.9
170,10,0
14,19,0
150,155,0
13,9,0
124,86,0
0,63,9.9
56,18,9.9
194,119,9.9
198,10,9.9
32,19,9.9
164,53,9.9
14,71,9.9
114,123,0
27,95,0
144,143,0
29,79,9.9
165,76,0
120,81,0
182,152,9.9
88,42,9.9
74,182,0
146,47,9.9
160,152,9.9
166,126,0
137,178,9.9
106,126,0
63,11,9.9
144,186,9.9
120,22,9.9
44,105,9.9
195,66,0
160,145,0
36,48,9.9
38,50,9.9
2,13,9.9
85,121,0
158,30,0
5,4,0
20,45,0
38,185,0
146,144,0
71,119,9.9
62,195,9.9
95,47,0
123,182,9.9
48,9,0
146,151,9.9
173,175,0
184,91,0
88,149,0
5,18,9.9
181,135,0
114,75,9.9
149,76,9.9
60,138,0
85,66,0
28,37,9.9
82,93,9.9
134,125,0
95,65,9.9
118,101,0
43,166,9.9
55,180,9.9
88,57,0
39,175,0
153,81,0
131,113,9.9
147,145,0
183,160,9.9
184,194,9.9
30,51,9.9
77,63,0
67,23,0
125,106,0
14,10,9.9
85,164,9.9
88,16,0
156,4,9.9
159,20,0
3,159,0
145,133,0
161,60,9.9
129,146,9.9
159,111,9.9
123,19,0
184,35,9.9
65,100,9.9
150,162,9.9
175,54,0
179,23,9.9
71,24,0
116,90,0
121,19,0
162,186,9.9
25,37,0
119,63,9.9
45,12,0
126,61,9.9
132,166,9.9
135,114,0
195,96,9.9
172,163,0
139,127,9.9
10,94,0
170,90,9.9
178,39,9.9
75,149,9.9
38,116,0
72,164,9.9
109,148,0
123,110,0
9,25,0
80,141,0
180,109,0
81,22,0
82,74,9.9
19,178,0
70,89,9.9
188,165,0
184,87,0
113,39,0
85,49,9.9
78,93,9.9
19,175,9.9
111,24,9.9
134,55,9.9
138,175,9.9
145,196,0
6,74,9.9
19,8,0
23,81,0
0,89,0
178,2,9.9
42,11,9.9
161,71,9.9
45,150,0
111,51,0
69,192,0
181,2,0
192,15,0
113,13,0
190,105,9.9
80,114,9.9
161,28,9.9
160,175,0
95,115,0
110,8,0
117,8,9.9
52,179,0
168,13,9.9
17,20,0
35,32,0
38,20,0
170,24,9.9
104,180,9.9
143,98,9.9
54,134,0
102,76,9.9
11,119,9.9
123,152,0
180,10,0
145,131,9.9
152,97,0
142,40,0
154,70,0
38,93,9.9
63,147,9.9
131,76,0
135,44,9.9
80,189,0
170,183,0
38,24,0
191,88,0
83,74,9.9
53,161,0
125,27,9.9
44,85,9.9
39,174,9.9
25,192,0
38,78,9.9
192,138,9.9
156,30,9.9
3,90,0
128,14,9.9
43,155,0
50,193,0
176,78,9.9
163,198,9.9
73,90,9.9
90,171,9.9
77,170,9.9
143,102,0
24,90,9.9
152,24,0
141,87,9.9
101,81,0
136,67,0
130,152,0
62,84,9.9
25,145,9.9
155,163,9.9
27,77,9.9
100,34,9.9
36,197,0
29,102,9.9
97,58,9.9
153,191,9.9
184,72,9.9
5,79,9.9
195,161,0
137,141,9.9
8,42,9.9
74,127,0
163,52,0
181,14,9.9
7,101,0
3,123,0
196,143,9.9
76,148,9.9
19,26,0
44,58,0
115,32,0
142,9,9.9
16,14,9.9
10,193,0
188,8,0
195,65,9.9
167,117,0
46,135,9.9
145,31,9.9
28,201,0
195,135,0
179,108,9.9
198,113,9.9
22,118,9.9
74,174,9.9
49,85,9.9
44,2,0
193,184,9.9
29,55,0
28,183,0
190,66,9.9
11,25,0
96,120,0
61,84,9.9
164,66,0
130,49,0
89,32,9.9
19,9,9.9
41,75,0
56,16,0
170,126,9.9
23,0,9.9
110,184,0
144,192,0
133,9,0
96,38,0
51,125,9.9
191,50,9.9
14,34,0
39,48,9.9
185,116,0
19,191,9.9
4,36,9.9
125,74,0
38,163,9.9
56,138,9.9
120,7,9.9
54,27,0
48,101,9.9
151,124,0
198,30,9.9
164,100,0
193,130,9.9
50,70,0
75,197,9.9
69,94,0
73,113,9.9
133,183,0
157,127,0
2,72,9.9
153,55,0
140,159,0
171,183,9.9
16,94,9.9
36,52,0
11,200,0
101,65,9.9
186,57,0
152,142,9.9
174,33,9.9
61,129,0
77,196,9.9
92,173,9.9
32,49,9.9
28,118,9.9
59,77,0
52,3,9.9
82,166,9.9
15,170,0
17,196,0
188,23,9.9
79,40,9.9
142,138,0
175,171,9.9
76,53,9.9
169,151,0
19,79,0
192,6,0
143,37,9.9
13,97,9.9
166,42,9.9
163,129,0
173,98,9.9
170,111,0
195,197,0
43,26,0
195,42,0
13,201,0
186,160,9.9
120,110,9.9
13,36,0
0,11,9.9
34,46,9.9
119,173,9.9
148,7,9.9
173,16,0
60,52,0
160,109,9.9
30,47,0
4,51,0
19,130,9.9
48,124,9.9
70,128,9.9
7,170,0
129,151,0
180,190,0
173,135,0
24,142,0
196,110,9.9
89,190,0
5,83,9.9
124,159,0
197,165,0
29,183,0
24,192,0
76,182,9.9
44,31,0
91,3,0
28,16,9.9
24,177,9.9
168,144,9.9
162,167,9.9
149,159,0
175,136,9.9
26,129,9.9
192,153,9.9
194,124,9.9
94,170,0
115,53,9.9
112,28,9.9
55,15,9.9
7,181,9.9
185,32,9.9
156,102,9.9
97,154,0
109,142,0
151,87,0
181,35,0
174,51,9.9
12,146,9.9
153,169,0
197,56,0
115,21,9.9
89,54,0
158,29,9.9
163,143,9.9
159,187,0
131,55,9.9
12,116,0
22,198,0
42,51,0
158,124,0
51,51,9.9
2,144,0
108,62,9.9
59,50,0
36,175,0
49,107,0
131,41,0
149,33,0
43,175,9.9
136,175,0
153,118,0
135,27,9.9
28,69,0
109,85,0
199,113,9.9
128,112,9.9
54,187,9.9
124,1,0
10,60,9.9
78,145,0
68,24,0
91,192,9.9
136,200,9.9
55,111,9.9
40,151,9.9
127,6,0
194,118,9.9
100,156,9.9
184,160,0
83,1,0
44,171,9.9
31,105,9.9
192,72,9.9
103,192,9.9
47,142,0
12,155,9.9
43,192,9.9
86,60,0
13,56,0
159,166,9.9
188,36,0
34,39,9.9
11,105,0
54,160,9.9
68,197,9.9
52,29,9.9
123,50,9.9
90,93,0
133,62,0
41,173,9.9
137,197,0
80,57,9.9
17,78,0
127,83,9.9
34,17,9.9
73,194,0
158,10,9.9
143,199,9.9
108,15,0
123,101,9.9
55,172,0
133,181,9.9
159,65,0
39,169,9.9
116,145,0
155,81,0
40,189,0
4,156,9.9
100,105,0
75,154,0
163,78,9.9
86,119,9.9
133,189,9.9
93,142,9.9
19,56,0
177,184,0
74,15,9.9
118,63,0
63,106,0
42,108,0
176,47,0
197,161,0
54,45,9.9
166,85,9.9
20,183,9.9
61,93,9.9
192,201,0
184,31,0
45,26,0
188,93,9.9
100,137,0
196,62,9.9
70,94,9.9
24,36,9.9
111,163,0
162,140,0
187,124,9.9
108,14,9.9
90,4,9.9
52,81,9.9
104,104,0
128,103,0
151,149,0
12,177,9.9
138,112,0
69,43,0
69,156,9.9
73,99,9.9
160,168,0
68,15,9.9
118,24,9.9
65,183,9.9
179,152,0
160,123,9.9
17,164,9.9
5,104,9.9
105,9,0
37,79,9.9
183,111,0
190,117,0
154,25,9.9
24,56,0
123,1,0
24,201,0
82,164,0
113,91,0
130,12,9.9
34,186,0
110,116,9.9
32,102,0
173,84,9.9
84,175,0
107,1,9.9
34,110,0
107,10,0
199,48,9.9
119,28,0
91,16,0
150,54,9.9
2,60,0
183,97,0
32,147,9.9
53,175,9.9
181,100,0
147,106,9.9
84,154,0
3,109,0
135,137,0
68,146,9.9
14,187,9.9
152,157,0
140,36,0
129,48,9.9
132,1,9.9
195,63,0
149,151,0
93,120,9.9
183,181,0
11,39,0
73,199,9.9
7,162,9.9
87,186,9.9
8,47,9.9
101,134,9.9
126,64,9.9
37,154,9.9
170,169,0
27,49,9.9
80,182,0
172,185,0
7,23,0
14,191,9.9
130,65,9.9
7,79,9.9
81,196,0
123,122,0
88,21,0
91,51,0
157,108,0
11,95,9.9
108,108,9.9
153,84,9.9
55,60,0
46,29,9.9
117,142,9.9
18,45,0
174,90,9.9
33,86,0
64,196,9.9
53,69,0
135,103,9.9
77,49,9.9
112,150,0
5,97,9.9
46,8,9.9
91,48,0
198,96,0
134,66,0
66,79,9.9
91,102,0
105,123,0
28,111,9.9
142,177,9.9
100,23,0
86,16,0
72,127,9.9
80,120,9.9
63,180,9.9
118,29,9.9
32,73,0
164,143,0
64,58,9.9
166,47,9.9
48,78,0
160,194,9.9
96,88,0
172,198,0
17,194,9.9
125,11,0
183,119,0
151,28,0
133,199,9.9
18,63,9.9
15,51,9.9
19,168,0
49,13,9.9
162,39,9.9
78,90,0
153,96,9.9
96,8,9.9
124,138,0
186,132,0
25,143,0
58,85,9.9
107,96,9.9
165,43,9.9
123,115,0
151,25,9.9
112,1,9.9
63,79,0
30,15,0
191,126,9.9
119,149,0
165,149,9.9
80,176,9.9
13,177,0
125,44,0
152,98,9.9
118,8,9.9
112,192,9.9
168,33,0
151,60,0
195,115,0
92,59,0
166,17,0
37,171,9.9
36,59,0
171,120,9.9
196,84,0
149,147,9.9
7,182,9.9
177,21,9.9
146,46,0
113,150,9.9
91,150,9.9
183,71,0
2,27,9.9
57,116,9.9
8,50,0
115,10,9.9
186,166,0
110,107,9.9
19,11,0
94,128,9.9
175,42,9.9
6,97,9.9
83,166,9.9
54,113,0
111,150,0
122,154,9.9
80,58,9.9
107,183,0
32,109,9.9
30,113,0
162,26,0
168,73,9.9
18,35,9.9
119,91,9.9
103,3,9.9
145,173,9.9
192,39,9.9
70,69,9.9
85,162,0
113,156,9.9
111,93,9.9
34,55,0
30,168,0
56,56,9.9
57,105,9.9
150,16,0
43,197,9.9
112,107,0
96,23,9.9
161,49,9.9
159,190,9.9
98,157,0
132,182,9.9
144,133,9.9
28,150,9.9
137,4,0
141,123,9.9
151,61,0
179,158,9.9
132,186,0
12,69,9.9
134,80,0
14,167,9.9
35,86,0
97,51,9.9
40,13,9.9
71,33,9.9
80,41,9.9
13,123,9.9
197,38,9.9
8,195,0
72,192,0
98,14,0
67,38,0
1,14,9.9
121,161,9.9
170,191,0
104,147,0
165,80,9.9
138,168,9.9
29,134,0
187,69,0
170,197,0
85,73,0
10,29,0
164,201,9.9
153,90,0
165,16,0
173,161,0
128,159,0
42,61,0
132,40,0
117,67,0
166,21,9.9
149,169,0
29,9,9.9
177,178,9.9
32,156,9.9
5,15,0
181,178,0
147,65,0
131,154,9.9
38,55,9.9
62,111,0
104,201,9.9
101,100,0
117,4,0
165,3,0
153,68,9.9
62,41,9.9
63,104,9.9
64,86,0
5,155,9.9
44,146,9.9
68,116,0
4,6,9.9
21,152,9.9
188,97,9.9
92,56,0
37,174,9.9
137,151,0
55,14,0
6,112,0
156,167,0
101,88,9.9
168,46,9.9
56,46,9.9
17,133,9.9
24,174,0
16,182,9.9
24,121,9.9
18,144,9.9
88,144,0
1,67,0
26,81,9.9
55,71,0
135,108,9.9
35,200,0
114,201,9.9
9,63,9.9
11,177,0
155,5,9.9
182,84,9.9
130,31,9.9
34,134,9.9
69,65,9.9
80,142,9.9
76,72,9.9
152,182,9.9
165,139,9.9
146,171,0
26,64,9.9
195,41,9.9
125,15,0
78,60,9.9
108,44,0
104,122,0
53,43,9.9
107,152,0
59,122,9.9
192,50,9.9
19,74,9.9
103,38,9.9
34,7,9.9
51,35,0
181,62,0
98,167,0
99,128,9.9
24,47,9.9
90,149,0
91,36,9.9
75,17,0
32,34,0
158,186,9.9
194,3,0
24,123,9.9
72,120,0
130,85,0
85,140,9.9
45,97,0
6,150,9.9
26,21,0
136,117,9.9
85,25,9.9
189,37,0
159,29,9.9
175,93,9.9
99,8,0
60,107,0
115,24,9.9
132,172,0
63,44,9.9
191,139,9.9
189,142,0
143,74,9.9
46,112,0
133,157,9.9
171,23,9.9
72,124,9.9
133,71,9.9
163,108,9.9
36,186,0
50,5,9.9
110,115,9.9
68,101,9.9
153,126,9.9
13,163,0
115,125,9.9
153,199,9.9
47,61,9.9
171,131,0
175,191,9.9
152,74,9.9
122,136,9.9
199,67,9.9
122,161,0
79,168,9.9
126,169,9.9
9,124,0
191,4,9.9
51,96,9.9
122,74,0
40,78,9.9
146,189,0
18,23,0
24,134,9.9
13,72,9.9
128,105,9.9
9,169,0
22,0,9.9
82,127,9.9
76,78,9.9
113,98,0
38,183,0
117,58,0
118,17,9.9
25,71,9.9
108,123,9.9
130,128,0
87,181,9.9
89,11,9.9
12,45,0
184,70,9.9
99,159,0
127,7,9.9
43,75,0
55,83,0
65,149,9.9
70,81,9.9
46,73,0
196,22,0
27,152,0
127,176,9.9
139,121,9.9
47,58,9.9
27,68,9.9
99,42,9.9
171,142,0
7,92,9.9
52,132,0
131,124,9.9
60,130,9.9
83,200,9.9
181,137,9.9
162,185,9.9
159,82,0
146,0,9.9
158,84,0
147,172,9.9
167,142,0
196,4,9.9
156,159,0
183,72,9.9
182,179,9.9
127,149,9.9
40,119,0
58,65,0
14,154,0
114,46,9.9
89,23,9.9
163,189,0
46,129,9.9
92,88,0
40,149,0
167,60,0
110,157,0
30,22,9.9
6,161,0
32,158,9.9
82,104,9.9
91,181,9.9
146,119,0
69,147,0
171,88,0
97,179,9.9
44,189,9.9
162,24,0
179,12,9.9
140,109,0
155,53,0
138,75,9.9
149,171,9.9
12,2,0
30,162,9.9
117,42,9.9
174,23,0
155,169,9.9
108,97,0
33,81,0
64,159,9.9
10,146,0
161,176,9.9
93,129,0
128,87,9.9
66,172,9.9
165,142,9.9
188,21,9.9
158,161,0
69,200,9.9
144,54,9.9
39,4,9.9
167,15,0
67,180,9.9
25,83,0
122,168,0
94,3,0
54,170,9.9
182,138,0
90,130,0
95,155,0
70,26,0
24,4,9.9
13,68,0
186,79,0
79,154,0
165,185,9.9
19,111,9.9
112,32,0
65,40,0
79,119,0
183,183,9.9
36,127,9.9
117,21,0
41,124,9.9
9,65,9.9
140,26,0
50,10,0
123,105,9.9
164,2,0
31,112,0
107,20,9.9
111,30,0
126,42,0
128,53,0
76,64,0
144,155,9.9
191,136,9.9
140,1,9.9
92,86,9.9
135,194,0
97,171,9.9
177,185,0
26,30,9.9
24,104,9.9
191,122,9.9
16,76,9.9
20,197,9.9
162,55,0
167,100,0
176,147,0
49,93,0
156,181,0
171,198,0
175,118,9.9
145,80,9.9
107,109,9.9
105,201,9.9
131,188,9.9
54,72,0
48,74,9.9
76,99,0
183,153,0
101,58,9.9
137,132,0
55,33,9.9
33,154,9.9
83,62,9.9
31,139,0
131,29,0
58,10,9.9
12,91,0
183,54,0
74,17,9.9
11,179,9.9
177,63,0
196,42,0
180,1,9.9
161,121,9.9
199,65,0
67,156,0
130,0,0
9,125,0
153,183,9.9
35,38,9.9
137,161,9.9
76,184,0
86,193,0
24,101,9.9
65,158,0
127,73,9.9
169,195,9.9
165,91,9.9
72,145,0
26,125,9.9
189,194,0
31,96,0
92,193,9.9
171,59,0
118,39,0
166,192,9.9
146,179,0
59,88,0
147,98,9.9
156,68,9.9
91,183,0
195,139,9.9
198,201,0
5,169,9.9
183,108,9.9
14,110,0
166,201,9.9
174,25,0
52,141,0
140,72,0
53,54,0
128,195,9.9
166,61,9.9
167,33,9.9
173,70,9.9
6,131,0
89,188,9.9
93,55,0
92,37,0
125,115,9.9
58,21,9.9
154,63,0
34,144,9.9
110,59,9.9
180,108,9.9
121,4,9.9
99,36,0
128,121,9.9
146,87,9.9
181,131,0
145,17,9.9
63,113,9.9
39,163,9.9
25,79,0
20,72,9.9
80,155,9.9
2,121,0
19,81,0
151,84,9.9
119,137,0
162,91,0
82,189,9.9
25,167,0
13,167,9.9
14,116,9.9
140,27,9.9
110,61,0
24,109,0
19,154,9.9
87,74,0
59,33,0
194,41,9.9
94,169,9.9
87,75,0
157,3,0
99,201,9.9
123,59,0
179,151,9.9
99,119,9.9
25,110,9.9
85,97,0
153,104,0
42,86,0
150,60,9.9
11,196,9.9
131,47,0
167,183,9.9
192,155,9.9
8,162,9.9
91,189,0
161,17,0
133,156,9.9
132,27,0
20,122,9.9
60,163,9.9
90,110,9.9
151,65,0
168,42,0
194,194,0
140,199,9.9
35,79,0
162,8,0
130,21,0
66,8,9.9
164,137,0
148,108,0
171,156,9.9
156,141,0
50,113,0
131,148,9.9
0,49,0
81,141,0
35,156,0
96,61,9.9
103,149,0
91,41,0
81,42,9.9
4,151,0
116,158,0
21,199,9.9
87,40,0
198,158,0
48,127,0
143,156,0
90,86,0
21,24,9.9
39,74,0
44,159,9.9
14,73,9.9
29,88,0
115,39,9.9
26,134,0
106,25,9.9
170,6,9.9
110,80,9.9
108,32,9.9
71,137,9.9
56,48,0
55,149,9.9
144,84,9.9
138,131,0
42,48,9.9
75,51,9.9
68,12,0
131,127,9.9
70,45,9.9
143,56,9.9
179,167,0
110,101,9.9
163,151,9.9
199,159,9.9
122,36,9.9
113,109,0
127,20,0
198,76,0
186,6,0
48,95,9.9
132,108,0
148,132,0
86,195,9.9
186,44,0
118,56,9.9
91,149,9.9
191,6,0
149,78,9.9
53,26,9.9
71,25,0
71,80,0
158,165,0
3,105,0
165,6,0
28,31,9.9
171,47,9.9
57,75,9.9
134,182,0
96,138,0
162,78,0
50,1,9.9
74,27,9.9
59,159,9.9
126,170,9.9
76,188,9.9
35,87,0
129,161,0
158,15,0
175,156,0
46,25,9.9
179,101,0
148,168,9.9
160,127,9.9
52,129,0
154,200,0
83,65,0
133,118,9.9
63,47,0
84,111,9.9
49,89,0
7,57,0
78,165,9.9
16,84,9.9
18,41,0
82,101,9.9
27,28,0
56,160,0
85,196,0
101,18,0
47,174,0
178,91,0
120,70,9.9
169,76,9.9
177,10,9.9
100,98,0
181,44,0
63,123,0
156,169,9.9
139,9,9.9
182,178,0
194,70,0
37,33,9.9
23,106,9.9
168,178,0
117,96,0
166,169,0
155,17,9.9
64,169,0
172,82,0
81,44,0
192,80,9.9
196,19,0
145,69,0
126,30,0
56,109,0
40,33,9.9
177,150,9.9
103,105,0
116,175,9.9
199,129,0
81,200,9.9
146,38,9.9
182,194,0
88,51,9.9
44,166,0
60,12,9.9
189,93,9.9
40,34,9.9
95,194,0
136,69,9.9
21,172,0
99,190,9.9
67,182,0
32,18,9.9
120,191,9.9
63,96,9.9
72,193,0
32,161,0
62,107,0
46,196,9.9
20,35,0
119,72,0
191,125,9.9
143,88,9.9
30,193,0
109,155,0
7,83,0
145,158,0
69,180,9.9
44,78,0
81,178,9.9
20,33,0
34,33,0
161,94,0
11,160,0
179,90,9.9
55,54,9.9
156,77,0
34,79,9.9
63,105,9.9
190,17,0
198,17,0
160,72,0
149,41,0
18,39,0
175,57,0
83,160,0
195,61,0
188,152,0
104,91,9.9
176,38,0
157,0,0
30,103,0
187,11,0
112,161,9.9
92,179,9.9
126,137,9.9
98,52,9.9
144,87,9.9
101,126,9.9
139,139,0
196,81,9.9
83,45,0
100,117,0
33,146,0
196,99,9.9
6,19,0
42,167,0
2,106,9.9
134,157,0
95,156,0
123,12,0
140,9,9.9
56,12,0
114,139,9.9
157,48,9.9
166,24,9.9
181,170,0
128,51,0
162,16,9.9
11,157,9.9
194,61,9.9
191,72,9.9
185,49,0
145,157,9.9
35,55,0
199,167,0
50,116,0
16,125,0
32,180,0
159,140,9.9
86,138,9.9
191,196,9.9
179,107,0
85,180,9.9
93,168,0
2,151,0
83,120,0
57,115,9.9
193,14,0
43,8,9.9
128,154,9.9
70,198,9.9
186,114,0
81,194,9.9
105,167,0
31,15,9.9
158,61,9.9
32,36,9.9
168,118,9.9
62,16,9.9
103,178,0
0,62,9.9
52,130,0
56,11,9.9
167,158,0
12,92,9.9
51,76,9.9
100,36,9.9
48,182,9.9
2,131,9.9
89,173,0
114,119,9.9
113,171,9.9
157,71,0
111,88,9.9
193,25,0
68,110,9.9
181,181,9.9
126,173,9.9
80,192,0
71,84,9.9
179,157,0
172,183,9.9
55,22,9.9
33,37,9.9
181,180,0
149,200,0
111,157,9.9
135,53,9.9
93,8,9.9
75,151,9.9
100,7,0
106,9,9.9
150,186,9.9
149,175,9.9
81,201,0
18,33,0
90,125,0
73,46,9.9
1,201,9.9
129,6,0
34,53,0
88,62,9.9
151,121,0
26,75,9.9
66,49,9.9
55,200,9.9
66,116,9.9
48,0,9.9
137,166,0
119,157,0
182,107,0
133,135,0
154,81,9.9
32,6,0
54,157,9.9
108,22,9.9
11,20,9.9
143,191,9.9
86,182,9.9
179,84,9.9
35,8,0
84,160,0
40,173,9.9
16,192,0
66,175,9.9
59,71,9.9
187,174,9.9
52,10,9.9
174,21,9.9
159,78,9.9
17,176,0
54,154,0
24,180,0
143,112,9.9
58,83,9.9
185,186,0
60,33,9.9
129,57,9.9
120,105,9.9
8,127,0
69,82,0
182,158,9.9
150,145,9.9
67,146,9.9
102,175,9.9
193,138,9.9
185,26,0
100,158,9.9
130,90,9.9
51,183,0
31,36,9.9
61,197,9.9
88,114,0
137,54,0
59,115,9.9
101,76,0
9,100,9.9
180,24,0
137,71,0
179,19,0
50,0,9.9
143,22,9.9
150,120,9.9
189,9,0
84,44,9.9
186,175,9.9
165,35,9.9
14,78,0
195,78,0
186,190,9.9
29,85,0
168,48,0
158,90,9.9
149,100,0
40,122,0
132,88,0
23,147,9.9
93,47,9.9
80,13,9.9
49,174,9.9
111,3,9.9
180,126,0
34,1,9.9
20,23,0
19,163,0
115,78,9.9
34,160,9.9
170,168,9.9
181,4,0
154,177,9.9
140,103,0
73,117,9.9
47,186,9.9
81,93,9.9
146,60,9.9
29,188,9.9
51,57,0
87,116,9.9
85,188,0
1,107,0
34,147,9.9
139,27,9.9
114,91,0
176,17,0
97,13,9.9
62,200,9.9
151,52,0
13,32,0
71,60,9.9
32,106,0
197,68,9.9
55,104,0
48,71,0
198,59,0
57,17,9.9
21,176,9.9
51,196,0
6,191,0
69,50,0
148,144,9.9
20,42,9.9
162,108,9.9
199,15,0
36,66,9.9
17,24,0
64,79,9.9
195,73,9.9
111,165,9.9
17,27,0
138,30,9.9
88,199,0
72,123,9.9
198,9,0
36,99,9.9
89,147,9.9
85,119,9.9
90,106,9.9
25,186,0
149,14,9.9
160,105,0
24,126,9.9
68,136,0
94,157,9.9
32,117,0
28,45,9.9
168,9,9.9
135,201,0
72,119,9.9
13,76,9.9
156,11,9.9
186,188,9.9
178,197,9.9
81,15,0
107,98,0
75,157,9.9
36,81,9.9
153,181,0
39,33,0
174,91,9.9
178,70,0
60,102,9.9
92,198,9.9
104,74,0
151,62,9.9
71,63,0
33,1,0
141,170,0
189,200,9.9
3,74,9.9
22,36,0
162,172,0
38,58,0
133,42,9.9
103,110,0
42,68,0
59,119,0
91,55,9.9
151,54,0
55,117,0
54,62,9.9
58,90,0
43,127,0
131,86,9.9
163,133,0
180,7,0
95,122,9.9
10,19,0
143,168,0
71,88,0
171,30,9.9
183,189,9.9
39,129,0
61,45,9.9
40,17,9.9
125,12,0
153,51,0
38,57,0
166,87,0
66,140,9.9
172,102,9.9
22,21,0
51,9,0
13,143,9.9
97,124,9.9
134,40,9.9
99,6,9.9
172,161,9.9
89,136,0
29,192,0
20,134,0
134,149,0
176,111,9.9
160,102,0
9,190,9.9
150,95,0
80,15,0
18,169,9.9
120,14,0
174,159,0
33,55,0
30,25,0
153,177,0
112,93,0
85,78,9.9
122,73,9.9
72,161,9.9
114,16,0
131,173,0
98,3,0
59,24,9.9
123,89,0
26,143,0
1,0,9.9
32,191,9.9
48,47,0
194,72,0
90,140,9.9
104,20,9.9
81,171,9.9
163,44,0
28,147,9.9
184,152,9.9
84,150,0
135,184,9.9
115,65,0
127,199,0
188,72,9.9
74,29,0
30,110,0
169,82,0
181,5,9.9
175,66,9.9
173,117,0
157,133,0
66,146,0
174,128,0
189,21,0
125,132,9.9
52,41,0
185,114,0
184,67,9.9
62,4,0
155,9,0
80,170,9.9
107,45,9.9
38,8,0
153,58,0
130,94,0
16,163,0
82,176,9.9
178,73,9.9
18,16,0
130,1,9.9
84,131,0
152,176,0
155,141,0
159,3,0
169,33,9.9
63,181,0
104,184,0
141,156,9.9
32,135,0
32,114,0
199,36,9.9
166,152,0
114,5,9.9
94,172,9.9
60,111,9.9
70,201,0
148,49,9.9
74,48,9.9
31,156,9.9
5,103,9.9
54,9,9.9
0,73,9.9
134,200,0
111,106,9.9
48,150,0
187,56,9.9
167,20,0
143,122,0
59,93,0
32,129,0
83,118,0
115,187,0
180,137,9.9
95,74,0
71,174,0
104,7,9.9
23,120,9.9
195,14,9.9
50,150,0
42,32,9.9
65,177,9.9
175,77,0
147,57,0
122,201,0
66,54,0
174,53,9.9
148,34,0
65,120,0
140,77,0
136,199,0
93,198,0
79,199,9.9
132,183,9.9
14,199,9.9
151,190,0
113,99,0
194,30,0
170,173,0
102,67,9.9
56,194,9.9
172,180,9.9
127,108,0
151,88,0
92,15,0
108,103,9.9
78,39,9.9
19,85,0
45,6,9.9
145,11,0
100,12,0
118,113,9.9
145,49,0
148,121,9.9
163,84,0
58,142,0
166,132,0
71,76,9.9
84,82,0
38,140,9.9
0,37,0
92,157,0
159,112,9.9
194,167,9.9
82,36,9.9
171,155,0
91,56,0
97,195,9.9
20,116,9.9
166,144,9.9
198,34,0
1,70,0
171,181,9.9
129,126,9.9
32,177,9.9
111,115,0
39,91,0
17,38,9.9
119,77,0
42,89,0
15,3,9.9
195,0,9.9
78,178,9.9
29,145,0
178,88,9.9
62,158,9.9
140,132,0
99,140,9.9
137,22,9.9
3,9,0
78,56,9.9
47,116,0
128,90,9.9
147,4,9.9
124,20,9.9
139,191,0
71,195,0
55,70,0
180,144,9.9
58,33,9.9
189,47,9.9
124,41,0
127,145,9.9
119,67,0
54,178,9.9
181,76,9.9
106,109,0
135,197,0
62,124,0
96,19,0
33,56,0
187,20,0
52,181,9.9
69,18,9.9
183,117,0
114,127,9.9
53,14,0
147,166,0
13,118,0
125,82,0
190,145,0
188,200,0
82,96,9.9
51,11,9.9
151,102,0
22,123,0
89,183,9.9
140,102,0
183,41,0
118,128,9.9
183,85,0
139,145,9.9
167,178,9.9
13,58,0
52,12,0
35,3,0
13,54,9.9
35,66,9.9
176,92,9.9
31,129,9.9
26,182,0
162,170,0
186,61,0
105,4,0
12,81,9.9
12,108,9.9
188,130,0
141,47,0
179,135,0
4,81,9.9
166,40,0
94,171,0
175,97,0
6,199,9.9
65,65,0
2,67,9.9
160,138,9.9
104,183,9.9
117,74,0
83,163,9.9
18,126,0
73,54,9.9
196,145,9.9
138,154,9.9
14,11,9.9
4,42,0
20,41,0
32,200,0
50,49,0
145,183,9.9
28,87,9.9
89,131,0
133,200,0
86,68,9.9
179,124,0
43,52,9.9
125,138,0
137,181,9.9
73,64,0
4,63,9.9
192,26,9.9
67,140,9.9
2,23,0
24,57,0
157,117,9.9
138,7,0
14,26,9.9
163,24,0
105,160,0
66,199,9.9
119,125,9.9
36,13,9.9
184,3,0
58,128,0
57,136,9.9
11,75,9.9
99,13,0
11,156,0
65,190,0
10,70,0
71,82,9.9
85,88,9.9
121,38,0
59,31,0
171,90,0
72,173,9.9
142,172,9.9
36,79,9.9
99,168,0
5,35,0
189,171,9.9
87,53,0
36,38,9.9
151,6,9.9
165,52,0
10,187,0
130,67,9.9
45,89,9.9
129,77,0
74,99,0
139,89,9.9
93,28,9.9
18,10,9.9
140,130,9.9
189,106,0
26,97,0
173,82,0
46,193,0
81,147,0
45,54,9.9
87,132,0
192,65,0
174,0,0
179,82,9.9
65,107,0
66,154,9.9
151,71,0
146,50,9.9
3,49,9.9
42,34,9.9
112,36,9.9
113,201,9.9
82,99,0
170,45,0
154,37,0
100,74,0
39,109,9.9
64,87,0
68,125,9.9
9,151,0
95,50,9.9
124,19,0
97,87,9.9
34,155,0
37,81,0
77,134,0
29,83,0
86,183,0
150,117,9.9
176,95,9.9
55,196,9.9
100,145,0
172,138,9.9
72,132,0
93,20,0
39,146,0
132,9,0
82,23,9.9
32,81,0
195,193,9.9
22,137,0
58,158,0
38,45,0
165,54,0
57,166,0
39,124,0
38,128,9.9
186,54,0
189,179,0
114,124,9.9
106,51,0
130,17,9.9
73,98,9.9
186,23,9.9
97,170,0
33,148,9.9
78,192,0
93,63,0
175,107,0
196,13,9.9
136,180,0
182,192,9.9
189,140,0
124,81,9.9
88,63,9.9
116,105,0
179,83,9.9
142,33,9.9
157,37,9.9
42,136,9.9
44,135,9.9
5,50,0
187,148,9.9
124,71,9.9
136,91,0
81,142,9.9
8,35,9.9
52,86,9.9
177,155,0
182,121,9.9
92,101,0
196,69,0
51,161,0
127,201,0
190,123,9.9
114,108,0
156,138,9.9
130,59,9.9
10,157,0
179,144,0
53,95,9.9
129,106,0
105,30,9.9
114,101,0
123,160,9.9
168,5,0
65,74,9.9
47,150,0
135,151,0
76,185,9.9
20,201,0
120,170,0
99,126,0
65,184,9.9
74,57,0
27,164,0
148,58,9.9
192,182,9.9
24,66,0
78,148,0
92,75,0
59,10,0
179,0,0
66,138,0
19,94,0
98,140,0
41,161,0
33,191,0
185,65,0
27,127,0
90,41,0
192,88,9.9
76,186,9.9
72,18,9.9
134,118,0
64,138,9.9
114,187,9.9
140,20,9.9
133,26,0
177,136,0
119,55,9.9
129,68,0
140,11,0
151,9,0
120,146,9.9
181,187,0
174,139,0
133,2,9.9
31,164,0
153,148,0
54,151,9.9
119,12,0
148,85,9.9
155,197,9.9
80,194,0
61,118,9.9
112,195,0
4,11,0
154,166,9.9
82,83,9.9
67,126,9.9
102,21,9.9
109,178,0
43,193,0
197,143,0
36,72,0
167,69,9.9
128,13,0
33,150,9.9
119,107,9.9
185,170,9.9
86,49,9.9
114,107,0
130,18,0
130,100,0
3,112,9.9
103,156,0
53,33,9.9
85,26,0
31,46,0
37,12,0
199,131,0
186,191,9.9
49,95,0
59,3,0
115,19,9.9
86,137,9.9
145,144,0
33,129,9.9
131,5,0
46,187,0
187,35,0
191,104,0
115,56,9.9
111,11,0
154,147,9.9
11,17,0
89,182,0
58,123,0
146,201,0
156,140,0
86,162,9.9
178,178,9.9
124,156,9.9
126,35,0
62,103,0
145,46,0
27,120,9.9
152,170,0
160,166,9.9
72,172,9.9
193,105,0
135,153,0
125,158,9.9
2,24,9.9
156,36,9.9
20,121,0
199,104,9.9
110,197,9.9
6,184,0
94,26,0
195,28,0
114,12,9.9
21,167,9.9
89,200,9.9
24,112,0
6,192,9.9
105,119,0
121,92,0
126,52,9.9
52,194,9.9
94,201,9.9
36,95,0
176,119,0
172,57,0
59,6,0
62,164,9.9
134,56,9.9
59,87,0
40,156,9.9
144,96,0
121,37,9.9
41,44,9.9
63,17,9.9
132,125,0
192,141,0
174,156,9.9
23,71,0
185,95,9.9
143,46,0
99,121,9.9
123,167,0
16,119,0
178,55,0
93,200,0
129,188,0
69,71,9.9
161,61,9.9
148,184,9.9
29,21,0
46,194,0
55,8,0
41,130,0
92,8,0
35,147,0
190,159,9.9
192,147,0
183,191,9.9
194,137,9.9
119,88,9.9
168,14,9.9
52,176,0
174,109,9.9
77,198,0
34,128,9.9
116,119,9.9
37,60,0
87,139,0
199,173,9.9
116,138,0
23,169,9.9
36,149,9.9
110,53,9.9
170,109,9.9
125,128,9.9
81,157,0
68,10,9.9
87,154,0
45,21,0
41,106,9.9
30,107,9.9
95,24,9.9
131,91,0
34,121,0
4,112,0
144,19,0
114,198,9.9
7,192,9.9
145,72,9.9
105,31,9.9
88,85,0
45,95,9.9
23,38,9.9
185,151,0
81,125,9.9
192,107,0
27,23,0
3,70,0
122,51,9.9
143,152,9.9
70,118,0
169,7,0
155,90,9.9
177,40,9.9
75,164,0
46,172,0
139,172,0
27,87,0
117,114,0
189,114,0
102,3,0
17,127,0
164,140,0
25,116,9.9
12,44,9.9
114,40,0
27,41,0
121,125,0
79,201,9.9
171,11,9.9
49,138,9.9
81,68,0
59,111,9.9
127,50,0
151,158,0
182,175,0
44,36,9.9
28,33,9.9
183,188,0
110,28,9.9
116,152,9.9
150,77,9.9
87,114,9.9
191,35,9.9
197,140,0
129,150,0
180,11,0
193,55,9.9
184,123,9.9
138,66,0
43,139,0
5,85,0
121,194,0
76,28,0
135,167,0
137,72,9.9
45,170,9.9
155,35,0
112,92,9.9
8,97,0
112,177,0
16,19,9.9
134,119,0
177,146,9.9
127,115,9.9
95,199,0
116,80,0
73,116,0
82,194,0
15,109,9.9
32,23,9.9
28,188,0
24,25,0
25,170,0
78,171,0
87,98,0
136,90,0
54,176,0
21,66,9.9
58,138,0
73,9,0
89,26,9.9
121,46,9.9
54,66,0
155,3,9.9
150,9,9.9
177,56,0
114,38,0
49,164,9.9
172,179,9.9
85,145,0
171,80,0
182,135,9.9
8,190,9.9
1,130,0
125,32,9.9
157,40,9.9
87,141,9.9
65,196,0
147,54,0
192,35,9.9
27,62,0
90,144,0
141,117,9.9
102,150,9.9
58,134,0
122,0,9.9
26,80,9.9
12,85,0
71,140,0
125,17,0
189,165,9.9
35,178,0
22,156,9.9
8,70,9.9
167,11,0
142,88,0
141,30,9.9
135,189,0
113,86,9.9
161,68,9.9
188,37,0
136,21,0
154,113,9.9
58,87,9.9
189,112,0
196,164,0
50,6,9.9
171,87,0
71,133,9.9
104,154,9.9
34,174,9.9
184,173,0
51,167,0
44,34,0
56,6,9.9
112,162,9.9
159,170,9.9
114,70,9.9
82,59,0
38,201,9.9
15,45,9.9
104,79,0
104,3,9.9
56,185,0
45,124,9.9
24,167,9.9
140,149,0
73,148,0
105,47,9.9
63,36,0
161,36,0
64,146,9.9
91,132,9.9
98,192,0
122,65,9.9
132,80,9.9
111,128,9.9
27,154,9.9
60,161,9.9
25,168,9.9
50,187,0
170,119,0
38,129,9.9
155,160,0
75,125,9.9
82,91,0
29,11,9.9
117,11,0
4,137,9.9
159,19,0
41,191,0
40,88,9.9
100,27,9.9
64,130,9.9
148,13,0
179,182,9.9
71,187,0
1,122,0
121,140,0
114,97,0
57,187,9.9
190,15,9.9
157,143,0
25,80,0
195,199,9.9
154,149,9.9
49,76,0
111,18,9.9
183,159,9.9
61,176,0
22,124,9.9
57,15,9.9
132,53,0
29,39,9.9
41,138,0
184,84,0
106,193,9.9
12,144,9.9
184,140,9.9
158,189,0
39,94,9.9
104,135,0
158,52,0
29,118,9.9
23,4,0
64,6,0
197,79,9.9
41,171,9.9
157,58,0
14,102,0
149,139,0
171,33,9.9
127,106,9.9
96,186,9.9
99,180,9.9
164,6,9.9
40,74,9.9
100,18,9.9
1,102,0
50,67,0
114,167,9.9
128,40,9.9
132,86,0
138,36,0
105,69,0
111,147,0
113,162,0
141,182,9.9
24,100,9.9
30,177,0
183,126,0
176,166,0
25,9,0
64,173,0
120,64,9.9
177,77,0
17,125,9.9
8,144,0
61,92,0
62,132,9.9
197,18,0
118,132,0
138,23,0
9,134,0
17,172,0
108,37,0
101,77,0
183,196,9.9
120,182,9.9
54,85,0
66,125,9.9
78,53,9.9
69,159,9.9
195,136,0
178,193,9.9
154,164,9.9
10,31,0
16,136,0
69,45,0
183,2,0
128,42,9.9
7,7,9.9
169,139,9.9
143,178,0
131,37,0
175,150,0
21,67,9.9
168,184,0
163,27,9.9
49,102,0
114,165,9.9
120,11,9.9
191,17,9.9
108,23,9.9
125,133,9.9
89,159,0
158,113,9.9
93,5,0
194,33,9.9
99,17,0
23,5,0
34,172,9.9
122,37,9.9
60,15,9.9
64,145,9.9
184,7,9.9
196,97,0
103,90,9.9
26,104,0
83,82,9.9
32,51,0
144,76,9.9
117,121,0
156,160,9.9
90,97,0
15,135,9.9
137,13,9.9
129,113,9.9
62,196,9.9
142,43,9.9
21,23,9.9
71,178,9.9
54,65,0
63,63,9.9
81,2,9.9
38,139,9.9
38,32,9.9
36,64,0
29,43,9.9
122,18,9.9
144,144,0
31,176,0
199,25,9.9
157,160,9.9
21,46,9.9
145,44,9.9
61,108,9.9
65,73,9.9
69,2,9.9
32,112,0
88,138,9.9
142,35,9.9
16,64,0
0,106,9.9
127,127,9.9
91,59,9.9
7,160,0
2,166,9.9
6,92,0
46,21,0
18,36,9.9
74,101,0
33,128,9.9
50,66,9.9
87,31,9.9
191,61,9.9
141,55,9.9
94,143,0
168,0,9.9
155,127,0
188,188,0
82,34,0
86,21,9.9
48,112,9.9
127,188,0
48,76,9.9
108,106,0
22,119,0
83,53,9.9
156,119,0
46,5,0
119,4,9.9
49,45,0
26,118,9.9
11,8,0
97,19,9.9
25,175,9.9
73,55,9.9
91,125,0
118,81,9.9
63,57,0
88,96,9.9
28,50,0
101,35,0
79,88,9.9
193,66,9.9
10,4,9.9
67,9,9.9
90,18,0
134,105,0
22,79,0
139,187,0
46,157,9.9
152,58,9.9
86,153,9.9
153,160,0
63,122,0
105,11,0
76,38,0
61,64,0
193,178,9.9
83,144,9.9
86,112,0
28,22,9.9
49,172,0
156,131,0
191,86,9.9
7,76,9.9
12,1,0
70,108,9.9
162,149,0
60,10,9.9
120,32,9.9
119,193,9.9
70,176,9.9
42,55,9.9
28,86,9.9
108,184,9.9
59,72,9.9
90,180,0
107,99,0
194,117,9.9
174,169,9.9
110,94,9.9
57,72,9.9
176,100,9.9
86,7,0
33,42,0
81,35,0
112,128,0
18,77,0
173,33,9.9
150,69,9.9
45,120,9.9
2,143,0
119,5,0
106,169,0
98,132,0
25,33,9.9
99,44,9.9
145,76,9.9
124,182,9.9
137,183,9.9
148,127,9.9
102,10,0
97,47,9.9
3,175,0
96,11,9.9
40,157,0
96,193,0
186,200,0
67,100,9.9
46,31,0
120,176,9.9
38,145,9.9
25,102,0
190,122,0
23,51,9.9
2,88,9.9
71,37,9.9
131,58,9.9
170,172,9.9
111,185,9.9
69,100,9.9
37,24,9.9
85,21,9.9
198,166,9.9
19,66,0
104,109,9.9
96,107,0
165,170,9.9
119,75,0
113,88,9.9
11,38,0
193,195,0
59,165,0
84,71,0
187,152,9.9
174,75,9.9
68,3,0
9,105,9.9
61,198,0
3,3,0
22,108,9.9
1,173,9.9
116,99,0
14,152,0
16,35,0
125,137,9.9
120,46,9.9
75,69,0
145,48,0
116,21,9.9
94,94,9.9
169,54,9.9
53,106,9.9
163,9,9.9
120,169,0
65,13,0
74,132,0
44,33,9.9
99,38,9.9
100,119,9.9
197,52,0
60,119,0
56,2,0
59,126,0
60,147,0
68,16,9.9
179,118,0
86,192,0
131,130,9.9
173,170,0
65,189,9.9
35,107,9.9
70,28,9.9
127,9,0
42,47,9.9
105,157,9.9
47,137,0
168,12,9.9
181,85,9.9
115,179,0
74,71,9.9
51,16,0
140,198,0
104,19,9.9
76,31,0
93,7,9.9
183,113,9.9
81,50,0
150,165,0
83,11,0
126,101,0
15,153,9.9
166,101,9.9
89,181,9.9
74,75,9.9
112,140,9.9
167,119,9.9
181,81,9.9
173,126,9.9
192,125,9.9
191,133,9.9
46,124,9.9
193,102,0
49,149,0
165,31,9.9
184,29,0
64,63,0
7,166,9.9
117,109,0
142,147,0
85,157,9.9
162,120,9.9
149,39,9.9
55,7,0
194,183,9.9
59,98,0
33,106,9.9
173,179,0
52,122,0
138,0,9.9
142,32,9.9
36,6,0
175,35,0
4,120,0
116,116,9.9
124,77,0
197,177,0
114,186,9.9
66,45,0
184,121,9.9
174,130,0
141,36,0
4,61,0
128,201,0
47,68,9.9
119,181,0
52,127,9.9
147,114,0
66,89,0
71,143,9.9
1,172,0
37,94,0
34,73,0
97,118,0
158,171,9.9
172,80,0
16,17,9.9
75,19,9.9
191,77,9.9
192,128,9.9
113,155,9.9
95,150,9.9
118,188,0
92,129,0
185,180,0
184,169,0
183,15,0
175,180,9.9
45,175,0
17,92,0
113,82,9.9
112,87,0
91,135,0
152,99,0
143,34,0
42,168,0
58,198,9.9
165,163,9.9
165,120,9.9
114,153,0
129,107,0
101,163,9.9
180,133,9.9
93,85,0
137,150,9.9
153,71,0
16,93,9.9
187,197,0
40,176,9.9
14,169,0
117,25,9.9
138,118,9.9
166,79,9.9
61,196,9.9
5,133,0
186,2,0
76,101,0
157,198,9.9
153,12,0
125,53,9.9
97,156,9.9
6,9,0
88,116,9.9
134,69,9.9
171,100,9.9
66,142,9.9
1,9,0
196,51,0
191,82,9.9
124,82,0
161,110,0
112,5,0
73,30,0
4,55,0
129,195,9.9
22,169,0
21,16,9.9
155,85,9.9
116,187,9.9
96,18,9.9
25,12,9.9
83,125,0
54,18,0
115,148,9.9
39,151,0
95,13,0
152,50,9.9
111,48,0
187,166,0
38,91,9.9
24,193,0
121,25,9.9
162,129,0
90,139,9.9
130,40,0
39,8,9.9
115,63,0
64,70,0
61,115,9.9
173,163,9.9
137,9,0
66,10,0
28,170,0
159,186,0
156,84,9.9
199,107,9.9
139,90,9.9
58,125,9.9
40,163,0
30,49,9.9
178,63,9.9
186,180,9.9
159,198,9.9
108,102,0
166,15,0
71,65,0
3,60,9.9
150,172,0
111,196,9.9
126,111,0
107,129,9.9
13,116,9.9
21,14,0
149,178,0
6,1,9.9
19,19,0
136,131,9.9
53,1,9.9
186,169,0
87,176,9.9
95,4,9.9
48,103,0
80,119,0
148,1,0
72,63,9.9
32,10,9.9
103,79,9.9
183,193,0
25,163,9.9
72,60,9.9
57,22,9.9
13,155,9.9
85,46,0
20,71,0
154,165,0
195,183,0
70,200,0
199,42,0
155,103,9.9
128,25,0
87,145,9.9
51,132,9.9
158,149,0
5,144,0
180,189,9.9
142,152,0
198,29,0
150,141,9.9
82,4,0
130,19,0
119,44,9.9
113,53,9.9
184,8,0
68,187,0
67,153,9.9
112,129,0
84,13,0
71,125,9.9
157,47,9.9
178,20,0
38,4,0
130,159,9.9
186,183,0
22,191,9.9
5,190,9.9
41,172,9.9
119,117,0
66,191,0
86,8,9.9
84,24,0
1,99,9.9
8,51,0
161,117,9.9
56,94,0
24,44,0
179,44,0
175,84,9.9
10,155,9.9
118,44,9.9
158,67,0
32,27,0
49,61,0
100,0,0
96,112,0
137,51,0
69,8,9.9
30,59,0
150,57,9.9
143,32,9.9
144,154,0
102,138,9.9
181,12,9.9
100,179,9.9
152,196,9.9
18,98,9.9
120,138,9.9
123,163,0
47,112,0
128,68,9.9
17,60,9.9
141,201,9.9
59,199,0
14,173,0
69,44,9.9
42,69,0
194,120,9.9
77,1,0
25,126,9.9
65,185,0
151,33,9.9
181,46,9.9
71,147,0
58,161,9.9
28,77,0
74,105,0
83,180,0
195,158,0
106,139,9.9
94,99,9.9
2,158,9.9
160,134,0
26,144,0
53,0,9.9
89,22,0
16,171,9.9
57,181,0
118,199,0
29,165,9.9
147,178,9.9
65,43,0
120,121,0
70,96,9.9
16,109,9.9
16,70,0
106,75,0
100,32,9.9
79,30,9.9
112,64,0
119,136,0
17,85,0
129,118,0
18,132,0
66,57,9.9
44,109,9.9
26,1,9.9
108,110,0
39,172,9.9
151,129,0
7,193,0
129,139,9.9
155,69,9.9
105,94,9.9
30,67,0
134,27,0
15,71,0
158,2,0
174,187,0
17,119,9.9
40,12,9.9
33,101,0
121,174,9.9
199,180,0
118,89,9.9
196,8,9.9
85,181,0
153,83,9.9
17,87,9.9
159,84,0
119,66,0
49,19,0
18,49,9.9
25,91,0
161,131,0
29,116,9.9
32,145,9.9
75,53,0
41,28,9.9
185,85,0
184,54,9.9
150,170,9.9
93,119,9.9
148,200,0
28,19,0
96,10,9.9
138,10,0
2,114,0
146,90,9.9
147,92,0
187,161,0
101,50,9.9
150,135,0
80,97,0
181,155,9.9
53,115,0
161,79,0
50,162,9.9
139,124,0
71,6,9.9
40,100,9.9
198,193,0
175,85,0
2,102,9.9
95,9,9.9
186,22,9.9
143,171,0
188,86,9.9
174,16,0
132,49,9.9
39,181,0
69,103,0
47,114,0
158,140,0
184,185,9.9
121,173,0
191,48,0
138,103,9.9
178,180,0
187,194,0
58,81,0
5,136,0
161,171,0
143,51,0
46,165,0
155,77,0
131,165,9.9
25,85,9.9
198,8,0
69,96,9.9
32,169,0
160,154,9.9
1,94,0
34,69,9.9
110,70,9.9
53,76,0
197,186,0
108,104,9.9
150,189,9.9
63,22,9.9
109,57,9.9
49,34,9.9
26,169,0
121,56,9.9
148,79,0
22,184,9.9
42,23,9.9
117,65,0
107,92,0
31,121,9.9
181,25,0
97,201,0
94,125,0
169,56,9.9
167,182,0
81,92,0
10,8,9.9
88,108,0
14,79,9.9
129,64,0
64,128,9.9
99,109,0
181,126,0
20,99,9.9
43,88,9.9
157,42,9.9
39,92,0
15,82,9.9
74,54,0
181,107,9.9
7,151,0
173,58,9.9
4,150,9.9
103,74,9.9
169,175,9.9
117,131,0
21,59,0
175,188,9.9
114,6,0
52,111,9.9
68,163,0
177,181,0
157,20,9.9
59,148,0
183,110,9.9
160,200,9.9
159,90,0
69,121,9.9
127,10,9.9
26,191,0
106,18,0
12,103,0
100,150,9.9
10,23,0
94,32,0
97,189,9.9
22,80,0
116,195,0
186,123,0
30,127,9.9
185,158,9.9
135,135,9.9
154,160,0
187,22,0
88,54,9.9
156,151,0
176,13,0
40,104,0
22,58,0
21,57,9.9
27,40,0
25,181,9.9
49,31,0
192,118,9.9
67,13,9.9
111,0,0
142,18,9.9
56,74,9.9
199,0,9.9
47,129,9.9
7,158,9.9
78,1,0
13,192,0
84,183,0
35,10,0
49,71,0
103,150,9.9
4,3,9.9
20,111,0
7,180,0
54,41,0
95,81,9.9
158,131,9.9
195,84,0
8,75,0
69,25,9.9
170,31,9.9
139,17,9.9
90,201,0
42,73,0
91,94,9.9
111,195,9.9
64,121,9.9
75,43,0
70,186,9.9
4,4,9.9
45,163,0
158,74,0
199,46,0
10,124,9.9
0,191,9.9
191,182,9.9
146,132,0
112,91,0
138,31,0
161,92,0
133,131,9.9
82,169,0
8,182,0
181,175,0
169,14,0
78,84,0
73,126,9.9
68,48,0
6,76,0
147,135,0
2,186,9.9
190,109,9.9
38,199,0
150,107,0
87,111,0
41,83,9.9
36,157,9.9
189,119,0
171,6,0
194,164,9.9
90,134,0
79,130,9.9
63,10,0
77,71,0
15,20,9.9
53,85,9.9
198,148,0
45,44,9.9
23,11,0
95,62,0
7,95,9.9
69,196,0
96,79,0
186,193,9.9
123,39,0
54,129,9.9
125,88,0
111,101,9.9
174,104,0
173,99,0
194,15,0
86,116,9.9
74,122,0
54,103,0
134,110,0
71,15,9.9
164,194,9.9
95,107,0
8,13,9.9
119,97,0
173,19,9.9
175,63,0
95,60,0
158,130,9.9
99,133,9.9
160,12,9.9
159,95,0
163,185,9.9
176,162,9.9
88,178,9.9
172,127,0
45,38,9.9
39,149,0
181,115,0
34,199,9.9
81,187,9.9
169,69,9.9
170,84,9.9
131,43,0
115,112,9.9
138,41,9.9
22,95,0
4,48,9.9
96,58,0
151,166,9.9
186,112,9.9
180,17,9.9
87,128,9.9
27,186,9.9
20,34,9.9
57,5,9.9
71,180,9.9
77,147,9.9
27,59,9.9
46,12,0
83,84,0
104,111,9.9
8,76,9.9
26,140,9.9
137,167,0
88,22,0
186,161,9.9
96,13,9.9
0,67,0
167,46,0
8,170,0
179,103,0
132,35,9.9
62,109,0
98,189,0
137,85,9.9
96,15,9.9
199,197,0
18,68,9.9
119,198,9.9
108,171,0
82,177,0
142,19,0
164,8,9.9
168,85,9.9
120,116,0
95,183,9.9
116,27,9.9
40,154,9.9
77,59,0
144,50,9.9
82,120,0
3,26,9.9
114,26,0
77,188,9.9
167,145,0
80,39,0
23,94,9.9
131,195,9.9
33,177,9.9
166,10,9.9
66,150,0
172,117,9.9
90,55,9.9
62,198,0
29,121,0
134,9,0
167,165,9.9
26,108,0
40,116,9.9
142,82,9.9
1,39,9.9
82,192,9.9
190,137,0
13,170,0
115,124,9.9
149,123,0
155,29,0
146,135,9.9
163,183,0
28,10,9.9
85,112,0
29,111,0
61,138,9.9
58,95,0
83,47,9.9
22,3,9.9
185,119,9.9
9,197,9.9
18,75,9.9
46,127,0
63,5,9.9
55,2,0
0,176,0
3,173,0
178,185,9.9
19,150,9.9
180,97,9.9
62,136,0
45,22,9.9
74,32,0
107,51,9.9
135,6,0
99,105,9.9
64,15,0
57,73,0
7,5,9.9
22,193,0
126,188,9.9
13,197,0
84,157,0
129,128,0
163,90,0
179,125,9.9
108,142,0
155,89,9.9
112,66,0
78,10,0
154,29,9.9
106,58,9.9
180,46,0
161,195,0
161,44,0
45,171,9.9
86,86,9.9
22,165,9.9
180,5,9.9
189,120,0
83,0,9.9
133,38,0
65,25,9.9
185,127,0
2,200,9.9
119,108,9.9
11,99,9.9
5,152,9.9
127,174,0
159,128,0
33,119,9.9
138,25,9.9
139,182,0
52,147,0
164,60,9.9
86,155,0
149,191,9.9
115,29,0
170,66,9.9
152,95,0
176,106,9.9
87,143,9.9
121,144,0
181,156,0
40,52,9.9
142,161,0
151,58,0
125,114,0
6,164,9.9
193,170,0
40,7,0
165,29,9.9
106,71,9.9
100,111,9.9
58,24,9.9
139,106,0
187,112,0
5,5,0
114,17,9.9
71,139,9.9
159,181,9.9
114,110,9.9
17,65,0
24,173,9.9
152,48,9.9
131,35,9.9
138,146,9.9
140,188,9.9
63,199,9.9
108,3,9.9
150,193,0
21,37,0
21,6,0
189,151,9.9
174,58,0
131,150,9.9
131,8,9.9
134,35,0
36,20,9.9
34,129,0
178,90,0
155,37,0
78,100,9.9
55,37,0
101,196,9.9
186,7,0
118,130,9.9
168,59,0
123,42,0
47,172,9.9
33,196,9.9
134,60,9.9
122,63,0
174,22,9.9
117,186,0
77,112,9.9
154,48,9.9
150,160,9.9
10,9,9.9
21,194,9.9
51,191,9.9
156,108,9.9
88,195,9.9
24,92,0
103,24,9.9
127,88,0
132,89,0
131,167,9.9
52,1,9.9
130,95,9.9
10,92,9.9
184,44,0
142,113,9.9
181,132,9.9
68,190,0
158,25,0
126,44,0
128,190,9.9
108,107,0
168,180,0
167,149,9.9
120,128,0
143,176,0
29,113,0
155,95,0
113,161,0
49,77,0
108,11,9.9
69,26,0
95,159,9.9
97,70,9.9
165,46,0
160,185,0
3,106,9.9
190,2,9.9
167,73,0
40,65,0
176,186,9.9
68,81,0
84,90,0
116,196,9.9
30,66,0
175,138,9.9
173,167,9.9
11,34,0
61,194,0
121,119,9.9
175,139,0
172,129,9.9
137,189,9.9
161,142,0
54,75,9.9
81,117,9.9
100,136,9.9
177,162,9.9
127,87,0
52,71,0
133,99,0
13,78,0
57,58,0
76,180,0
79,70,0
117,102,0
118,64,0
107,33,9.9
49,194,0
1,24,9.9
190,67,9.9
142,13,0
55,192,9.9
133,150,0
45,194,0
34,124,9.9
31,83,0
96,102,0
119,102,9.9
191,96,9.9
188,171,0
151,0,0
89,61,9.9
21,64,0
177,118,9.9
50,108,0
158,183,0
88,198,0
172,23,9.9
49,78,0
194,84,9.9
144,3,9.9
102,93,0
7,36,9.9
199,24,0
89,77,0
28,115,0
24,14,0
21,1,0
114,65,0
187,15,9.9
48,81,9.9
160,52,0
120,56,0
112,72,0
156,130,9.9
140,65,0
2,172,9.9
61,162,0
121,128,9.9
96,167,0
73,180,9.9
136,81,0
163,103,9.9
7,131,9.9
77,50,9.9
8,48,0
95,125,0
60,89,9.9
83,193,0
99,76,9.9
52,52,0
20,168,0
89,186,0
82,145,9.9
38,84,0
159,0,0
171,12,9.9
6,83,9.9
92,25,0
184,47,9.9
61,136,0
135,7,0
150,161,0
112,146,0
178,100,9.9
56,49,0
109,67,0
14,15,9.9
39,194,0
22,92,9.9
177,187,0
182,90,0
77,127,0
156,154,9.9
134,63,9.9
178,154,9.9
118,40,0
6,35,0
164,64,0
93,109,9.9
180,92,9.9
25,11,9.9
25,106,9.9
119,196,9.9
21,83,9.9
127,155,0
133,192,0
179,159,9.9
97,182,9.9
110,95,9.9
146,17,0
10,73,9.9
109,103,9.9
64,71,0
186,170,9.9
170,32,0
178,127,0
0,42,0
141,125,0
88,132,0
8,171,9.9
149,24,0
170,97,0
153,64,0
148,83,0
155,194,9.9
55,133,9.9
168,161,9.9
169,170,0
198,92,0
145,200,9.9
98,68,0
136,34,0
192,98,0
147,136,9.9
19,6,0
154,34,9.9
110,43,0
31,11,9.9
20,169,9.9
45,104,0
5,171,0
28,100,0
57,28,9.9
178,200,9.9
102,82,9.9
171,81,0
89,119,9.9
75,105,0
61,131,9.9
190,175,9.9
193,96,0
107,31,0
84,138,9.9
19,69,0
136,173,9.9
94,36,0
101,7,0
198,53,0
140,139,0
128,174,9.9
34,88,9.9
198,6,9.9
51,97,9.9
148,152,9.9
78,9,0
42,41,0
29,156,0
51,62,9.9
192,179,0
147,156,0
59,131,0
0,87,9.9
156,10,9.9
51,24,9.9
81,152,0
115,191,0
92,123,0
60,116,9.9
82,132,9.9
1,140,0
159,197,0
156,96,9.9
101,69,0
72,100,0
24,108,0
80,18,9.9
85,197,0
42,50,0
22,18,0
20,131,0
159,31,9.9
150,19,0
90,2,0
102,2,9.9
184,69,9.9
137,190,9.9
161,128,9.9
98,130,0
147,161,0
194,146,0
99,181,9.9
191,20,9.9
159,129,0
70,76,0
11,21,9.9
36,103,0
47,73,9.9
179,87,0
150,33,0
124,104,9.9
68,57,0
199,50,0
111,178,9.9
6,124,0
76,54,9.9
94,23,9.9
8,141,9.9
69,149,0
186,14,0
16,69,9.9
2,44,0
70,103,0
185,68,9.9
80,52,0
147,174,9.9
88,100,0
134,84,0
198,62,0
126,18,9.9
2,1,0
75,27,0
74,39,9.9
118,136,9.9
164,148,0
189,46,0
56,1,0
172,21,9.9
81,148,0
175,112,0
116,194,9.9
161,164,9.9
173,43,0
185,121,0
100,130,9.9
9,9,9.9
54,115,0
50,136,9.9
194,122,9.9
177,90,0
8,130,0
45,159,9.9
48,70,9.9
104,114,0
195,59,0
11,137,0
38,90,9.9
138,77,0
184,37,0
113,177,0
154,9,9.9
32,190,9.9
22,105,9.9
184,182,0
174,26,0
74,201,9.9
119,190,0
55,10,0
53,174,9.9
83,172,9.9
109,59,0
166,0,0
192,17,9.9
30,13,9.9
137,102,0
86,189,0
29,199,0
99,147,0
157,69,0
167,122,9.9
139,195,0
152,112,0
184,96,0
53,189,0
166,111,9.9
126,135,0
106,3,9.9
149,75,9.9
104,81,0
155,49,9.9
36,54,0
93,130,9.9
8,175,0
12,188,0
49,199,9.9
5,73,0
27,181,0
130,117,9.9
141,143,0
16,112,0
75,99,9.9
10,106,9.9
148,111,0
85,5,9.9
187,120,9.9
46,47,9.9
74,192,0
134,86,9.9
57,199,9.9
136,10,0
193,181,0
76,164,9.9
80,132,9.9
143,140,9.9
60,135,9.9
182,26,9.9
141,153,0
71,11,9.9
113,138,0
151,92,9.9
178,157,9.9
26,194,9.9
28,8,0
23,130,9.9
158,116,9.9
135,136,9.9
117,49,0
55,67,0
132,190,9.9
196,1,9.9
107,161,0
175,190,9.9
185,103,9.9
8,31,0
14,180,0
71,48,0
61,191,9.9
168,45,9.9
132,28,0
90,153,9.9
183,186,0
79,56,9.9
39,101,0
146,107,0
18,3,0
121,34,0
8,120,0
188,143,9.9
0,107,0
19,162,0
123,83,0
121,145,9.9
179,186,0
184,129,9.9
39,58,0
149,59,0
123,112,9.9
198,164,0
127,103,9.9
27,44,0
68,191,9.9
103,142,0
184,92,9.9
21,147,0
95,10,0
134,123,9.9
50,52,9.9
129,127,0
182,130,0
143,85,0
130,174,9.9
87,115,0
146,123,0
142,117,0
198,131,9.9
63,87,0
58,170,9.9
74,8,9.9
144,77,9.9
138,119,9.9
44,167,0
141,100,0
167,4,9.9
86,121,9.9
80,173,9.9
99,160,9.9
193,171,9.9
151,90,9.9
120,99,9.9
39,188,9.9
146,82,0
59,108,9.9
156,15,9.9
62,175,9.9
94,153,0
49,37,0
132,174,9.9
102,23,0
8,60,0
100,47,9.9
51,171,0
43,13,0
34,109,9.9
186,93,0
147,119,9.9
76,143,9.9
96,71,9.9
127,154,0
143,15,0
10,108,0
133,27,0
121,24,9.9
28,43,9.9
179,147,9.9
131,53,0
145,179,9.9
48,6,0
120,189,9.9
182,141,9.9
132,29,0
173,178,9.9
78,135,9.9
122,84,0
59,49,9.9
168,35,0
173,107,9.9
66,55,9.9
113,85,9.9
94,148,0
153,15,0
29,75,9.9
46,191,9.9
71,185,9.9
93,57,9.9
66,36,0
54,158,0
183,175,9.9
54,116,9.9
27,64,9.9
145,19,0
56,78,0
108,192,0
70,146,0
101,144,9.9
11,0,9.9
115,141,0
5,112,0
162,41,0
101,93,0
187,95,0
133,45,0
146,161,9.9
80,138,9.9
46,182,9.9
93,69,9.9
106,49,9.9
188,108,0
199,82,9.9
44,23,0
123,117,9.9
10,41,9.9
143,75,0
109,102,9.9
172,157,0
23,168,0
62,37,0
103,39,0
84,86,9.9
21,185,0
115,158,9.9
185,201,0
134,191,0
107,178,0
15,28,9.9
137,101,0
41,70,9.9
160,40,0
199,87,0
119,182,0
156,103,0
183,65,9.9
126,178,0
197,64,0
17,43,9.9
36,144,0
99,67,0
194,199,0
22,131,9.9
109,20,0
166,165,0
92,188,9.9
12,82,9.9
131,12,9.9
101,117,0
159,189,0
55,125,9.9
114,154,9.9
138,71,9.9
114,39,9.9
188,193,9.9
97,194,0
6,75,0
26,184,0
10,154,9.9
18,96,9.9
24,22,0
111,114,0
184,22,0
122,45,0
177,25,0
124,13,9.9
126,50,9.9
146,97,9.9
56,188,9.9
3,168,0
177,188,9.9
160,62,9.9
106,20,9.9
67,134,0
107,142,9.9
92,17,9.9
172,140,9.9
197,10,9.9
109,167,9.9
165,26,0
49,131,9.9
102,36,9.9
104,157,9.9
145,35,0
86,85,0
197,148,9.9
29,115,9.9
138,125,0
63,166,0
163,85,0
93,188,0
44,73,9.9
20,119,0
116,31,9.9
192,177,0
146,6,9.9
184,90,9.9
93,38,9.9
66,14,0
79,133,9.9
161,149,9.9
91,23,0
66,37,0
76,13,9.9
151,8,9.9
80,66,9.9
12,23,0
56,81,9.9
34,65,0
139,77,0
125,180,9.9
132,54,9.9
42,31,9.9
111,155,9.9
100,48,0
102,133,0
6,25,0
118,195,0
72,88,9.9
188,76,0
141,114,9.9
155,165,9.9
41,6,0
41,32,9.9
181,88,0
161,76,0
82,159,0
82,162,0
94,100,9.9
171,67,0
100,56,9.9
85,61,9.9
1,10,9.9
161,50,0
35,44,9.9
83,110,0
174,116,9.9
96,81,0
198,48,0
160,57,0
85,90,9.9
119,92,9.9
17,163,0
21,73,0
51,39,0
99,199,9.9
144,83,9.9
95,187,9.9
162,111,9.9
76,201,9.9
12,80,9.9
157,65,9.9
146,8,9.9
159,144,9.9
4,9,0
72,194,0
116,73,9.9
10,104,9.9
35,167,9.9
165,104,0
176,110,0
70,77,9.9
51,34,9.9
156,129,9.9
44,77,0
99,55,0
21,70,9.9
29,196,9.9
34,3,0
112,34,0
19,159,0
124,65,9.9
188,55,9.9
100,124,0
178,169,0
182,159,0
73,135,9.9
132,58,0
139,128,0
172,96,9.9
27,71,9.9
27,138,0
159,34,0
65,178,0
15,81,0
73,26,0
29,14,9.9
174,5,9.9
97,175,0
129,98,0
146,142,9.9
163,45,9.9
97,79,0
180,155,9.9
196,149,9.9
5,173,0
143,134,0
140,15,9.9
79,157,0
183,68,0
26,45,9.9
137,68,0
186,87,9.9
119,189,0
128,22,0
178,132,0
107,54,0
178,118,0
100,67,9.9
20,38,9.9
136,135,9.9
43,40,0
26,119,0
136,105,9.9
191,59,0
91,9,0
53,138,9.9
1,100,0
67,136,9.9
57,66,9.9
39,190,0
184,42,9.9
52,189,9.9
191,184,9.9
15,189,9.9
196,35,9.9
53,58,0
58,184,9.9
136,190,9.9
137,30,9.9
194,160,9.9
79,52,0
36,17,9.9
46,185,9.9
119,48,0
66,65,9.9
109,198,0
83,50,9.9
7,115,0
40,61,9.9
86,187,9.9
151,135,0
56,157,9.9
32,16,9.9
122,33,0
170,43,0
23,101,0
172,188,0
78,121,9.9
58,11,0
158,136,0
193,89,9.9
173,96,9.9
122,143,9.9
162,32,9.9
196,132,9.9
154,75,0
156,54,0
42,76,9.9
157,79,9.9
172,121,9.9
90,148,0
150,45,0
168,110,0
44,63,0
46,4,9.9
27,100,0
151,13,0
18,22,9.9
192,180,0
108,71,9.9
177,103,0
132,81,0
129,108,9.9
34,145,0
160,164,9.9
170,94,0
128,30,0
162,126,0
183,16,0
73,75,0
85,95,9.9
89,38,0
63,154,9.9
142,104,0
46,190,9.9
195,89,9.9
2,19,0
38,130,9.9
16,128,9.9
164,78,0
161,65,9.9
194,154,0
86,27,9.9
184,128,0
147,150,0
36,164,9.9
28,25,9.9
49,43,0
72,79,9.9
56,161,9.9
88,23,9.9
181,52,0
89,89,9.9
149,36,0
166,96,9.9
87,184,9.9
107,177,0
136,145,0
29,167,9.9
51,165,9.9
148,178,0
129,95,9.9
25,8,9.9
72,121,9.9
84,22,0
51,60,0
176,152,9.9
184,40,9.9
137,194,0
163,21,0
21,97,0
51,149,0
119,176,0
199,120,0
127,168,0
177,64,0
148,182,0
51,13,0
24,199,9.9
76,146,0
130,170,9.9
6,88,9.9
145,102,9.9
198,43,9.9
174,47,0
196,3,0
99,193,9.9
123,79,0
84,197,9.9
160,153,9.9
161,85,0
43,91,9.9
73,103,0
14,39,0
51,52,9.9
190,53,0
69,0,0
14,52,9.9
84,36,0
45,196,9.9
89,39,0
62,180,0
4,7,0
75,57,0
183,105,0
73,142,9.9
116,193,9.9
124,155,0
21,163,0
146,147,9.9
28,145,9.9
177,65,0
49,26,9.9
129,11,0
11,188,0
120,84,9.9
111,12,9.9
193,51,0
168,40,0
164,67,9.9
38,101,9.9
139,95,0
47,146,9.9
163,181,0
20,198,0
89,18,0
69,19,0
131,1,9.9
132,42,9.9
186,64,9.9
41,31,0
126,63,9.9
19,174,9.9
161,32,0
44,0,9.9
141,111,9.9
46,54,0
88,125,0
118,164,0
58,169,0
197,33,9.9
112,85,0
9,180,0
14,201,0
47,165,9.9
138,3,0
128,8,0
75,102,9.9
108,131,9.9
190,28,9.9
135,21,9.9
31,57,9.9
84,171,9.9
196,127,9.9
36,134,0
132,5,9.9
139,153,0
117,112,9.9
69,187,9.9
20,189,0
168,146,9.9
158,72,9.9
116,64,9.9
96,153,9.9
54,196,9.9
99,91,9.9
103,157,0
136,167,9.9
109,50,9.9
54,34,0
130,92,0
28,81,9.9
42,111,9.9
61,44,0
46,79,9.9
181,186,9.9
174,200,9.9
89,58,0
68,109,0
58,201,9.9
140,168,9.9
101,112,0
80,84,0
171,61,0
192,163,9.9
77,176,0
176,143,9.9
61,77,0
113,151,0
41,43,0
21,74,9.9
50,91,9.9
49,60,0
150,168,0
59,42,0
82,154,0
180,179,9.9
106,170,0
0,44,9.9
26,196,9.9
66,58,9.9
89,191,0
77,46,9.9
40,44,0
171,124,9.9
197,116,9.9
182,174,9.9
103,113,9.9
60,127,9.9
96,54,9.9
118,169,0
24,115,0
125,100,9.9
15,48,9.9
65,105,0
53,62,9.9
40,183,9.9
75,95,0
40,177,0
109,94,0
1,182,0
178,139,9.9
142,31,0
148,106,9.9
4,158,9.9
20,36,9.9
104,9,9.9
73,97,9.9
193,164,9.9
137,191,0
104,159,9.9
31,194,9.9
127,31,0
91,45,9.9
71,110,0
182,148,9.9
106,196,9.9
178,174,0
185,52,9.9
67,59,0
90,107,9.9
62,26,9.9
174,198,0
89,117,0
38,169,9.9
150,188,9.9
190,180,9.9
176,176,0
44,96,9.9
161,54,9.9
121,185,9.9
187,163,9.9
149,27,9.9
61,78,9.9
42,122,0
191,7,9.9
73,92,9.9
142,101,9.9
156,178,0
62,183,9.9
121,95,9.9
4,184,0
123,157,0
34,44,0
178,158,0
148,59,0
146,80,9.9
57,60,9.9
54,88,9.9
38,6,9.9
99,112,9.9
100,173,9.9
146,172,0
56,89,0
193,80,0
168,47,9.9
167,150,0
196,50,9.9
57,94,0
4,107,0
52,128,0
59,143,9.9
125,6,0
195,116,0
19,51,9.9
143,16,0
80,36,0
123,146,0
75,46,9.9
199,73,0
128,198,9.9
107,68,0
13,162,0
174,78,0
7,12,0
70,136,0
133,141,9.9
122,194,9.9
181,140,0
38,94,0
189,61,0
60,19,0
79,31,9.9
85,89,9.9
167,130,9.9
5,142,9.9
188,32,9.9
68,127,0
68,75,9.9
130,30,9.9
39,159,9.9
130,155,0
21,10,9.9
154,140,9.9
150,173,0
120,96,0
97,52,0
77,101,9.9
87,56,0
142,99,0
25,4,0
64,107,0
36,136,9.9
180,167,0
48,5,0
156,21,0
100,112,9.9
37,169,0
20,108,0
35,93,9.9
58,103,9.9
199,78,0
109,53,9.9
58,15,0
70,3,9.9
77,159,9.9
91,37,9.9
69,134,9.9
5,72,9.9
8,45,0
101,105,0
177,100,0
103,169,0
175,187,9.9
199,21,0
92,154,9.9
12,66,0
166,29,0
170,156,0
117,55,9.9
87,159,9.9
195,113,9.9
126,180,9.9
159,156,9.9
120,190,0
52,106,9.9
176,164,9.9
91,68,9.9
102,81,9.9
72,126,0
70,83,9.9
54,68,9.9
172,90,9.9
78,185,0
158,87,0
174,49,9.9
134,145,0
130,107,0
96,175,9.9
143,26,9.9
173,63,9.9
84,114,0
93,176,9.9
2,11,0
130,172,0
139,15,9.9
158,85,9.9
53,132,9.9
44,168,9.9
163,141,0
121,87,9.9
122,140,9.9
28,64,0
58,167,9.9
126,43,9.9
170,95,0
63,178,0
22,54,0
44,161,0
79,135,9.9
25,16,0
92,83,9.9
175,0,0
37,131,9.9
72,21,9.9
48,177,0
161,184,9.9
46,137,9.9
84,145,0
162,101,0
122,19,9.9
163,146,0
106,118,9.9
4,179,0
99,88,0
54,20,0
26,32,9.9
81,101,0
80,98,9.9
197,94,0
121,122,0
10,3,9.9
38,53,0
151,170,0
60,68,0
172,190,0
115,164,0
87,85,9.9
171,18,9.9
199,47,9.9
179,16,9.9
102,195,0
36,200,9.9
118,162,0
134,146,0
18,97,9.9
139,185,9.9
134,18,9.9
26,61,9.9
192,135,0
108,147,9.9
57,74,0
9,30,9.9
166,57,0
146,67,9.9
152,70,9.9
8,124,9.9
138,44,0
98,94,9.9
64,41,0
102,167,9.9
158,157,0
28,179,9.9
33,116,0
50,112,0
85,148,0
15,156,9.9
132,78,0
152,126,9.9
141,188,0
162,145,9.9
185,20,0
97,56,9.9
67,164,9.9
161,98,0
144,71,0
162,44,9.9
24,39,0
1,152,9.9
171,193,9.9
156,51,0
38,26,0
19,44,0
16,170,9.9
80,47,0
58,71,0
29,171,9.9
144,67,9.9
76,70,9.9
121,137,0
157,151,0
46,179,9.9
62,81,0
104,145,0
132,196,0
6,156,0
181,112,0
53,169,0
16,12,9.9
157,36,0
128,63,0
102,62,0
186,17,0
1,81,0
16,98,0
165,127,0
93,105,0
92,172,9.9
193,166,9.9
83,73,9.9
19,120,0
98,25,9.9
11,87,9.9
73,80,9.9
7,24,9.9
118,53,0
132,8,9.9
51,131,9.9
184,64,9.9
146,27,9.9
82,27,0
79,79,9.9
167,99,9.9
172,176,0
172,54,9.9
70,9,9.9
18,58,0
104,116,0
88,118,9.9
115,108,9.9
157,155,0
172,100,9.9
149,180,0
130,84,9.9
26,124,9.9
95,85,9.9
191,110,0
59,178,9.9
78,132,0
120,142,0
169,141,9.9
77,96,0
154,150,0
160,39,9.9
133,167,0
152,188,0
155,75,0
88,190,9.9
150,182,9.9
111,187,0
194,48,0
10,83,0
119,87,0
171,196,9.9
79,66,9.9
10,62,9.9
173,79,9.9
16,15,0
111,180,0
63,118,0
119,78,0
51,193,9.9
53,173,0
130,10,0
105,129,9.9
187,184,9.9
121,189,9.9
165,8,0
57,39,0
32,79,9.9
153,40,0
28,129,9.9
116,186,0
21,151,0
165,115,9.9
9,46,9.9
8,140,9.9
49,87,0
199,165,9.9
42,102,9.9
156,32,0
46,120,0
4,39,9.9
124,149,0
104,52,0
96,49,9.9
96,156,9.9
26,192,9.9
148,5,0
148,11,9.9
199,162,9.9
59,174,9.9
142,145,0
17,112,9.9
48,187,9.9
109,120,0
134,36,0
130,26,0
180,173,9.9
191,63,0
192,130,0
97,40,9.9
143,110,9.9
116,17,9.9
25,92,0
54,86,0
26,100,0
69,168,0
78,7,0
5,111,0
20,144,0
102,89,0
167,109,0
182,76,0
36,27,9.9
158,58,0
117,62,9.9
135,198,9.9
158,137,0
110,36,9.9
89,154,9.9
110,104,0
108,80,9.9
152,39,9.9
143,142,9.9
42,79,9.9
64,153,0
123,86,0
53,18,9.9
6,102,0
125,163,9.9
100,102,0
147,11,9.9
96,64,0
192,191,9.9
71,101,0
18,46,9.9
67,125,0
54,97,0
163,60,9.9
41,39,0
116,24,0
197,61,9.9
21,56,9.9
142,190,9.9
58,173,0
1,71,0
198,135,9.9
97,61,9.9
33,131,9.9
130,102,0
168,41,9.9
158,38,0
141,103,9.9
25,195,0
143,151,9.9
49,5,0
33,190,0
22,11,0
70,6,9.9
111,17,9.9
9,133,9.9
136,154,9.9
94,114,0
144,163,0
147,73,9.9
168,111,9.9
155,97,9.9
100,84,0
112,166,0
152,28,9.9
109,137,0
83,21,9.9
188,18,0
40,118,9.9
152,79,0
131,30,0
6,95,9.9
62,104,0
104,172,9.9
8,101,9.9
198,18,0
124,5,9.9
76,139,9.9
187,121,0
194,50,0
19,38,0
170,22,0
186,159,0
164,31,0
84,81,0
150,97,9.9
185,174,9.9
6,193,9.9
55,30,9.9
21,75,0
32,175,9.9
15,103,0
146,200,9.9
176,51,0
63,137,9.9
193,61,0
98,116,9.9
181,83,0
103,72,9.9
126,62,0
185,9,9.9
48,43,0
186,55,0
53,197,9.9
153,73,0
132,201,0
159,173,9.9
180,157,9.9
42,33,0
159,7,0
142,112,9.9
79,128,0
95,196,0
56,166,9.9
113,77,0
164,9,0
77,76,0
34,150,0
54,50,9.9
115,48,0
37,125,0
96,158,9.9
189,139,9.9
118,180,9.9
150,85,0
60,22,9.9
149,94,0
129,140,0
134,197,0
187,93,9.9
184,180,0
66,133,9.9
190,171,9.9
47,63,0
189,121,9.9
197,156,0
29,23,9.9
147,1,0
137,15,9.9
135,81,9.9
5,186,0
108,73,9.9
145,84,0
77,32,0
83,114,9.9
123,145,9.9
197,163,9.9
28,159,0
113,169,9.9
8,189,0
6,125,9.9
61,135,0
98,58,0
19,99,0
124,119,0
10,16,9.9
180,75,0
195,68,9.9
55,161,9.9
4,128,9.9
49,66,9.9
198,146,0
165,75,9.9
19,153,9.9
175,28,0
133,176,0
164,59,9.9
156,193,9.9
145,130,0
147,96,9.9
121,196,0
133,159,9.9
177,16,0
124,34,9.9
128,72,9.9
168,67,0
114,8,9.9
198,119,0
38,141,0
161,127,0
161,157,0
94,131,0
133,39,9.9
89,98,9.9
109,17,9.9
187,104,0
60,79,0
197,58,9.9
4,154,9.9
97,26,9.9
18,25,9.9
161,120,0
115,83,9.9
159,37,9.9
194,4,9.9
194,153,9.9
179,188,9.9
149,162,0
159,22,9.9
97,128,9.9
115,153,0
86,181,0
151,117,0
170,129,0
92,108,0
94,9,0
149,198,0
18,186,9.9
152,123,0
66,41,9.9
102,155,9.9
48,26,0
78,18,9.9
131,152,9.9
46,85,9.9
155,167,0
197,11,9.9
162,193,0
90,42,0
46,94,9.9
75,97,0
34,96,0
75,146,0
108,94,0
41,128,9.9
134,165,9.9
144,196,9.9
109,55,0
71,170,0
32,68,9.9
124,133,9.9
9,3,0
67,190,0
111,102,0
96,179,0
190,36,9.9
129,114,9.9
185,190,0
101,15,9.9
113,55,0
64,126,9.9
94,35,9.9
34,164,0
51,40,9.9
63,168,9.9
80,152,9.9
182,35,0
193,17,9.9
95,179,0
146,184,0
149,132,0
173,75,0
194,78,9.9
48,11,0
32,30,9.9
58,144,0
120,194,0
185,30,0
95,188,0
84,173,9.9
148,194,9.9
195,122,9.9
73,32,0
87,135,9.9
59,170,9.9
122,14,0
38,110,0
150,56,9.9
175,39,9.9
181,176,0
9,174,0
50,166,9.9
96,177,0
78,16,9.9
134,102,0
89,157,9.9
141,178,0
137,108,0
145,176,9.9
128,137,9.9
23,109,0
52,95,0
81,60,0
156,61,9.9
102,131,0
46,19,9.9
166,166,9.9
195,112,0
92,50,0
194,178,0
6,189,9.9
168,109,9.9
115,178,9.9
14,37,0
192,14,9.9
26,48,0
125,51,9.9
83,194,0
111,41,0
154,103,9.9
161,137,0
65,50,9.9
176,138,9.9
169,172,9.9
46,136,9.9
9,79,9.9
43,112,0
179,76,9.9
139,200,0
52,92,0
73,146,9.9
83,179,0
177,189,9.9
23,92,0
2,173,9.9
69,135,0
41,81,0
85,50,9.9
17,165,9.9
190,160,9.9
41,194,9.9
128,33,0
124,173,0
123,94,0
160,44,9.9
198,51,9.9
14,178,9.9
32,95,0
183,9,9.9
115,131,9.9
177,119,9.9
119,122,0
176,168,0
157,50,9.9
186,95,9.9
132,148,9.9
81,28,9.9
114,72,9.9
88,65,9.9
94,22,9.9
8,169,9.9
17,155,0
6,43,9.9
196,78,9.9
132,93,9.9
126,167,0
112,46,9.9
30,0,0
59,129,9.9
16,32,9.9
133,137,0
23,37,0
14,179,0
4,163,0
111,107,0
175,15,0
145,90,9.9
0,157,9.9
48,37,0
62,110,0
127,110,0
117,38,9.9
82,21,0
150,119,0
15,185,0
53,127,0
41,55,0
93,169,9.9
156,6,0
24,179,9.9
99,24,9.9
138,107,9.9
42,101,9.9
11,164,0
122,120,9.9
97,59,9.9
151,86,9.9
5,168,9.9
143,195,0
178,34,0
52,99,9.9
3,73,9.9
176,193,0
174,111,0
54,4,9.9
192,154,9.9
107,19,0
168,76,0
117,187,9.9
25,52,9.9
128,172,9.9
125,170,0
75,18,0
62,38,9.9
159,75,9.9
102,28,0
32,46,0
188,134,9.9
35,16,0
70,21,0
81,27,0
184,196,9.9
119,11,0
175,40,9.9
77,133,9.9
137,41,9.9
74,90,9.9
1,180,9.9
45,87,9.9
87,60,9.9
49,70,0
84,50,0
30,166,0
101,153,9.9
139,62,0
128,107,0
130,53,0
66,40,0
70,179,0
139,156,0
52,145,9.9
151,155,9.9
172,14,0
5,143,0
145,60,9.9
67,157,9.9
117,37,0
149,56,9.9
134,139,9.9
43,181,9.9
168,28,0
153,78,9.9
128,91,0
120,24,9.9
172,144,9.9
18,159,0
39,43,9.9
89,151,0
30,163,0
41,21,9.9
141,49,0
66,115,9.9
36,135,0
140,83,0
127,60,0
120,39,9.9
42,42,9.9
180,191,0
173,14,0
177,54,9.9
182,45,9.9
42,174,0
151,24,0
136,51,0
122,116,0
51,78,9.9
24,64,9.9
67,149,0
173,106,0
192,60,9.9
106,13,0
169,90,0
192,195,9.9
172,174,9.9
15,174,9.9
139,43,0
146,165,9.9
108,35,0
147,42,0
153,113,9.9
168,149,9.9
107,11,9.9
136,129,9.9
26,173,9.9
95,16,0
157,2,0
0,143,9.9
31,14,0
105,102,9.9
73,145,9.9
177,195,0
22,52,9.9
119,47,9.9
116,94,9.9
8,66,0
8,174,9.9
128,6,9.9
87,1,0
83,128,0
131,163,9.9
86,157,9.9
128,24,9.9
84,123,0
138,186,0
72,112,0
117,108,0
63,50,0
74,175,9.9
188,61,0
169,191,0
14,170,0
75,174,0
174,39,0
140,74,9.9
153,201,9.9
76,187,0
149,61,9.9
179,30,9.9
17,134,0
148,145,0
79,171,0
151,108,9.9
188,120,0
88,167,0
147,55,0
3,6,9.9
103,97,0
191,97,9.9
74,120,0
194,74,0
92,52,9.9
146,16,0
174,146,9.9
147,131,0
7,68,0
57,168,9.9
104,141,9.9
122,148,0
96,98,0
129,71,0
120,175,0
90,15,9.9
51,83,9.9
24,122,9.9
18,61,0
76,94,0
17,61,9.9
29,142,9.9
11,186,9.9
11,85,9.9
23,189,9.9
24,103,0
180,98,0
27,84,0
74,94,9.9
49,15,9.9
108,153,0
19,89,0
170,161,9.9
126,66,9.9
71,131,9.9
157,29,9.9
100,171,0
127,55,9.9
21,43,0
71,186,0
143,70,9.9
35,80,0
196,68,9.9
41,179,9.9
189,147,0
116,117,0
98,182,9.9
126,38,9.9
81,81,9.9
132,122,9.9
124,141,0
195,94,0
153,179,0
156,62,0
26,131,0
125,70,9.9
164,133,9.9
156,53,9.9
62,105,9.9
105,145,9.9
62,10,0
94,0,9.9
23,50,9.9
120,132,9.9
105,112,0
29,38,0
71,124,0
34,143,9.9
14,112,0
48,68,0
167,195,0
187,61,0
180,88,9.9
163,96,9.9
0,21,0
80,115,9.9
44,124,9.9
160,47,9.9
4,104,0
115,22,0
22,70,9.9
51,179,0
86,53,0
63,7,9.9
103,75,0
169,187,0
188,7,9.9
135,169,0
133,139,9.9
194,64,0
145,100,9.9
168,57,9.9
101,198,9.9
60,47,9.9
130,179,0
151,145,0
82,137,0
160,54,0
45,11,0
50,12,9.9
134,175,0
82,188,0
3,54,9.9
199,187,0
151,47,0
183,0,0
197,29,0
80,174,9.9
123,197,0
167,164,9.9
168,140,0
82,70,9.9
54,38,9.9
34,179,9.9
185,11,0
132,6,9.9
104,164,9.9
27,99,0
145,45,9.9
73,88,0
90,132,9.9
102,158,0
62,187,9.9
193,192,9.9
62,145,0
59,180,9.9
193,159,0
135,183,0
102,139,9.9
120,62,0
192,43,9.9
176,99,9.9
31,87,0
143,71,0
128,62,9.9
106,105,0
48,126,9.9
33,13,9.9
45,42,9.9
85,194,0
140,3,0
76,155,9.9
128,156,0
160,106,0
162,83,9.9
95,129,9.9
186,179,9.9
185,70,0
33,118,9.9
9,59,0
127,151,9.9
194,184,9.9
141,176,0
53,67,0
156,105,9.9
83,35,9.9
148,65,9.9
136,43,9.9
81,78,9.9
14,176,9.9
180,31,0
71,8,0
86,161,9.9
97,2,0
102,85,0
88,148,0
94,154,9.9
93,36,9.9
55,50,0
92,89,0
130,163,9.9
103,52,0
97,37,9.9
127,17,9.9
134,117,0
167,160,0
1,105,0
157,195,0
37,59,9.9
134,1,9.9
20,86,0
156,192,9.9
117,117,0
114,164,0
187,87,0
148,128,9.9
55,157,9.9
188,110,9.9
141,76,0
34,19,0
141,95,0
61,106,9.9
113,25,9.9
114,96,9.9
9,8,0
61,32,9.9
177,23,0
37,6,9.9
46,26,0
58,39,0
173,162,0
11,130,0
185,128,9.9
44,38,0
104,5,9.9
90,168,9.9
68,78,9.9
97,133,9.9
154,138,9.9
27,166,0
58,172,9.9
174,29,0
14,89,0
197,14,0
17,15,9.9
113,124,9.9
131,137,0
160,122,0
151,109,0
106,4,0
23,153,9.9
199,27,0
108,21,0
19,34,9.9
17,180,9.9
102,86,0
169,182,9.9
99,167,9.9
73,102,9.9
194,59,0
133,162,0
15,95,0
80,10,0
76,171,9.9
35,94,9.9
69,138,0
92,153,9.9
103,137,9.9
75,81,9.9
26,18,0
136,106,9.9
20,194,9.9
31,82,0
107,186,9.9
57,120,9.9
110,92,0
98,201,9.9
110,190,9.9
134,172,9.9
27,96,0
17,129,0
168,10,0
152,192,9.9
38,18,9.9
125,38,0
31,33,9.9
137,195,9.9
122,41,9.9
43,81,9.9
163,168,0
10,99,0
194,174,0
1,83,0
132,110,0
17,122,9.9
86,159,0
64,174,9.9
185,122,9.9
46,38,9.9
98,24,0
105,143,9.9
182,187,0
44,163,0
37,110,9.9
159,138,9.9
34,90,9.9
114,192,9.9
108,137,9.9
57,141,9.9
79,163,9.9
33,41,9.9
185,69,9.9
40,57,9.9
119,118,0
192,175,0
111,153,0
99,164,0
169,174,9.9
71,106,0
50,21,0
65,142,9.9
159,67,9.9
99,148,9.9
129,43,0
27,201,9.9
179,115,0
185,88,9.9
152,138,9.9
88,5,9.9
73,153,0
50,38,9.9
99,177,0
195,200,9.9
113,100,0
31,189,9.9
73,111,9.9
20,180,0
147,77,9.9
2,122,9.9
73,20,9.9
4,25,9.9
40,31,0
119,105,9.9
169,160,0
116,89,0
116,184,9.9
90,88,9.9
131,145,9.9
31,62,9.9
188,122,9.9
41,169,9.9
96,151,0
48,104,9.9
26,14,9.9
67,129,9.9
197,24,0
174,65,0
74,163,9.9
166,186,0
195,55,0
35,170,9.9
20,2,0
69,131,9.9
197,179,9.9
112,198,9.9
75,201,9.9
157,112,0
6,141,9.9
89,153,9.9
64,47,0
56,158,0
20,92,0
125,99,9.9
149,29,0
87,28,0
93,174,0
51,166,9.9
113,187,9.9
157,19,9.9
99,124,9.9
102,112,9.9
73,8,9.9
79,102,9.9
111,20,9.9
194,34,9.9
102,135,0
147,141,0
159,167,9.9
50,157,9.9
196,39,9.9
38,126,9.9
46,175,9.9
199,101,9.9
20,136,9.9
30,85,9.9
34,192,9.9
74,114,9.9
15,62,9.9
23,36,9.9
46,40,0
28,91,0
145,136,0
189,48,0
196,115,9.9
156,139,9.9
24,53,0
157,123,9.9
134,159,9.9
37,178,9.9
84,189,0
72,83,0
173,168,0
16,152,9.9
60,3,0
34,92,9.9
8,41,9.9
151,139,9.9
183,3,0
50,179,0
99,87,9.9
66,3,9.9
12,39,0
37,108,9.9
26,133,9.9
49,144,9.9
174,197,9.9
0,75,9.9
152,75,0
66,92,0
53,102,9.9
117,13,0
145,121,0
29,74,0
120,97,0
109,200,9.9
53,45,9.9
63,162,0
33,47,0
165,41,9.9
168,68,0
1,1,9.9
73,100,9.9
145,74,0
88,169,0
52,26,9.9
9,84,9.9
3,30,9.9
22,134,0
153,67,9.9
112,124,9.9
184,142,0
62,51,9.9
168,54,0
148,167,0
8,133,9.9
128,49,9.9
67,116,0
3,86,9.9
180,163,9.9
190,178,0
102,96,9.9
55,114,9.9
130,34,0
137,105,0
59,164,0
20,161,0
33,199,9.9
39,104,9.9
76,132,0
102,149,0
64,52,9.9
3,133,0
194,115,0
28,158,0
196,59,9.9
175,184,9.9
43,73,0
5,135,0
115,82,0
51,53,0
143,19,9.9
194,192,0
92,49,9.9
61,67,9.9
38,159,0
184,134,0
22,8,9.9
70,133,9.9
67,21,0
82,175,0
26,152,9.9
4,88,0
189,136,0
164,92,9.9
11,44,9.9
166,159,9.9
190,44,0
90,131,0
71,132,9.9
115,184,9.9
147,37,9.9
175,17,9.9
29,42,0
164,17,0
36,97,9.9
116,49,9.9
138,56,9.9
79,159,9.9
0,86,9.9
144,31,0
89,24,0
183,91,0
143,48,0
173,132,9.9
91,198,0
83,54,0
45,110,0
12,86,0
137,156,9.9
129,178,9.9
126,189,9.9
9,168,0
155,176,9.9
192,192,0
60,132,0
89,111,9.9
109,151,0
79,84,0
112,55,0
60,95,9.9
161,66,9.9
28,75,9.9
149,69,0
153,107,9.9
156,26,9.9
52,142,0
77,53,9.9
78,139,0
30,154,9.9
143,87,0
173,191,9.9
152,141,0
143,161,9.9
189,49,9.9
28,168,9.9
25,74,0
115,106,9.9
172,125,0
63,136,9.9
53,112,9.9
0,30,0
73,43,0
155,140,9.9
27,9,0
25,148,0
172,44,0
129,175,9.9
96,189,9.9
57,145,9.9
77,126,9.9
181,13,9.9
49,128,9.9
14,197,9.9
43,188,0
38,118,9.9
75,87,0
86,56,0
68,102,9.9
121,62,9.9
90,122,9.9
159,41,0
35,34,9.9
70,194,9.9
149,163,0
163,66,0
183,103,0
96,194,0
85,64,9.9
183,50,0
130,165,0
45,142,0
159,122,0
40,101,0
147,70,9.9
88,34,0
29,191,0
195,95,9.9
28,101,9.9
100,147,0
49,179,9.9
58,114,0
141,110,9.9
104,60,0
77,69,9.9
147,28,9.9
126,51,0
15,176,9.9
185,187,0
177,24,9.9
130,23,0
80,183,9.9
64,40,9.9
175,195,0
196,77,0
144,197,9.9
120,79,0
50,18,9.9
39,192,0
117,115,9.9
61,187,9.9
167,98,9.9
123,108,0
141,196,9.9
2,141,9.9
189,6,9.9
26,13,9.9
160,148,0
104,34,0
19,71,0
133,109,9.9
122,100,9.9
135,195,9.9
166,45,0
83,92,9.9
6,32,0
123,41,9.9
128,1,9.9
147,27,0
101,92,0
162,58,0
191,64,9.9
104,185,0
56,47,9.9
46,160,9.9
146,88,9.9
43,56,9.9
95,133,9.9
13,24,0
88,53,9.9
25,108,0
139,52,9.9
84,125,9.9
72,17,0
72,11,9.9
32,125,9.9
0,142,0
136,17,0
115,134,9.9
173,32,0
145,88,0
25,193,0
9,82,9.9
77,41,0
18,196,0
176,56,9.9
103,145,9.9
170,139,9.9
123,49,9.9
150,136,0
90,46,9.9
110,57,9.9
68,6,0
74,65,9.9
93,177,0
136,44,9.9
178,78,9.9
102,58,0
161,63,0
53,142,0
6,173,0
137,10,0
86,25,9.9
55,18,0
137,29,0
193,175,9.9
42,142,9.9
1,121,0
165,143,0
93,190,9.9
191,108,0
145,171,9.9
122,66,9.9
5,44,0
163,36,0
15,57,0
121,40,0
62,50,9.9
14,60,0
135,196,0
26,142,9.9
28,61,0
79,83,0
78,140,9.9
12,16,0
129,105,9.9
40,2,9.9
139,116,0
161,111,0
89,130,9.9
172,201,9.9
111,119,0
124,143,9.9
78,128,9.9
149,153,9.9
61,34,0
198,24,0
168,86,9.9
120,126,9.9
164,28,0
31,135,0
9,164,9.9
3,136,0
35,136,0
119,76,0
108,180,9.9
64,7,0
183,168,9.9
121,183,0
64,28,9.9
146,31,0
130,80,9.9
46,72,0
139,173,9.9
5,188,0
191,14,9.9
57,114,0
112,173,9.9
95,139,0
129,132,9.9
165,194,9.9
126,36,0
139,159,9.9
27,135,9.9
136,188,9.9
82,147,0
20,141,9.9
19,145,0
38,131,9.9
189,86,0
135,177,9.9
172,199,0
118,71,9.9
103,100,0
108,31,0
139,21,0
94,27,0
187,171,0
109,18,9.9
96,5,0
117,156,0
179,111,9.9
152,27,9.9
129,75,9.9
99,56,0
184,45,9.9
188,35,0
29,84,0
79,14,9.9
189,30,9.9
25,30,0
126,165,9.9
138,78,0
37,106,0
145,82,9.9
73,185,0
81,136,9.9
49,88,0
60,106,0
172,154,9.9
189,83,0
33,135,0
141,155,9.9
121,136,0
103,55,0
128,184,9.9
18,178,0
106,104,9.9
114,78,9.9
189,141,0
56,0,9.9
92,114,0
52,31,0
152,102,9.9
172,8,9.9
14,62,0
42,1,0
13,20,0
151,32,0
77,2,0
129,85,0
174,27,0
120,36,0
189,176,0
105,169,9.9
91,172,0
106,82,9.9
20,170,9.9
115,172,0
23,46,0
133,193,9.9
55,103,0
183,161,9.9
157,119,0
107,22,0
67,26,0
103,160,9.9
112,39,0
124,93,9.9
25,47,0
176,50,9.9
103,95,9.9
47,77,9.9
122,171,0
128,120,0
43,199,9.9
23,73,9.9
112,52,9.9
155,114,0
7,93,9.9
5,30,0
132,96,9.9
69,72,0
138,195,9.9
48,46,0
58,156,0
93,87,0
62,201,9.9
16,50,9.9
142,197,0
107,117,9.9
193,131,9.9
121,71,0
112,31,9.9
91,1,0
99,54,9.9
98,163,9.9
119,53,0
184,27,0
196,130,9.9
16,111,0
184,109,0
185,177,0
101,186,9.9
61,2,9.9
4,70,9.9
61,142,0
118,43,0
53,34,9.9
49,50,9.9
6,10,0
56,180,9.9
109,121,0
59,83,0
57,80,9.9
1,5,9.9
98,98,9.9
88,176,0
87,29,9.9
114,27,0
90,94,0
66,171,0
112,50,0
173,62,9.9
47,92,9.9
24,138,0
176,133,9.9
120,49,9.9
112,170,0
131,176,9.9
127,41,9.9
126,4,0
165,42,0
195,121,0
156,87,0
9,4,9.9
52,94,0
37,89,0
26,57,9.9
82,151,9.9
127,46,0
142,53,9.9
51,3,0
40,130,9.9
123,174,0
92,134,0
71,10,0
182,123,0
99,7,9.9
102,192,9.9
84,95,9.9
144,99,0
121,164,9.9
115,13,0
93,29,0
39,77,0
154,20,9.9
72,138,0
71,17,0
104,115,0
186,162,0
61,36,0
65,153,0
157,45,9.9
183,23,0
21,53,9.9
38,105,0
75,145,0
139,165,0
27,81,0
165,141,0
174,102,9.9
129,148,9.9
158,7,0
82,161,9.9
74,78,0
181,163,9.9
3,176,0
24,86,0
42,10,9.9
155,48,9.9
121,104,9.9
87,193,0
65,135,0
31,45,9.9
194,29,9.9
197,157,0
117,15,0
86,118,9.9
42,148,9.9
17,173,0
144,38,9.9
35,187,9.9
97,113,9.9
49,110,0
72,167,0
150,187,0
134,46,0
52,148,9.9
183,92,9.9
129,46,0
132,177,0
192,38,0
45,93,9.9
17,131,9.9
179,184,9.9
107,15,0
23,108,0
174,165,0
144,7,0
187,192,0
129,167,0
102,48,9.9
87,108,0
125,52,0
13,183,0
119,29,0
172,181,9.9
86,191,0
178,198,0
93,193,9.9
152,67,9.9
32,62,0
36,63,9.9
118,3,0
72,130,9.9
85,11,9.9
171,91,9.9
62,131,9.9
146,160,9.9
188,75,9.9
136,5,9.9
93,137,9.9
133,70,0
140,172,0
94,182,0
36,102,0
184,75,9.9
148,176,0
117,129,0
85,120,0
188,182,0
185,61,9.9
102,172,0
170,184,9.9
93,54,9.9
1,40,0
154,105,9.9
181,15,0
122,79,9.9
163,107,0
19,190,9.9
86,43,0
2,194,9.9
6,127,0
17,33,0
92,181,9.9
163,194,9.9
47,117,0
165,102,9.9
121,30,9.9
105,104,0
155,145,0
30,198,9.9
161,188,9.9
27,97,9.9
193,132,9.9
33,61,9.9
92,87,9.9
22,178,0
42,22,0
176,90,0
192,199,0
93,96,9.9
12,115,0
111,38,9.9
199,81,0
89,102,0
37,104,9.9
85,71,9.9
101,80,0
31,73,9.9
68,156,0
153,153,0
59,112,9.9
91,119,0
136,113,0
61,122,9.9
27,93,0
70,0,9.9
29,153,9.9
197,47,9.9
161,2,0
83,159,0
76,141,9.9
187,154,0
64,74,9.9
133,30,9.9
83,124,0
112,135,9.9
61,27,0
125,81,9.9
176,171,0
188,30,9.9
40,97,0
31,97,0
22,98,9.9
161,129,9.9
150,17,9.9
56,101,9.9
188,66,0
156,184,0
7,155,9.9
79,198,9.9
176,141,9.9
176,84,9.9
99,113,9.9
118,33,9.9
100,100,0
196,124,9.9
129,165,9.9
127,51,0
196,26,0
60,83,0
118,186,0
129,31,9.9
69,91,0
66,100,9.9
100,87,0
187,107,9.9
185,193,0
17,26,9.9
122,5,9.9
132,13,0
181,120,0
80,12,0
146,143,0
85,81,9.9
124,106,9.9
126,150,0
10,26,9.9
164,4,9.9
18,34,9.9
141,3,0
93,40,9.9
123,25,9.9
64,56,9.9
129,102,0
186,74,9.9
29,99,9.9
17,68,0
54,14,0
140,23,0
35,172,9.9
107,133,0
168,8,9.9
127,198,0
84,93,0
186,171,9.9
56,129,0
117,161,9.9
120,124,9.9
75,114,0
23,88,9.9
140,55,0
76,42,0
127,62,9.9
189,66,9.9
3,143,0
64,142,0
133,76,0
190,3,0
108,18,9.9
173,156,0
136,1,0
133,149,0
10,109,9.9
183,123,9.9
103,161,0
82,54,9.9
131,50,9.9
155,93,0
91,29,9.9
161,168,9.9
81,134,0
56,102,0
22,157,9.9
78,104,9.9
191,162,0
44,12,0
40,114,0
56,127,9.9
12,165,0
110,71,9.9
167,58,9.9
118,181,9.9
107,17,0
90,158,0
7,179,0
5,57,9.9
129,89,0
22,167,9.9
132,132,9.9
65,140,0
80,16,9.9
186,5,9.9
151,100,0
165,118,0
88,192,9.9
116,144,0
189,163,9.9
143,107,0
77,105,0
121,172,9.9
132,21,0
101,123,0
27,183,9.9
135,180,0
58,112,0
113,21,9.9
168,27,9.9
40,160,9.9
14,183,9.9
98,76,9.9
177,183,0
53,148,9.9
64,158,9.9
176,65,9.9
0,92,0
27,168,9.9
90,164,0
122,99,0
49,129,0
165,95,0
131,116,9.9
118,126,0
139,178,9.9
136,177,0
20,178,9.9
89,104,9.9
147,30,9.9
197,191,9.9
194,75,0
1,73,0
39,25,9.9
101,97,9.9
37,124,9.9
186,156,9.9
119,37,9.9
147,22,0
172,15,9.9
40,153,0
93,91,0
22,57,0
45,176,9.9
66,112,0
38,74,0
182,102,9.9
10,151,0
150,64,9.9
48,28,9.9
83,69,0
70,56,0
26,146,9.9
37,40,9.9
109,173,0
73,28,9.9
185,146,9.9
142,30,9.9
57,130,9.9
101,180,0
129,70,9.9
106,39,0
153,142,9.9
2,12,9.9
153,112,0
3,37,0
115,71,0
193,135,9.9
77,142,9.9
95,68,9.9
84,196,9.9
183,165,9.9
152,20,9.9
87,113,9.9
73,176,0
151,177,0
52,43,9.9
94,107,9.9
8,86,0
100,125,0
45,151,0
32,182,9.9
68,32,0
39,71,0
110,186,9.9
134,12,0
2,123,9.9
38,111,0
89,46,9.9
78,47,0
49,198,0
165,10,9.9
84,96,0
141,71,9.9
45,129,0
120,44,0
174,93,9.9
159,118,0
120,50,9.9
29,44,0
97,25,0
199,153,0
191,116,9.9
188,69,0
115,176,0
163,158,9.9
107,114,0
50,189,0
24,27,9.9
182,61,9.9
54,64,9.9
114,148,0
50,169,9.9
183,190,0
42,105,9.9
79,144,9.9
34,189,9.9
66,35,9.9
187,32,9.9
17,110,0
138,40,9.9
56,126,9.9
1,29,0
63,185,9.9
20,24,0
6,176,9.9
176,19,0
67,155,0
118,83,0
159,72,9.9
53,3,0
167,121,0
181,184,9.9
56,172,9.9
165,110,9.9
78,57,0
139,47,0
99,10,9.9
176,116,0
31,81,9.9
122,97,0
125,178,0
185,137,0
46,11,9.9
24,195,0
97,180,9.9
90,181,9.9
188,101,0
134,93,0
96,91,9.9
142,54,9.9
59,8,0
64,112,0
55,75,0
199,69,9.9
71,21,9.9
75,26,9.9
186,150,9.9
179,62,0
89,91,0
3,81,0
27,184,0
104,50,0
31,165,9.9
22,84,9.9
191,84,9.9
42,200,9.9
67,64,0
166,62,9.9
74,146,0
79,193,9.9
157,171,9.9
78,71,9.9
152,195,0
139,76,0
65,151,0
90,50,9.9
29,31,9.9
66,30,0
141,42,0
184,200,9.9
82,126,0
48,83,9.9
163,160,0
42,100,0
96,143,9.9
192,168,0
135,25,0
192,63,9.9
30,120,0
98,143,9.9
174,135,9.9
39,99,0
28,127,0
153,103,9.9
103,179,0
100,91,9.9
178,112,0
43,123,0
34,146,9.9
172,46,9.9
117,51,9.9
63,194,0
82,75,9.9
153,14,0
57,123,0
24,15,0
183,57,9.9
51,138,9.9
48,2,0
91,73,9.9
194,109,9.9
143,60,0
29,50,0
104,130,9.9
134,97,9.9
136,62,9.9
164,46,9.9
96,181,0
121,107,9.9
130,68,9.9
43,37,9.9
85,186,0
9,175,0
28,18,0
51,140,9.9
62,63,0
199,191,0
48,96,9.9
166,56,0
9,48,9.9
167,2,0
172,35,0
16,38,0
27,137,9.9
187,84,9.9
100,15,9.9
29,60,0
52,47,0
52,187,0
19,133,9.9
122,162,9.9
166,146,9.9
132,127,0
76,63,0
88,158,9.9
36,153,9.9
28,176,9.9
42,39,0
27,63,9.9
171,153,0
0,77,9.9
195,196,0
77,23,0
8,192,9.9
198,42,9.9
30,89,9.9
179,20,9.9
63,48,0
80,178,0
58,105,9.9
155,14,0
34,86,9.9
51,87,0
97,130,9.9
64,77,9.9
142,97,0
10,49,0
17,158,9.9
192,27,9.9
180,52,0
181,45,0
4,180,0
165,68,9.9
152,125,0
80,78,9.9
198,90,0
45,138,9.9
66,11,9.9
98,81,9.9
172,137,0
22,83,0
30,94,9.9
46,92,9.9
1,184,0
140,201,0
42,20,9.9
118,161,0
137,130,9.9
177,18,9.9
135,147,0
42,91,9.9
61,85,0
95,11,9.9
101,62,9.9
182,180,9.9
185,56,9.9
116,103,0
182,110,9.9
156,182,9.9
28,141,0
144,164,9.9
157,78,0
142,174,9.9
117,50,9.9
106,99,0
101,109,0
167,0,0
110,127,0
89,40,9.9
150,105,9.9
160,38,9.9
91,0,0
36,121,0
123,169,9.9
183,129,9.9
104,71,9.9
30,44,0
128,17,9.9
75,192,9.9
65,143,9.9
35,174,9.9
164,157,9.9
136,53,9.9
61,70,9.9
198,15,0
145,116,0
123,77,9.9
185,72,9.9
28,156,9.9
194,76,9.9
76,3,0
102,63,0
79,125,0
39,201,0
90,9,9.9
19,140,0
12,99,0
192,12,9.9
29,117,9.9
147,188,0
45,128,9.9
91,138,9.9
41,68,9.9
165,161,9.9
158,59,9.9
81,47,9.9
165,72,9.9
27,90,9.9
191,79,0
84,55,9.9
18,155,9.9
187,66,9.9
149,141,0
162,84,9.9
0,7,0
63,55,0
165,39,9.9
56,145,9.9
70,182,0
19,151,0
87,200,9.9
154,30,9.9
106,142,9.9
64,103,0
70,122,0
101,143,9.9
102,18,0
190,161,0
15,52,9.9
17,169,9.9
84,201,0
83,102,0
181,169,9.9
70,138,0
58,183,9.9
107,4,9.9
156,45,9.9
95,89,0
19,87,9.9
146,127,0
109,76,0
53,195,0
13,7,9.9
39,53,9.9
40,48,9.9
16,1,0
109,38,0
177,134,9.9
133,0,0
122,64,0
138,144,0
80,86,0
116,130,9.9
122,49,9.9
100,146,9.9
188,64,9.9
73,34,0
27,169,0
158,78,9.9
127,26,9.9
182,16,0
18,130,0
41,109,0
152,38,0
106,181,9.9
163,1,9.9
137,11,9.9
146,153,0
139,120,0
104,149,9.9
14,23,0
27,7,9.9
132,142,9.9
10,163,9.9
145,63,9.9
45,27,9.9
184,52,9.9
174,87,9.9
152,139,0
76,190,9.9
132,46,0
130,156,9.9
38,109,0
117,169,0
148,117,9.9
85,51,9.9
110,97,0
9,120,9.9
152,6,9.9
146,51,9.9
85,59,9.9
61,140,0
34,165,0
1,17,0
100,185,0
132,161,9.9
22,77,0
169,180,0
10,102,9.9
140,76,0
100,138,0
50,105,0
169,104,0
26,109,0
6,139,9.9
38,142,0
31,155,0
102,153,9.9
40,19,9.9
21,137,0
87,71,0
136,16,0
16,78,9.9
168,186,9.9
67,92,9.9
43,165,9.9
149,79,9.9
17,37,0
107,73,0
129,149,0
117,191,9.9
144,53,9.9
185,185,9.9
64,124,0
153,102,0
87,124,9.9
143,174,9.9
67,118,0
10,197,9.9
33,3,9.9
24,140,9.9
122,42,9.9
24,97,9.9
47,26,9.9
92,194,9.9
139,117,9.9
9,139,0
35,14,0
158,24,0
54,126,0
197,62,9.9
27,66,9.9
110,138,9.9
192,62,0
189,181,9.9
43,59,9.9
39,168,0
122,62,0
26,155,0
2,142,9.9
118,34,0
89,116,0
99,125,9.9
79,42,0
153,121,9.9
92,117,9.9
7,89,0
32,80,9.9
155,158,9.9
106,146,0
113,185,9.9
17,28,0
12,201,0
34,161,0
154,22,9.9
128,94,0
103,107,9.9
151,194,9.9
162,123,9.9
161,73,9.9
16,4,0
100,83,0
176,33,0
176,32,9.9
155,63,0
179,73,0
106,86,0
145,167,9.9
155,60,0
136,161,0
23,159,0
47,122,9.9
146,22,0
156,18,9.9
14,181,0
175,19,9.9
154,5,9.9
91,5,0
95,167,0
60,141,9.9
14,57,9.9
39,132,0
34,28,0
28,126,0
188,195,9.9
84,41,0
148,161,9.9
57,200,0
35,78,0
152,191,0
105,194,0
195,72,9.9
7,0,9.9
7,33,9.9
161,152,9.9
77,178,9.9
185,28,9.9
27,155,0
173,28,0
165,87,0
20,51,9.9
99,174,9.9
83,28,9.9
140,14,9.9
73,87,9.9
106,164,9.9
108,24,9.9
34,58,0
193,129,0
68,83,9.9
136,46,0
67,144,9.9
197,8,9.9
171,106,9.9
119,71,0
103,127,9.9
22,76,0
94,103,0
39,103,9.9
53,134,9.9
18,76,0
65,58,0
167,181,9.9
175,83,0
182,124,9.9
171,170,0
121,199,9.9
145,177,0
131,27,9.9
91,57,0
108,135,0
85,8,9.9
101,6,0
44,17,9.9
97,140,0
52,137,0
118,4,9.9
195,48,0
198,81,9.9
166,25,9.9
179,191,0
69,98,0
174,54,9.9
27,200,9.9
184,113,0
37,182,9.9
97,53,0
59,117,9.9
70,43,0
64,80,9.9
146,196,9.9
116,55,9.9
29,151,0
92,186,9.9
99,11,9.9
107,164,0
33,168,9.9
70,177,0
172,29,0
67,106,9.9
63,9,0
135,187,0
65,94,9.9
15,6,9.9
54,132,0
77,149,0
90,11,0
84,98,9.9
19,54,0
141,167,9.9
170,190,9.9
149,95,0
164,79,9.9
32,138,9.9
18,59,0
105,187,9.9
174,2,0
80,122,0
70,188,0
115,6,0
153,99,9.9
114,159,0
82,37,0
79,97,9.9
134,54,9.9
26,93,0
4,26,9.9
88,84,0
12,135,9.9
46,166,0
40,38,9.9
30,153,9.9
149,144,0
172,32,0
140,189,0
164,123,9.9
90,39,0
77,114,0
141,106,0
99,122,0
18,28,9.9
10,149,0
120,199,9.9
75,48,9.9
88,140,0
75,92,9.9
72,54,0
64,96,9.9
27,82,0
65,174,9.9
10,115,9.9
137,14,0
158,71,0
136,37,9.9
152,63,9.9
63,0,9.9
104,144,0
34,27,9.9
156,56,0
129,23,0
41,78,0
69,142,9.9
99,48,9.9
52,110,0
63,89,0
87,57,0
61,7,0
4,195,9.9
28,189,9.9
32,21,0
43,57,9.9
158,167,0
164,115,9.9
169,173,9.9
18,78,9.9
72,13,9.9
151,165,0
110,74,0
32,154,0
66,164,9.9
135,16,0
169,201,9.9
184,97,0
152,105,9.9
53,9,9.9
98,154,0
53,91,9.9
128,131,0
70,1,9.9
13,180,9.9
170,128,0
193,146,0
198,58,9.9
121,192,0
154,13,9.9
139,29,0
16,194,9.9
52,199,0
30,78,9.9
148,188,0
41,196,9.9
41,48,9.9
140,86,0
186,126,9.9
177,35,0
93,155,0
165,21,9.9
199,194,9.9
39,180,9.9
142,39,0
106,197,0
90,183,9.9
158,73,0
5,74,9.9
92,43,0
9,77,0
50,109,9.9
85,18,9.9
177,148,0
169,123,9.9
135,97,9.9
102,8,9.9
30,60,9.9
170,73,0
36,67,0
129,173,0
156,64,9.9
159,8,0
63,141,9.9
116,199,9.9
1,119,9.9
186,151,0
86,12,0
127,42,0
92,130,0
0,138,0
97,45,9.9
123,11,0
184,179,0
76,1,9.9
23,33,0
35,158,0
76,172,0
90,75,9.9
81,151,9.9
34,37,0
154,191,0
142,87,0
169,119,0
48,172,9.9
158,107,9.9
152,168,9.9
18,191,9.9
66,106,0
192,174,0
146,129,0
53,107,9.9
51,26,0
165,122,0
129,69,0
21,4,9.9
87,165,0
103,32,9.9
24,117,0
7,197,9.9
199,11,0
185,23,9.9
166,142,9.9
68,27,9.9
58,121,9.9
164,164,0
140,84,9.9
118,191,9.9
131,174,9.9
166,128,9.9
180,12,0
104,160,0
40,115,9.9
72,190,0
143,155,0
107,88,9.9
5,162,0
68,131,9.9
29,194,9.9
172,11,9.9
144,61,9.9
74,195,9.9
71,190,9.9
90,111,0
182,193,0
4,73,0
22,39,9.9
17,139,9.9
174,186,9.9
16,121,9.9
171,189,9.9
68,71,0
8,184,0
125,34,9.9
163,25,9.9
98,126,0
102,170,0
109,153,9.9
199,181,9.9
45,45,9.9
49,21,9.9
143,95,9.9
45,165,0
70,14,0
182,153,9.9
105,138,9.9
130,200,0
13,172,9.9
13,159,0
91,194,9.9
89,127,9.9
78,110,0
75,141,0
52,172,9.9
164,200,0
197,125,0
195,29,0
111,149,0
137,179,9.9
73,15,0
103,182,0
27,11,0
51,181,0
81,115,0
160,170,0
116,201,9.9
96,146,9.9
172,75,0
15,104,9.9
127,18,9.9
91,67,0
48,166,9.9
171,69,9.9
89,138,0
49,75,0
152,148,0
119,54,0
61,156,9.9
153,105,9.9
47,34,0
74,3,0
139,83,9.9
184,68,0
57,129,9.9
104,171,0
131,189,0
170,148,9.9
38,43,0
79,8,9.9
170,181,9.9
188,169,9.9
150,68,9.9
22,44,9.9
38,137,0
19,160,9.9
187,183,9.9
160,139,0
80,179,0
121,14,0
39,123,0
86,140,0
113,46,0
195,151,0
148,100,9.9
49,96,0
53,165,9.9
93,17,0
32,139,9.9
30,145,0
154,168,9.9
186,130,0
154,10,9.9
131,140,0
121,61,9.9
42,30,0
194,60,9.9
19,14,9.9
44,158,0
124,171,9.9
61,151,9.9
53,48,9.9
131,158,9.9
160,76,9.9
47,57,9.9
133,114,0
158,118,0
181,9,0
90,133,0
6,116,9.9
36,140,0
76,117,9.9
58,197,9.9
161,47,9.9
20,114,0
4,83,0
147,36,9.9
13,16,0
186,125,0
47,132,0
114,104,0
31,118,9.9
32,108,0
104,129,9.9
129,134,9.9
98,48,0
33,64,9.9
58,73,0
190,1,9.9
48,140,0
111,22,0
166,103,0
101,21,0
60,9,9.9
57,26,0
43,95,0
65,162,9.9
174,43,9.9
193,108,0
116,112,9.9
164,128,0
114,79,9.9
196,183,0
66,78,9.9
37,65,9.9
91,110,0
98,107,9.9
105,190,9.9
26,19,9.9
132,95,9.9
18,187,0
166,22,0
187,145,9.9
167,177,9.9
144,125,9.9
198,65,9.9
126,37,0
164,180,0
94,64,0
30,45,9.9
126,67,9.9
135,172,0
137,50,0
10,112,9.9
70,107,0
13,19,9.9
62,19,0
174,88,9.9
114,63,9.9
16,115,9.9
105,90,0
80,108,0
91,170,0
112,10,0
66,166,0
18,111,9.9
6,118,0
187,41,9.9
167,176,0
148,66,9.9
191,25,0
112,171,0
157,27,0
122,115,9.9
54,83,9.9
130,110,9.9
107,135,0
193,4,9.9
4,122,9.9
37,105,0
18,137,0
140,18,0
171,111,9.9
73,196,0
61,1,0
78,76,9.9
13,154,9.9
11,166,0
188,124,9.9
63,98,9.9
27,111,0
147,149,0
78,65,0
192,87,0
88,103,0
78,106,9.9
166,31,0
97,197,9.9
33,182,9.9
189,40,9.9
5,42,0
44,131,0
64,178,0
98,120,0
132,26,9.9
45,99,9.9
46,115,9.9
13,46,9.9
10,150,0
1,183,9.9
174,3,0
5,138,0
56,195,9.9
151,14,9.9
40,142,9.9
95,127,9.9
161,56,9.9
107,153,0
125,20,9.9
181,160,9.9
162,112,0
142,123,9.9
124,62,9.9
94,25,0
25,173,9.9
136,66,9.9
17,84,9.9
94,16,0
87,91,9.9
125,86,0
111,138,9.9
104,36,0
64,42,9.9
80,184,9.9
120,192,0
186,192,9.9
126,106,9.9
169,98,9.9
72,93,0
119,163,9.9
14,143,9.9
150,47,0
2,56,0
64,175,0
148,52,9.9
50,192,0
63,121,0
83,68,9.9
37,164,0
191,103,9.9
4,41,0
130,89,9.9
91,47,0
118,137,0
70,172,9.9
88,146,0
107,136,9.9
122,113,0
194,188,9.9
15,142,9.9
143,78,9.9
192,111,9.9
131,25,0
2,94,0
92,158,9.9
149,156,0
40,110,0
146,32,0
133,28,9.9
34,140,9.9
145,189,9.9
154,152,0
130,6,9.9
131,143,0
129,135,9.9
37,181,9.9
30,17,0
40,171,0
152,198,0
96,28,9.9
76,93,0
43,14,9.9
150,122,0
192,140,0
79,120,9.9
79,152,9.9
8,22,0
115,161,9.9
77,91,0
142,86,9.9
136,15,0
178,64,9.9
146,11,0
60,114,0
76,81,9.9
173,143,9.9
137,116,9.9
159,177,9.9
125,59,9.9
130,187,0
151,146,0
102,181,9.9
44,162,9.9
0,149,0
42,185,9.9
96,140,9.9
144,86,9.9
11,7,0
190,8,9.9
191,151,9.9
170,18,9.9
0,122,9.9
122,176,9.9
119,3,9.9
29,7,9.9
58,120,0
191,111,0
182,66,0
37,85,9.9
33,5,0
133,153,0
194,18,0
136,192,9.9
118,20,9.9
39,22,0
173,80,0
89,175,0
94,5,0
14,122,0
156,137,9.9
121,48,0
32,168,9.9
147,183,0
174,72,0
116,12,9.9
52,60,0
56,162,0
187,64,9.9
105,58,0
20,57,9.9
128,146,0
47,65,9.9
48,21,9.9
62,177,9.9
47,147,9.9
57,189,0
70,147,0
9,122,0
143,31,9.9
18,156,0
156,120,0
111,172,0
73,106,9.9
56,177,0
163,164,0
178,69,9.9
174,176,9.9
56,165,9.9
138,167,9.9
24,111,0
63,144,9.9
9,38,9.9
97,174,9.9
38,151,9.9
132,146,0
146,164,9.9
91,13,9.9
161,72,0
9,162,9.9
62,54,9.9
93,139,9.9
20,29,0
141,135,0
84,136,9.9
45,25,9.9
138,27,0
26,24,0
191,102,0
112,90,0
67,105,0
83,165,9.9
152,73,0
71,40,0
165,166,0
184,2,9.9
20,53,9.9
196,160,0
24,11,0
78,40,0
166,48,9.9
140,133,0
92,27,0
68,135,9.9
89,25,0
145,188,9.9
87,15,0
106,115,0
148,163,9.9
100,55,0
114,182,9.9
104,168,0
4,186,9.9
148,40,9.9
69,34,0
178,77,0
101,24,9.9
122,132,9.9
77,55,0
148,196,0
119,95,9.9
119,155,9.9
34,191,9.9
50,24,9.9
184,73,0
177,38,0
40,192,0
71,108,9.9
148,199,9.9
171,143,9.9
98,91,0
151,10,0
155,62,0
95,30,0
169,101,0
71,23,0
114,22,9.9
21,15,9.9
87,96,0
59,75,0
43,115,9.9
168,185,9.9
199,184,0
27,189,0
187,201,0
156,146,0
66,197,9.9
198,132,9.9
72,69,0
180,68,9.9
185,75,0
99,189,0
161,160,0
143,136,9.9
41,4,9.9
168,26,9.9
39,160,0
33,157,0
53,167,0
62,45,9.9
61,61,9.9
164,86,9.9
51,38,9.9
60,8,0
133,10,9.9
90,152,0
151,168,9.9
167,57,9.9
143,118,9.9
106,92,9.9
73,82,0
50,174,9.9
32,48,0
96,141,9.9
193,169,9.9
118,165,9.9
84,107,0
144,140,9.9
166,7,9.9
116,75,9.9
62,65,9.9
105,57,0
55,130,0
192,196,9.9
194,105,9.9
7,128,9.9
149,52,0
126,136,0
126,14,9.9
42,187,9.9
194,96,9.9
105,14,9.9
46,201,0
55,96,0
68,37,0
133,142,9.9
28,60,0
48,194,9.9
163,54,9.9
160,64,9.9
163,12,0
22,89,9.9
196,117,9.9
158,68,0
144,88,9.9
6,123,0
160,180,0
138,99,9.9
97,106,0
4,139,0
19,143,9.9
19,129,0
49,48,9.9
15,58,0
64,163,9.9
96,26,0
102,109,9.9
128,106,0
23,129,0
22,155,0
158,160,0
90,120,0
173,186,9.9
87,70,0
191,198,9.9
121,79,9.9
30,175,9.9
117,12,9.9
9,99,9.9
182,3,0
33,125,9.9
6,201,9.9
71,189,9.9
147,103,9.9
51,74,9.9
13,89,0
193,136,9.9
66,160,9.9
80,29,9.9
128,167,9.9
16,175,9.9
0,2,9.9
28,199,0
88,91,0
38,189,0
194,45,9.9
194,156,9.9
58,93,9.9
179,132,9.9
117,52,0
119,9,0
144,138,9.9
60,195,9.9
104,24,9.9
81,124,0
154,170,0
51,120,9.9
10,101,0
36,41,0
16,141,9.9
195,69,0
132,137,0
40,86,0
123,38,0
95,105,0
112,179,0
141,193,9.9
64,99,0
85,14,9.9
181,109,9.9
142,124,9.9
73,21,0
72,140,0
199,33,0
162,52,0
36,178,0
116,165,9.9
71,1,0
84,79,9.9
11,68,0
28,54,9.9
84,27,0
67,80,9.9
79,121,0
188,181,9.9
198,101,0
177,94,9.9
83,157,9.9
156,72,0
153,77,9.9
86,91,0
61,184,9.9
135,156,9.9
85,163,9.9
196,163,9.9
62,98,0
78,124,0
14,77,0
118,145,9.9
70,149,9.9
136,57,0
173,158,9.9
83,36,0
132,193,0
165,135,0
157,152,9.9
19,105,0
137,26,0
16,67,9.9
178,142,9.9
35,42,9.9
152,21,0
43,186,9.9
26,0,9.9
18,119,9.9
177,138,0
15,179,0
128,15,9.9
19,185,0
199,112,0
20,176,0
72,96,0
194,16,0
100,193,0
164,41,0
109,113,9.9
181,167,9.9
77,80,0
137,52,9.9
13,120,0
89,37,9.9
117,94,9.9
120,185,9.9
53,53,0
187,33,0
164,21,9.9
31,119,9.9
104,13,0
188,70,0
119,146,9.9
156,93,9.9
29,63,0
155,166,9.9
12,95,9.9
187,193,0
157,194,0
179,197,9.9
190,76,9.9
150,8,9.9
112,118,9.9
58,76,0
93,157,0
146,105,0
172,189,9.9
112,51,9.9
41,27,9.9
10,144,9.9
62,116,0
145,47,0
182,86,0
100,153,9.9
116,142,9.9
172,134,0
93,175,0
197,7,9.9
73,96,9.9
3,163,9.9
46,145,0
148,195,0
50,74,0
194,200,9.9
31,78,0
7,149,9.9
54,185,0
168,100,9.9
89,44,9.9
127,93,9.9
110,174,9.9
31,160,9.9
193,49,9.9
108,63,0
151,66,0
50,93,0
89,72,9.9
94,86,9.9
193,106,0
179,58,0
67,85,0
82,15,0
153,119,9.9
136,191,9.9
165,189,0
89,166,0
159,157,9.9
77,68,9.9
199,182,9.9
163,200,0
41,76,9.9
17,9,0
135,144,9.9
45,130,9.9
26,67,0
82,26,9.9
51,170,0
49,18,0
122,126,9.9
69,128,9.9
159,161,0
134,34,9.9
10,103,0
72,86,0
67,32,0
129,120,9.9
112,58,0
134,53,0
19,158,0
132,83,0
174,8,9.9
79,35,0
31,163,9.9
193,144,9.9
78,167,9.9
93,103,9.9
174,46,0
129,145,0
179,120,9.9
30,174,0
8,199,9.9
18,125,9.9
170,160,0
149,165,0
146,64,9.9
29,22,9.9
190,48,9.9
25,174,0
142,91,9.9
59,191,9.9
15,157,9.9
189,4,0
139,64,9.9
106,194,0
60,26,9.9
180,67,9.9
71,79,0
76,67,9.9
197,150,0
104,190,0
57,109,9.9
33,23,9.9
114,19,0
159,97,9.9
95,157,0
78,66,0
168,88,9.9
136,107,9.9
111,161,0
139,92,0
52,87,0
142,42,0
162,117,0
119,16,0
19,155,0
171,44,9.9
97,82,0
123,80,0
82,51,0
144,62,0
113,78,0
99,171,9.9
181,199,9.9
155,24,9.9
155,122,9.9
0,83,0
23,164,9.9
149,131,0
54,17,9.9
54,177,9.9
13,140,9.9
179,32,9.9
120,31,0
157,22,9.9
199,97,0
100,59,0
106,173,0
189,3,9.9
181,101,0
132,76,0
181,21,0
49,2,9.9
129,176,9.9
22,30,0
160,80,0
114,76,0
80,193,9.9
94,191,9.9
138,191,0
62,153,0
31,35,0
178,152,0
108,56,9.9
158,62,9.9
187,81,9.9
85,57,0
192,144,9.9
157,172,9.9
183,132,9.9
65,132,0
100,187,9.9
101,110,9.9
65,18,0
100,24,0
137,129,9.9
51,185,0
69,68,0
172,110,9.9
119,114,9.9
4,138,9.9
41,8,9.9
172,95,0
93,35,9.9
191,158,0
20,177,0
56,24,0
185,86,9.9
103,183,9.9
108,168,0
62,179,9.9
111,192,0
66,31,9.9
199,17,9.9
150,55,9.9
59,201,0
95,66,0
64,67,9.9
117,93,0
99,19,0
16,7,9.9
30,65,9.9
80,188,9.9
20,187,0
172,34,0
1,32,9.9
168,158,0
2,154,9.9
90,161,9.9
175,134,0
19,184,9.9
143,135,9.9
122,107,9.9
144,69,0
178,67,9.9
189,174,9.9
63,85,9.9
161,15,0
2,157,0
84,30,0
175,109,9.9
191,11,0
148,92,9.9
101,167,0
31,110,0
114,3,9.9
191,163,9.9
48,125,0
45,68,9.9
158,12,0
184,20,0
75,8,9.9
126,79,9.9
53,65,0
146,37,0
181,189,9.9
173,104,9.9
12,29,9.9
7,9,0
26,70,0
84,61,0
56,64,0
11,112,0
45,169,0
43,120,0
142,100,9.9
127,58,0
46,52,9.9
89,45,0
141,77,0
108,182,0
28,49,9.9
100,162,0
170,53,0
84,14,9.9
151,197,9.9
11,174,9.9
19,128,9.9
121,93,9.9
20,96,9.9
149,199,0
151,95,0
126,112,9.9
12,167,9.9
29,36,0
22,195,0
140,66,0
198,117,0
145,28,0
199,76,0
141,141,9.9
99,116,0
22,14,9.9
73,78,0
90,150,9.9
84,25,9.9
51,58,0
0,105,9.9
92,102,9.9
109,185,0
171,174,9.9
107,145,0
0,135,9.9
78,141,9.9
1,92,9.9
9,115,9.9
54,124,0
133,106,0
48,197,9.9
139,168,0
51,86,0
97,103,9.9
153,23,9.9
102,154,0
76,129,0
145,163,0
20,62,9.9
73,121,9.9
175,61,0
126,69,9.9
107,137,0
88,193,0
17,72,9.9
154,38,0
75,33,9.9
59,96,0
79,166,0
23,12,9.9
195,70,0
72,26,0
164,77,9.9
103,16,9.9
53,187,0
41,122,0
113,120,0
134,199,0
15,91,0
194,197,9.9
13,26,9.9
90,0,9.9
87,12,0
177,26,9.9
131,66,9.9
194,19,9.9
75,90,0
82,199,0
155,134,9.9
70,30,0
129,187,0
57,7,0
170,102,9.9
83,150,0
166,33,9.9
124,37,9.9
74,158,9.9
86,103,0
36,74,0
77,199,9.9
181,121,9.9
20,179,9.9
72,187,0
59,120,9.9
149,98,9.9
97,121,9.9
3,116,9.9
115,51,0
166,129,9.9
122,75,0
135,132,9.9
16,196,0
77,163,9.9
15,172,0
26,107,9.9
124,73,9.9
65,7,9.9
138,93,0
165,167,9.9
182,67,9.9
114,113,9.9
120,173,0
102,16,0
188,5,9.9
92,116,0
22,176,9.9
132,77,9.9
195,79,0
92,11,0
161,148,9.9
29,58,9.9
197,175,9.9
179,43,9.9
144,169,0
1,88,0
139,157,0
75,3,0
168,103,9.9
0,113,9.9
44,176,0
10,81,0
25,104,9.9
42,77,0
124,190,0
19,119,9.9
107,12,0
185,125,0
7,189,9.9
53,153,0
3,189,9.9
194,79,0
130,69,0
180,96,0
46,101,0
115,199,9.9
59,25,0
95,49,9.9
185,98,0
26,180,9.9
140,156,9.9
176,55,9.9
54,96,0
91,124,0
48,36,0
165,191,9.9
143,106,9.9
66,103,0
78,142,9.9
124,115,0
27,146,0
172,86,0
93,77,9.9
10,24,0
83,129,9.9
61,17,0
46,32,9.9
25,121,9.9
116,122,9.9
160,33,9.9
102,98,9.9
134,91,0
34,126,0
149,121,9.9
41,5,9.9
42,186,0
104,182,9.9
149,45,0
158,80,0
143,115,9.9
54,144,0
123,64,0
195,36,0
68,150,0
60,118,0
128,52,9.9
168,192,9.9
182,196,9.9
112,43,9.9
110,35,0
98,113,0
186,25,0
157,140,0
98,99,9.9
1,31,0
130,88,9.9
6,200,9.9
85,138,0
67,123,0
171,77,0
60,183,0
139,201,0
52,123,9.9
178,93,9.9
91,25,9.9
194,36,9.9
115,140,0
115,94,0
27,34,0
148,114,9.9
139,98,9.9
97,137,0
16,199,9.9
57,34,0
70,114,9.9
163,68,0
192,176,0
70,184,0
94,72,0
148,173,0
45,61,0
1,65,0
59,196,0
86,64,0
159,55,9.9
123,118,9.9
138,145,9.9
91,26,0
62,127,0
143,57,0
142,118,9.9
117,75,0
109,69,9.9
23,161,9.9
17,149,0
40,49,0
29,186,0
78,5,9.9
126,127,0
7,60,0
4,173,0
29,200,9.9
113,43,0
30,194,9.9
126,97,9.9
111,32,0
131,155,9.9
157,59,0
67,2,9.9
31,53,9.9
41,24,9.9
152,54,9.9
111,59,9.9
70,20,9.9
178,114,9.9
1,126,0
52,85,0
159,33,0
74,58,0
18,109,9.9
188,48,0
175,117,9.9
103,82,0
35,180,9.9
82,46,0
29,176,0
3,188,9.9
123,200,9.9
46,30,9.9
93,196,9.9
179,165,0
48,171,9.9
189,80,0
87,150,0
185,130,0
134,22,9.9
79,71,9.9
19,125,0
17,12,9.9
99,166,0
195,129,0
44,71,0
40,109,9.9
119,62,0
196,119,9.9
26,16,0
83,185,9.9
80,112,9.9
7,64,0
27,108,9.9
107,197,0
129,155,0
199,12,9.9
23,111,0
109,1,9.9
184,101,9.9
8,167,9.9
116,48,9.9
92,34,0
7,26,9.9
161,108,0
6,117,0
47,124,9.9
25,101,0
145,181,9.9
42,7,0
90,19,9.9
72,62,0
71,7,0
106,32,0
29,124,9.9
33,24,0
35,39,9.9
50,73,0
96,34,0
59,169,0
131,182,0
32,94,0
29,149,0
28,74,0
55,136,0
116,39,9.9
164,32,0
91,60,0
156,133,0
110,173,0
131,105,0
166,104,9.9
154,26,0
162,180,9.9
81,37,9.9
38,133,9.9
114,118,9.9
22,45,9.9
179,105,0
25,177,0
44,183,0
30,86,9.9
145,155,9.9
102,164,0
1,197,9.9
124,131,9.9
151,7,9.9
131,197,9.9
123,65,9.9
51,156,9.9
61,13,9.9
78,26,9.9
178,87,0
165,188,9.9
178,144,9.9
155,129,0
7,41,9.9
135,115,0
136,40,0
2,133,9.9
127,52,9.9
191,149,0
190,9,0
109,157,0
112,159,0
30,185,0
155,143,9.9
39,198,9.9
57,140,9.9
116,16,9.9
1,143,9.9
172,122,9.9
11,117,9.9
186,27,0
171,188,0
134,153,0
37,15,0
9,42,0
79,143,0
156,98,0
62,75,9.9
104,189,9.9
129,39,9.9
176,101,0
41,159,0
126,53,9.9
13,17,9.9
122,133,9.9
59,154,0
30,95,9.9
108,190,0
104,100,9.9
182,131,0
105,23,0
21,120,9.9
12,183,9.9
191,156,0
113,60,9.9
20,58,0
28,84,9.9
33,120,9.9
90,184,0
121,195,9.9
86,179,9.9
49,7,0
91,76,9.9
8,105,0
32,132,0
59,132,0
14,24,0
85,33,0
180,147,0
108,120,9.9
50,99,0
128,161,0
126,12,9.9
196,46,0
55,199,9.9
154,133,0
105,150,0
29,49,0
129,197,0
112,17,0
46,188,0
76,170,9.9
147,15,0
186,113,9.9
134,83,9.9
90,6,0
145,106,0
101,201,9.9
60,97,9.9
150,144,9.9
0,101,9.9
88,196,0
144,101,0
163,97,9.9
55,4,0
100,28,9.9
115,188,9.9
21,139,0
96,111,9.9
78,77,9.9
139,179,9.9
183,77,9.9
9,19,9.9
13,105,9.9
8,151,0
141,81,0
7,58,0
108,53,0
21,32,9.9
118,150,9.9
147,180,9.9
72,19,0
47,163,0
177,78,9.9
171,118,9.9
58,145,0
63,114,0
48,64,9.9
171,195,9.9
138,130,0
166,2,0
153,9,0
100,166,9.9
187,36,0
130,45,9.9
105,80,9.9
51,154,9.9
144,153,0
110,122,9.9
22,85,9.9
83,72,9.9
171,141,0
34,30,0
193,28,0
4,45,0
50,133,9.9
120,26,9.9
69,89,9.9
112,29,9.9
181,193,9.9
18,135,9.9
122,60,0
13,10,0
95,103,0
177,199,0
152,161,0
2,53,0
66,38,0
67,192,0
171,182,0
19,138,0
195,50,0
199,145,9.9
72,49,9.9
160,49,9.9
13,200,0
151,82,0
125,150,9.9
85,7,0
155,76,9.9
45,10,9.9
15,130,9.9
92,169,0
181,33,0
134,30,9.9
3,201,0
7,22,9.9
0,27,9.9
105,133,9.9
128,126,9.9
112,42,9.9
54,59,9.9
106,159,0
41,170,0
81,58,0
113,22,0
186,133,0
185,10,9.9
156,29,9.9
56,120,9.9
77,181,0
44,61,0
70,163,9.9
23,74,0
60,191,9.9
23,146,9.9
87,120,9.9
168,138,9.9
62,49,9.9
176,31,9.9
149,140,9.9
172,194,9.9
80,67,9.9
17,3,0
45,184,0
127,76,0
173,144,0
15,16,0
80,197,9.9
75,86,9.9
154,8,9.9
66,53,9.9
156,190,9.9
121,186,0
187,90,9.9
34,201,0
74,117,9.9
91,164,9.9
68,68,0
5,47,0
52,78,9.9
137,99,9.9
31,182,0
153,22,9.9
1,57,9.9
193,141,9.9
54,153,9.9
19,91,0
197,73,9.9
156,173,0
33,189,0
28,90,0
89,167,0
53,172,9.9
70,66,0
104,72,0
37,113,0
97,50,0
130,121,0
126,54,0
11,3,9.9
22,127,0
192,52,0
55,66,0
160,58,9.9
6,46,0
41,153,0
122,196,9.9
10,35,9.9
113,7,0
177,143,0
14,104,9.9
115,1,0
90,138,0
110,9,0
161,136,0
61,182,9.9
107,103,0
142,59,0
57,173,0
102,35,0
72,162,0
81,158,9.9
72,23,0
141,122,0
3,34,9.9
9,53,0
182,190,0
33,153,0
149,66,0
133,195,0
66,67,0
54,198,0
29,180,0
92,39,0
140,105,0
41,133,0
185,60,9.9
15,19,9.9
176,66,9.9
151,74,9.9
71,45,0
86,142,0
59,30,9.9
117,111,9.9
161,145,0
175,102,0
2,3,0
5,101,9.9
24,149,9.9
174,13,9.9
21,195,9.9
75,66,0
159,151,0
117,148,0
56,169,9.9
36,199,9.9
45,103,9.9
169,96,0
154,43,9.9
3,69,9.9
138,72,9.9
40,162,0
164,13,9.9
154,56,9.9
68,87,9.9
60,124,9.9
27,139,0
26,5,9.9
113,197,0
163,195,0
67,95,0
32,61,0
96,128,0
63,167,0
9,152,0
66,136,9.9
142,165,9.9
124,144,9.9
75,9,9.9
117,178,9.9
96,100,0
122,111,0
69,21,0
116,52,9.9
150,24,0
189,94,0
117,124,0
18,174,0
174,142,9.9
72,106,9.9
54,159,9.9
41,112,9.9
186,189,9.9
90,159,0
93,133,0
11,168,0
27,143,9.9
83,190,0
42,25,9.9
166,118,0
136,20,0
112,143,9.9
65,3,9.9
113,81,0
8,139,9.9
146,149,9.9
140,119,0
28,62,9.9
83,89,9.9
144,115,9.9
22,117,0
178,134,9.9
125,198,9.9
169,102,0
74,103,9.9
75,1,0
165,159,9.9
5,157,0
139,162,0
75,190,0
65,81,0
62,78,9.9
3,103,0
142,27,0
118,30,0
42,163,9.9
53,38,9.9
94,31,9.9
55,17,9.9
7,100,9.9
198,159,9.9
171,84,9.9
79,92,9.9
52,39,9.9
96,48,0
69,60,0
193,31,0
165,180,9.9
118,75,9.9
75,13,0
5,22,0
162,34,0
150,158,9.9
25,49,9.9
165,144,9.9
120,171,0
20,74,0
70,63,9.9
132,185,9.9
182,8,9.9
52,139,9.9
109,58,9.9
7,34,9.9
12,140,9.9
46,68,9.9
1,74,9.9
159,71,9.9
90,32,0
55,65,9.9
78,75,0
109,156,9.9
179,38,9.9
31,30,9.9
147,101,0
148,12,0
95,116,0
20,22,0
124,168,0
193,60,9.9
108,100,9.9
44,81,9.9
35,189,0
78,120,9.9
142,154,9.9
36,176,0
165,44,9.9
0,72,9.9
36,61,9.9
100,26,0
32,122,0
189,60,9.9
122,175,9.9
101,149,0
72,114,0
82,167,9.9
127,57,0
77,116,0
13,3,9.9
52,119,0
152,172,9.9
113,30,0
65,85,0
135,20,9.9
119,64,0
148,174,0
47,164,0
39,80,9.9
95,161,0
131,51,9.9
182,36,9.9
154,72,9.9
149,188,9.9
184,32,9.9
76,114,9.9
113,123,0
169,52,9.9
27,157,9.9
138,39,9.9
108,132,9.9
113,119,0
48,106,0
12,96,0
33,100,0
188,84,0
8,71,0
2,148,0
147,159,0
183,169,0
172,53,0
95,180,9.9
67,148,9.9
108,143,9.9
39,170,9.9
140,145,0
148,80,0
31,84,0
168,15,9.9
195,43,0
185,36,0
44,134,9.9
68,126,9.9
35,102,9.9
175,168,0
198,67,9.9
91,82,0
141,136,0
108,70,0
144,1,0
182,65,0
49,40,9.9
184,154,9.9
47,154,0
96,144,9.9
93,79,9.9
83,31,9.9
22,59,9.9
113,105,0
142,168,0
2,8,0
182,39,9.9
150,199,9.9
178,80,9.9
160,187,0
33,26,0
84,35,0
120,5,0
29,24,9.9
71,138,9.9
108,87,9.9
1,66,9.9
194,136,0
176,23,0
7,108,0
15,194,0
147,113,0
88,43,0
191,124,0
142,8,9.9
135,83,9.9
13,152,0
8,44,0
128,89,0
4,33,0
37,99,9.9
190,196,0
179,110,0
23,126,0
136,149,0
22,107,9.9
95,12,0
124,42,0
72,3,9.9
130,77,9.9
29,179,9.9
14,105,0
8,99,0
179,95,0
102,162,9.9
121,63,9.9
127,170,0
40,186,9.9
4,185,9.9
183,32,9.9
76,115,9.9
171,164,0
61,190,9.9
81,173,0
79,82,9.9
96,85,9.9
49,153,9.9
42,147,0
108,64,0
73,51,0
92,70,9.9
72,101,9.9
32,174,9.9
166,167,9.9
103,120,0
63,59,0
135,77,0
86,111,9.9
111,2,0
5,67,9.9
64,2,9.9
18,87,9.9
38,80,0
159,1,9.9
117,170,0
170,3,0
59,4,0
11,5,0
85,58,0
50,27,0
16,120,9.9
129,33,9.9
141,45,0
163,50,9.9
52,126,9.9
152,159,9.9
21,0,9.9
30,35,0
178,128,9.9
59,22,0
104,38,9.9
81,5,9.9
2,86,0
126,77,0
186,21,9.9
107,179,0
62,172,9.9
173,65,0
89,134,0
31,199,9.9
186,116,0
95,142,9.9
58,101,0
155,119,0
123,166,9.9
175,173,0
70,115,0
4,96,9.9
31,128,9.9
134,189,0
25,144,0
75,189,0
50,176,9.9
77,61,9.9
16,54,9.9
39,184,9.9
64,118,0
40,99,9.9
170,44,0
89,3,0
196,151,9.9
11,195,9.9
198,25,9.9
116,132,0
189,85,9.9
100,114,9.9
170,86,9.9
53,42,9.9
128,44,0
15,98,0
197,141,0
106,34,9.9
187,85,0
128,27,0
44,136,9.9
95,140,0
94,158,9.9
194,93,9.9
31,64,0
46,84,0
37,86,0
160,103,9.9
82,108,0
119,50,0
169,118,0
88,47,9.9
74,74,0
75,133,9.9
110,133,9.9
190,90,0
114,147,9.9
87,201,0
118,54,0
25,149,9.9
18,133,0
42,118,9.9
46,178,9.9
27,151,9.9
178,160,0
45,13,0
39,45,9.9
40,0,9.9
8,85,9.9
3,102,0
181,54,0
99,158,9.9
149,142,9.9
108,148,0
178,181,0
89,145,9.9
44,117,9.9
126,197,9.9
86,114,0
114,88,0
0,76,9.9
166,173,0
34,158,9.9
171,0,9.9
134,2,0
143,163,0
184,100,9.9
129,153,0
113,2,0
2,47,0
170,2,9.9
161,156,0
44,201,0
3,190,0
6,111,0
131,149,0
157,189,0
11,190,0
46,71,0
37,26,9.9
17,138,0
178,56,0
143,104,0
148,142,9.9
125,93,0
0,109,0
70,137,9.9
59,175,0
53,82,0
40,137,9.9
47,14,9.9
21,162,9.9
176,14,0
169,196,0
22,126,9.9
126,179,0
113,121,0
97,181,0
30,183,9.9
125,75,0
130,4,9.9
55,193,0
101,122,9.9
115,98,9.9
102,182,9.9
37,63,0
75,138,0
120,186,0
150,46,9.9
189,77,0
49,27,9.9
85,136,0
173,166,0
19,108,0
0,46,9.9
10,13,9.9
83,116,0
178,52,9.9
77,195,0
41,42,9.9
111,154,0
99,2,0
121,57,9.9
98,173,0
139,118,9.9
177,76,0
101,173,0
149,17,0
144,15,0
53,39,0
91,177,9.9
30,3,0
159,51,9.9
164,29,0
3,68,0
29,177,0
33,72,0
133,98,0
40,6,0
14,184,9.9
195,162,0
46,74,0
21,124,0
1,175,9.9
95,83,0
35,128,9.9
117,35,9.9
3,104,0
47,159,9.9
172,4,0
194,145,0
188,172,9.9
131,161,9.9
29,130,0
123,72,0
185,100,0
182,87,0
185,144,0
137,184,9.9
97,129,9.9
86,47,9.9
193,148,0
138,51,0
92,63,0
86,141,0
27,52,9.9
40,92,9.9
167,118,9.9
37,198,9.9
1,134,0
179,93,0
147,50,0
174,6,9.9
59,55,0
144,108,9.9
57,85,9.9
128,164,0
36,105,9.9
62,3,9.9
87,76,0
35,50,0
44,4,0
0,132,9.9
38,165,9.9
9,16,0
176,62,9.9
74,23,0
180,149,0
105,74,9.9
114,135,0
13,15,9.9
120,161,9.9
8,40,9.9
130,192,9.9
9,0,9.9
36,46,0
184,25,0
100,53,9.9
136,108,0
195,190,9.9
174,150,9.9
127,22,9.9
173,109,0
21,8,0
118,146,0
199,176,9.9
58,37,9.9
55,48,9.9
105,2,0
65,92,9.9
119,148,0
131,89,0
142,181,0
178,106,9.9
123,93,9.9
165,108,0
129,9,9.9
39,171,9.9
30,197,0
136,59,0
193,133,0
143,188,9.9
150,76,0
41,64,9.9
96,183,0
97,153,9.9
186,100,0
165,20,0
126,147,0
188,157,0
1,145,0
82,56,0
173,57,9.9
64,34,9.9
29,110,0
48,144,9.9
112,122,9.9
132,197,0
75,169,0
69,78,0
190,85,9.9
112,99,9.9
137,103,9.9
47,99,9.9
81,6,9.9
13,92,9.9
80,43,9.9
156,41,0
181,173,0
85,153,0
131,38,9.9
92,124,0
4,190,9.9
4,18,0
159,50,9.9
131,96,0
60,70,0
35,12,0
112,155,9.9
146,108,9.9
80,11,0
191,40,9.9
90,186,0
139,186,9.9
140,97,0
104,176,0
132,173,0
130,82,0
18,136,9.9
91,27,0
188,119,9.9
61,119,0
131,45,9.9
62,100,0
144,142,9.9
19,123,0
70,125,9.9
183,33,9.9
154,154,9.9
98,198,0
81,153,0
186,154,0
18,123,0
71,87,0
102,116,9.9
163,42,0
81,17,0
173,129,9.9
106,63,0
6,104,0
1,69,0
10,72,9.9
116,183,0
77,86,0
61,168,9.9
67,165,0
91,199,9.9
126,131,0
22,179,0
40,182,0
63,193,9.9
189,131,9.9
154,100,9.9
72,43,0
47,160,0
78,115,9.9
126,107,9.9
147,100,9.9
93,67,9.9
191,56,9.9
13,41,9.9
78,58,0
60,117,9.9
121,75,0
142,16,9.9
114,85,9.9
2,138,9.9
65,192,0
128,152,0
143,1,9.9
169,188,0
41,157,0
51,100,9.9
55,101,9.9
120,184,0
53,99,9.9
124,121,0
147,111,0
195,134,9.9
179,21,9.9
0,102,9.9
111,118,0
72,78,0
9,149,0
178,92,9.9
31,19,0
185,22,0
178,50,0
168,173,0
113,101,0
151,133,0
142,153,9.9
59,128,0
33,92,0
15,88,9.9
26,98,9.9
37,117,0
100,62,9.9
51,115,0
141,140,9.9
184,81,0
150,20,9.9
10,38,0
19,28,9.9
134,140,0
111,169,9.9
39,21,9.9
136,100,0
147,85,9.9
30,196,9.9
151,106,9.9
74,6,9.9
107,108,0
154,185,0
59,18,0
89,194,0
12,102,9.9
52,89,0
145,83,9.9
77,82,0
143,193,0
70,90,0
19,40,0
187,2,9.9
158,57,0
105,55,9.9
93,173,0
70,180,0
112,180,9.9
180,3,0
65,53,0
63,135,9.9
187,18,9.9
60,38,9.9
80,54,0
62,11,9.9
22,69,0
188,166,9.9
1,108,9.9
102,187,0
76,4,9.9
15,110,9.9
189,164,0
32,70,0
64,188,0
125,118,0
44,154,9.9
150,96,9.9
187,177,9.9
113,154,0
104,28,9.9
122,103,9.9
80,69,9.9
198,64,9.9
195,23,0
50,122,9.9
190,21,0
68,98,9.9
106,24,9.9
142,58,9.9
95,168,0
50,146,9.9
0,147,9.9
66,124,9.9
94,4,9.9
47,123,0
198,41,9.9
14,98,0
145,93,0
195,46,0
156,42,9.9
82,90,9.9
141,74,9.9
189,145,9.9
174,14,9.9
32,13,9.9
84,129,9.9
185,0,0
187,40,0
185,157,9.9
4,131,0
138,139,9.9
142,103,9.9
161,126,0
159,152,9.9
111,63,9.9
164,98,9.9
80,74,0
98,109,0
178,12,9.9
92,6,0
66,21,9.9
107,66,9.9
29,133,9.9
179,55,0
153,43,9.9
87,191,9.9
69,40,0
124,80,0
45,51,0
179,11,9.9
158,197,0
37,139,0
118,183,9.9
181,32,9.9
144,128,9.9
161,96,9.9
114,185,9.9
86,90,0
130,60,9.9
41,13,0
143,94,0
89,115,9.9
123,78,9.9
56,108,0
192,78,0
44,147,0
42,104,9.9
129,104,0
65,76,9.9
178,131,0
19,199,0
140,63,9.9
39,49,9.9
133,116,9.9
141,19,0
49,38,9.9
197,92,9.9
2,160,9.9
183,134,0
124,147,9.9
35,131,0
46,158,0
47,40,9.9
89,197,9.9
195,126,0
5,148,9.9
107,111,0
13,190,0
196,87,0
177,124,9.9
51,69,9.9
104,41,9.9
39,98,9.9
19,186,0
187,51,0
188,201,0
198,37,9.9
27,106,9.9
140,25,9.9
101,49,9.9
58,133,9.9
19,93,9.9
67,8,9.9
107,148,9.9
190,37,0
62,99,0
10,143,0
116,154,9.9
119,140,0
129,99,9.9
189,8,0
48,56,9.9
159,39,9.9
11,91,0
55,145,9.9
14,87,0
13,79,9.9
116,40,0
52,0,0
94,42,0
62,157,0
192,68,9.9
176,93,0
49,146,0
147,67,0
61,25,0
92,143,0
147,132,0
43,34,9.9
63,138,0
145,201,0
56,117,0
128,93,9.9
186,84,0
196,201,0
199,38,0
97,122,9.9
34,193,0
13,153,9.9
17,36,9.9
49,51,9.9
184,139,0
180,55,9.9
173,88,9.9
132,189,0
9,155,9.9
99,62,0
132,194,9.9
65,23,9.9
16,3,9.9
84,182,9.9
186,201,0
128,79,0
23,163,0
71,61,9.9
64,81,9.9
121,147,0
177,11,0
108,186,9.9
114,24,9.9
37,92,0
126,201,9.9
126,86,0
196,157,0
125,24,9.9
98,114,0
120,68,9.9
157,186,9.9
195,167,9.9
100,172,9.9
79,195,0
126,142,0
84,147,9.9
5,102,9.9
68,108,9.9
47,94,0
151,27,9.9
152,101,9.9
179,138,0
24,165,0
20,15,0
175,90,9.9
82,170,9.9
154,180,9.9
11,113,0
70,166,0
2,33,0
2,128,0
125,112,0
96,60,0
77,27,9.9
180,128,0
34,72,0
75,134,0
97,69,0
192,58,0
151,16,9.9
98,29,0
185,37,0
94,163,0
82,139,0
54,3,9.9
157,163,0
88,185,9.9
100,186,0
57,171,0
81,90,9.9
107,87,0
58,94,0
136,64,0
162,181,9.9
25,109,0
180,59,9.9
61,185,0
41,59,0
16,187,0
171,14,0
186,24,0
46,184,9.9
23,133,9.9
156,43,0
46,95,9.9
98,184,0
108,28,9.9
172,105,9.9
167,126,0
112,11,0
82,16,9.9
133,12,0
79,137,0
39,111,9.9
28,172,0
86,125,0
124,33,0
164,50,0
60,193,9.9
174,52,0
97,105,0
11,176,9.9
142,129,0
193,75,0
69,195,0
19,73,9.9
112,186,0
170,4,9.9
171,116,9.9
144,162,0
100,50,0
1,75,9.9
64,48,0
120,109,0
147,144,0
53,57,9.9
133,136,9.9
1,136,0
27,134,9.9
101,165,9.9
19,198,0
162,9,0
78,154,9.9
56,142,0
94,115,0
73,172,0
89,14,0
4,99,9.9
180,82,9.9
84,127,0
68,164,0
198,111,0
28,88,9.9
194,162,0
128,85,0
63,16,0
149,107,0
18,43,0
59,142,9.9
110,56,9.9
66,117,9.9
59,161,0
94,97,0
39,40,0
27,150,9.9
150,159,0
54,133,0
120,139,0
195,12,9.9
190,104,0
102,103,0
113,194,0
119,52,0
170,26,0
137,196,9.9
103,109,9.9
105,175,9.9
106,46,9.9
74,164,0
186,83,9.9
70,74,9.9
64,114,9.9
86,188,0
94,81,9.9
160,26,0
85,174,0
145,194,0
111,47,9.9
159,133,9.9
63,200,0
105,5,0
47,108,0
25,196,9.9
77,162,0
199,188,0
59,153,0
21,61,0
114,184,0
110,44,9.9
3,157,0
21,55,9.9
118,73,0
189,62,0
35,177,0
169,161,0
115,118,0
44,43,0
110,145,9.9
122,13,9.9
121,64,0
2,38,0
94,197,0
32,43,9.9
89,103,0
9,89,9.9
157,156,0
191,160,0
168,97,0
92,3,0
106,30,9.9
96,66,0
88,166,0
113,180,9.9
56,175,0
142,126,9.9
153,115,0
164,20,0
5,126,9.9
170,145,9.9
189,153,0
174,18,0
98,108,0
13,86,9.9
90,165,9.9
96,50,0
167,101,9.9
166,161,0
12,136,9.9
74,183,0
37,112,0
193,37,9.9
156,55,9.9
49,79,0
152,10,9.9
67,70,9.9
102,126,0
37,36,9.9
109,25,0
137,127,0
167,153,9.9
154,173,9.9
108,111,9.9
109,14,9.9
57,56,9.9
62,34,9.9
101,130,0
151,79,0
31,32,0
85,39,0
82,57,9.9
125,197,0
110,84,0
72,156,0
77,184,9.9
155,196,9.9
72,47,9.9
184,178,0
10,58,9.9
20,156,9.9
129,144,9.9
188,168,0
11,36,9.9
107,26,0
11,18,0
128,181,9.9
160,74,0
161,130,0
77,123,9.9
98,13,0
55,167,9.9
119,138,9.9
41,92,0
156,153,0
22,10,9.9
171,147,0
30,121,9.9
80,113,9.9
150,5,0
41,33,0
129,143,9.9
26,161,9.9
76,177,9.9
106,106,9.9
3,153,0
153,35,0
119,100,9.9
88,129,0
22,19,9.9
163,153,0
44,25,9.9
190,4,9.9
118,125,9.9
59,46,0
27,74,0
199,63,9.9
124,183,9.9
17,186,9.9
110,152,9.9
156,25,0
39,28,9.9
152,166,9.9
19,100,0
193,32,0
26,42,0
65,115,0
161,48,9.9
162,141,0
171,122,9.9
121,102,9.9
102,12,9.9
2,77,9.9
172,146,0
134,185,9.9
49,25,0
119,132,0
61,116,0
10,136,0
98,103,9.9
169,16,0
73,171,9.9
53,68,9.9
29,114,9.9
38,162,0
121,59,0
108,197,9.9
150,112,9.9
66,16,9.9
40,126,0
95,144,9.9
116,169,9.9
100,120,0
174,110,9.9
44,169,9.9
182,170,0
11,125,9.9
1,80,0
173,13,9.9
153,158,9.9
157,179,9.9
8,54,9.9
142,132,9.9
162,88,0
113,200,0
82,44,9.9
131,121,0
187,19,0
117,198,9.9
16,81,0
135,23,0
87,20,9.9
84,179,0
180,141,9.9
112,94,0
78,130,9.9
137,163,9.9
6,2,0
73,70,9.9
48,156,0
100,92,0
46,123,0
135,28,9.9
75,65,9.9
198,187,9.9
128,151,9.9
19,141,0
64,133,9.9
95,169,9.9
183,148,0
154,96,0
57,159,9.9
70,164,0
125,97,0
138,42,9.9
24,114,0
49,162,0
81,55,9.9
20,171,0
39,148,9.9
142,85,0
117,72,9.9
61,188,0
33,124,0
118,77,9.9
109,46,9.9
24,51,0
43,12,0
84,174,9.9
7,110,0
104,95,0
2,174,9.9
149,42,0
102,157,9.9
111,189,0
189,19,0
38,179,0
184,135,9.9
30,155,9.9
58,104,0
30,23,0
175,70,0
18,13,0
8,19,0
39,152,0
48,132,9.9
62,64,9.9
151,23,0
12,10,9.9
149,114,0
101,57,9.9
14,196,0
155,18,0
78,29,9.9
46,151,9.9
49,52,0
199,1,9.9
170,42,0
168,90,9.9
157,75,9.9
81,110,9.9
149,157,9.9
178,3,9.9
88,48,9.9
145,103,0
65,110,9.9
6,59,9.9
136,33,0
123,29,9.9
165,1,0
154,162,0
4,124,9.9
148,141,0
8,158,9.9
75,186,9.9
94,7,0
157,62,9.9
74,173,9.9
91,186,0
164,48,9.9
54,109,9.9
94,113,9.9
166,74,9.9
66,165,0
67,43,9.9
124,140,9.9
51,136,9.9
46,75,9.9
31,133,9.9
132,152,9.9
81,143,9.9
153,101,9.9
82,18,9.9
98,44,9.9
78,111,9.9
54,24,9.9
26,43,9.9
149,90,0
52,165,0
48,62,9.9
144,98,9.9
76,178,0
64,123,0
128,64,0
63,176,9.9
143,73,9.9
66,123,9.9
115,145,0
0,28,9.9
33,73,0
17,167,9.9
191,5,0
156,99,0
114,68,9.9
86,106,0
98,161,0
44,56,9.9
165,79,9.9
196,5,9.9
70,27,9.9
197,199,0
43,121,0
118,122,9.9
96,21,0
176,52,9.9
3,80,9.9
113,192,0
131,56,9.9
50,188,9.9
86,19,9.9
37,156,0
93,159,0
136,83,9.9
73,130,9.9
141,48,0
17,93,0
96,37,9.9
22,150,0
148,89,9.9
56,191,0
54,91,9.9
107,106,9.9
9,181,9.9
70,31,9.9
56,173,9.9
183,96,9.9
81,197,0
33,164,9.9
70,24,9.9
174,96,9.9
110,178,9.9
189,2,9.9
122,160,9.9
169,116,9.9
45,200,0
198,126,9.9
167,68,9.9
11,175,0
128,133,0
143,166,9.9
22,190,0
185,53,9.9
62,199,9.9
34,29,0
127,173,9.9
31,100,0
16,139,9.9
139,107,0
109,146,0
91,152,0
152,104,0
33,33,0
133,105,9.9
125,130,9.9
2,71,0
98,200,0
35,19,0
152,133,9.9
45,157,0
104,26,0
161,201,9.9
176,39,0
18,138,0
187,187,9.9
144,0,9.9
13,8,9.9
119,121,9.9
161,89,9.9
155,171,0
124,145,0
162,161,9.9
198,160,0
26,200,0
116,182,9.9
178,129,0
144,14,9.9
91,163,0
118,124,0
179,160,0
197,136,0
23,80,9.9
192,36,0
101,168,0
101,1,0
86,172,9.9
111,151,0
84,117,0
47,95,0
5,20,9.9
174,171,9.9
27,0,9.9
0,120,9.9
169,77,9.9
68,20,9.9
35,37,0
199,93,0
60,34,9.9
69,181,0
138,59,9.9
38,127,9.9
42,166,9.9
103,167,9.9
136,138,9.9
24,13,0
41,136,9.9
24,200,9.9
142,3,9.9
28,153,9.9
116,63,9.9
15,167,0
65,134,0
93,89,0
89,34,9.9
100,94,9.9
81,67,0
199,192,0
24,12,9.9
175,10,0
13,189,9.9
154,24,9.9
196,178,0
70,40,9.9
181,61,0
27,105,9.9
12,58,9.9
157,55,9.9
130,122,0
90,63,0
8,2,9.9
103,98,9.9
189,124,0
89,143,9.9
108,152,9.9
105,88,9.9
7,116,9.9
113,50,0
37,114,9.9
93,24,0
131,191,0
133,13,9.9
143,177,9.9
90,145,0
101,72,9.9
44,91,9.9
11,24,0
199,3,9.9
49,98,9.9
21,47,0
111,23,0
66,42,0
33,95,0
164,195,0
47,35,9.9
195,105,9.9
105,54,0
89,93,9.9
27,36,9.9
192,110,9.9
92,31,0
52,114,0
8,176,0
168,157,9.9
139,49,0
100,151,0
117,16,0
26,35,0
172,130,9.9
8,152,0
157,176,9.9
159,92,0
71,167,9.9
44,130,0
83,71,0
11,153,9.9
28,110,9.9
4,35,9.9
149,57,0
177,197,9.9
129,14,9.9
77,140,0
117,73,0
152,14,9.9
198,144,0
124,169,9.9
50,9,0
11,158,0
83,3,9.9
16,59,9.9
125,22,0
138,14,0
134,134,9.9
96,92,9.9
43,60,0
114,142,9.9
57,196,0
194,169,9.9
28,130,0
56,80,9.9
126,184,9.9
127,2,0
104,86,9.9
52,195,9.9
163,40,0
196,82,9.9
191,148,0
161,154,0
53,116,9.9
20,26,0
66,161,0
127,196,9.9
138,137,0
104,63,9.9
94,112,9.9
161,11,9.9
21,62,0
95,153,0
192,173,9.9
92,132,9.9
137,177,9.9
113,40,0
112,168,0
55,146,9.9
0,45,0
11,178,0
62,15,9.9
83,152,9.9
184,62,9.9
23,25,9.9
157,175,9.9
60,174,0
176,12,9.9
101,42,0
140,85,9.9
79,131,9.9
108,46,0
174,193,9.9
126,163,9.9
20,158,9.9
186,121,0
61,90,0
155,189,0
80,31,0
108,179,9.9
23,107,9.9
186,62,0
141,137,0
165,106,0
18,152,9.9
112,193,9.9
167,185,0
120,78,9.9
32,75,9.9
84,119,9.9
4,91,9.9
37,116,9.9
167,152,0
83,70,0
198,28,9.9
157,167,0
32,127,0
11,59,0
102,143,0
195,114,9.9
195,178,9.9
99,28,0
140,80,9.9
74,18,0
171,184,9.9
39,47,0
11,35,0
51,113,9.9
23,154,0
3,179,9.9
86,176,9.9
98,104,0
50,23,0
84,181,9.9
87,99,9.9
112,68,9.9
88,171,0
94,8,0
0,81,0
59,173,9.9
191,142,9.9
180,30,0
110,5,0
128,39,0
3,75,0
190,22,9.9
167,162,9.9
90,151,0
151,80,9.9
143,90,9.9
103,84,9.9
38,77,9.9
197,195,0
116,25,9.9
39,118,9.9
6,153,0
159,86,9.9
93,99,0
137,146,9.9
1,128,9.9
48,115,9.9
138,85,9.9
190,18,0
110,124,0
145,104,9.9
65,97,0
169,70,0
136,76,9.9
113,117,0
61,11,9.9
38,96,9.9
71,172,0
0,116,0
28,112,9.9
168,11,9.9
116,166,0
166,54,9.9
112,114,0
156,122,0
121,98,9.9
40,50,0
49,195,9.9
45,180,0
22,181,9.9
184,106,9.9
104,49,9.9
157,44,0
53,63,0
59,187,0
23,190,9.9
98,12,9.9
124,151,0
192,22,0
114,150,9.9
159,115,0
92,175,0
139,96,0
193,110,0
169,183,9.9
12,32,9.9
181,1,0
154,108,0
51,122,9.9
12,118,0
137,44,0
111,65,0
14,121,9.9
127,25,0
177,142,0
132,120,0
15,161,0
76,118,0
135,45,9.9
16,107,9.9
36,62,9.9
105,33,0
108,113,0
20,18,9.9
101,127,9.9
119,179,0
86,0,0
29,80,0
186,96,9.9
20,125,0
174,24,0
130,180,9.9
103,197,9.9
178,189,0
50,137,0
73,19,9.9
173,95,0
114,197,9.9
79,107,9.9
57,101,0
27,119,0
19,112,0
89,21,9.9
73,163,9.9
165,175,9.9
139,1,0
79,151,0
143,42,0
15,46,9.9
135,110,0
57,0,9.9
85,48,0
80,53,9.9
122,106,0
66,102,9.9
55,41,9.9
97,112,9.9
155,113,9.9
110,119,9.9
168,78,0
133,73,0
144,27,9.9
183,21,9.9
142,186,0
187,106,0
94,38,0
191,144,0
68,30,0
65,165,9.9
175,125,0
162,5,0
167,200,9.9
68,183,9.9
192,30,9.9
129,45,9.9
47,141,0
62,192,0
41,84,0
13,128,9.9
79,9,9.9
66,147,0
152,174,0
162,135,9.9
189,197,0
92,10,9.9
154,121,0
43,152,9.9
85,176,9.9
180,63,9.9
169,94,9.9
167,113,0
16,130,0
156,34,0
185,19,9.9
120,136,0
164,80,0
143,40,9.9
152,69,9.9
135,128,9.9
69,130,0
107,36,9.9
170,29,0
175,176,9.9
178,143,9.9
137,149,0
23,23,0
96,131,9.9
134,193,9.9
25,66,9.9
26,71,0
36,26,0
65,93,0
111,160,9.9
45,15,0
49,175,0
1,167,9.9
105,149,9.9
118,177,9.9
62,186,0
61,39,9.9
113,165,0
181,190,9.9
28,138,0
174,154,9.9
70,195,9.9
108,116,0
175,96,9.9
101,44,9.9
122,27,9.9
187,159,9.9
159,113,9.9
2,107,0
167,82,9.9
35,67,0
184,5,9.9
144,5,0
186,140,9.9
42,98,9.9
34,119,0
108,25,9.9
73,68,9.9
169,200,9.9
11,29,0
23,187,0
106,148,0
65,157,0
66,84,9.9
162,143,0
150,150,9.9
157,145,9.9
142,21,0
168,131,0
189,172,9.9
166,50,0
124,28,0
152,119,0
84,21,9.9
88,147,0
162,75,0
110,192,9.9
176,124,9.9
83,177,9.9
96,20,9.9
126,177,9.9
62,156,0
0,18,9.9
122,17,0
16,168,0
5,172,0
18,37,9.9
155,46,9.9
99,30,9.9
128,110,9.9
155,16,0
59,168,0
101,28,0
46,116,0
167,62,0
42,171,9.9
37,5,0
25,114,0
60,164,0
103,147,9.9
33,161,0
137,176,9.9
156,106,9.9
102,5,9.9
111,181,9.9
151,186,0
122,189,0
68,198,0
154,62,0
4,58,0
94,168,0
35,133,9.9
65,104,9.9
26,179,9.9
60,67,0
86,174,9.9
108,39,9.9
198,4,9.9
114,20,0
93,170,9.9
44,127,0
182,95,0
20,117,9.9
7,18,0
129,103,9.9
163,10,9.9
13,96,0
58,67,0
111,36,9.9
141,180,9.9
57,42,9.9
36,4,9.9
123,132,0
75,199,0
170,117,0
57,125,0
118,111,9.9
192,4,9.9
12,18,0
155,30,0
112,23,0
84,32,9.9
60,7,9.9
112,98,9.9
95,93,0
27,45,9.9
106,60,0
121,88,0
55,39,9.9
38,143,0
184,188,9.9
31,75,0
147,23,0
0,144,9.9
129,192,9.9
39,167,0
105,130,0
57,156,9.9
42,72,0
137,87,9.9
135,141,9.9
38,119,9.9
135,24,9.9
76,124,9.9
187,68,0
131,118,9.9
125,164,0
18,172,9.9
156,201,9.9
62,58,9.9
87,156,9.9
178,97,9.9
36,110,0
77,151,0
85,190,9.9
63,3,0
151,192,9.9
22,68,9.9
42,40,0
32,90,9.9
179,61,0
150,72,0
9,37,9.9
9,131,9.9
71,146,9.9
142,78,9.9
77,3,9.9
75,76,0
6,28,0
93,84,0
159,64,0
91,137,9.9
91,20,9.9
37,162,0
197,99,9.9
81,48,9.9
90,24,0
159,87,0
153,0,0
98,151,9.9
81,95,0
71,3,9.9
95,19,0
162,197,9.9
66,182,9.9
191,105,9.9
77,70,0
59,147,9.9
111,40,0
31,86,0
109,176,9.9
93,195,9.9
48,44,9.9
60,103,0
188,148,9.9
77,119,9.9
166,46,0
17,0,0
1,93,9.9
154,190,9.9
1,85,9.9
129,166,0
186,120,0
65,8,0
58,119,0
30,164,0
188,185,0
92,92,0
148,44,9.9
163,106,9.9
164,104,0
175,68,0
136,132,0
154,159,0
191,91,0
132,124,0
199,106,9.9
145,67,9.9
12,28,9.9
22,37,0
101,114,9.9
134,129,0
2,136,9.9
21,17,9.9
98,60,0
127,92,0
125,123,0
163,56,9.9
33,137,0
184,48,9.9
14,163,0
41,88,0
182,112,0
151,191,0
119,0,0
116,97,9.9
171,201,0
101,162,9.9
124,44,9.9
56,128,0
79,110,9.9
155,175,0
175,164,0
6,151,9.9
72,148,9.9
45,114,0
67,25,9.9
168,70,0
10,156,0
45,73,9.9
35,29,9.9
19,146,0
12,111,9.9
116,68,9.9
113,193,0
102,69,9.9
198,176,0
153,2,0
62,137,9.9
98,122,0
93,124,0
140,35,9.9
180,37,9.9
51,85,9.9
145,125,0
159,49,9.9
78,28,9.9
28,14,0
155,79,9.9
44,119,9.9
174,141,0
44,195,0
77,137,0
182,127,9.9
193,124,0
146,91,9.9
190,40,0
189,199,0
172,26,9.9
182,50,9.9
195,33,0
9,24,0
25,15,0
30,19,0
59,101,0
14,134,9.9
178,98,9.9
44,126,9.9
117,144,9.9
35,111,9.9
184,168,0
79,117,0
50,123,0
20,90,9.9
4,56,0
190,148,9.9
125,26,0
167,72,9.9
119,31,0
175,24,9.9
182,132,9.9
131,95,9.9
40,124,9.9
84,195,9.9
67,20,0
18,65,9.9
9,97,9.9
165,77,0
74,51,0
102,123,0
148,84,9.9
192,93,9.9
129,27,9.9
5,39,9.9
100,152,0
133,129,0
109,162,9.9
12,17,9.9
183,84,0
24,172,0
142,119,0
163,162,0
60,165,0
166,127,9.9
103,81,0
28,171,9.9
112,176,0
30,118,0
36,36,9.9
42,19,9.9
56,174,9.9
90,14,0
40,159,9.9
69,47,0
107,42,9.9
131,141,0
91,71,0
102,105,9.9
27,4,9.9
90,176,0
35,120,9.9
1,163,9.9
118,67,9.9
88,135,0
184,33,0
131,36,9.9
24,94,9.9
80,96,0
6,45,9.9
184,114,0
74,179,9.9
135,188,0
51,59,0
114,145,0
157,136,9.9
15,155,9.9
137,36,9.9
150,11,9.9
72,109,0
121,47,0
88,0,0
186,16,0
92,9,9.9
173,76,9.9
74,76,9.9
175,16,9.9
35,2,0
141,54,9.9
146,175,9.9
36,12,0
84,75,0
177,156,0
114,171,9.9
102,50,0
19,201,9.9
95,33,9.9
185,18,0
30,76,9.9
69,29,0
49,3,0
99,60,9.9
82,89,0
116,1,0
127,97,9.9
88,106,0
151,157,0
42,183,9.9
176,25,0
139,183,9.9
0,163,0
67,79,0
52,53,0
56,198,0
123,104,0
101,111,0
78,116,9.9
20,139,9.9
162,62,0
195,4,9.9
198,60,0
190,195,9.9
91,33,9.9
159,76,0
1,96,9.9
53,143,9.9
30,148,0
38,65,9.9
150,6,9.9
167,194,9.9
82,69,9.9
147,168,9.9
25,35,9.9
152,55,9.9
3,158,9.9
29,93,0
180,27,0
187,186,0
124,153,9.9
108,169,9.9
33,121,9.9
137,154,9.9
34,5,9.9
179,100,0
130,75,0
44,196,0
151,156,9.9
14,50,9.9
29,64,0
21,127,0
45,141,0
190,96,9.9
45,147,0
84,133,9.9
196,25,9.9
193,64,0
193,97,9.9
77,42,0
54,128,0
25,119,9.9
114,49,9.9
110,78,0
75,198,0
134,196,9.9
52,59,0
76,161,0
167,125,0
13,117,9.9
54,188,9.9
132,191,9.9
10,188,0
97,75,0
147,75,0
119,21,0
122,153,0
53,144,9.9
54,100,0
187,76,9.9
141,83,9.9
114,37,9.9
65,123,9.9
74,72,0
49,92,0
40,150,9.9
94,24,0
145,105,9.9
108,119,9.9
178,108,9.9
123,76,9.9
184,176,9.9
172,77,0
117,41,9.9
101,61,9.9
165,200,0
105,36,9.9
181,20,0
161,45,0
53,154,0
122,131,9.9
29,13,9.9
18,102,0
32,131,9.9
198,55,0
102,44,0
77,146,0
167,8,0
87,11,9.9
51,168,0
41,177,0
99,15,9.9
141,166,0
151,179,0
61,63,9.9
157,90,9.9
54,143,9.9
39,156,9.9
122,159,0
88,156,9.9
84,146,0
15,83,0
131,87,9.9
183,26,0
74,95,9.9
184,102,0
179,171,0
64,1,9.9
198,118,0
26,56,9.9
39,195,9.9
116,77,0
122,81,0
100,198,9.9
56,27,0
80,166,0
80,104,0
109,181,0
40,174,9.9
31,134,9.9
145,119,9.9
103,34,9.9
23,142,0
130,126,9.9
20,174,9.9
26,116,9.9
4,108,0
161,175,9.9
108,138,9.9
108,155,0
171,146,0
139,141,0
63,102,0
35,101,9.9
16,157,0
172,12,0
50,110,9.9
155,94,9.9
169,127,9.9
197,154,0
100,21,0
154,169,0
59,109,9.9
198,16,9.9
161,200,0
182,176,0
66,48,9.9
157,89,0
92,139,0
167,1,0
96,115,9.9
121,139,9.9
1,90,9.9
59,52,9.9
177,149,9.9
35,25,9.9
130,106,9.9
120,180,9.9
180,139,9.9
197,98,0
152,2,0
61,105,0
122,2,0
26,60,9.9
0,0,0
114,82,9.9
45,137,9.9
71,16,0
91,115,0
67,5,9.9
39,24,9.9
177,191,0
190,135,0
130,7,9.9
162,63,9.9
45,88,0
44,44,9.9
24,16,0
169,147,0
81,122,0
57,138,9.9
0,129,9.9
166,20,0
46,200,9.9
106,67,0
194,143,0
186,145,9.9
115,155,0
152,146,0
152,86,0
191,51,9.9
72,46,9.9
91,80,0
120,165,0
111,122,9.9
115,79,0
67,78,9.9
160,93,9.9
1,164,9.9
82,131,9.9
97,0,0
194,66,0
121,109,0
51,150,0
60,25,0
43,0,9.9
194,57,9.9
89,113,0
8,21,0
99,26,0
8,137,9.9
84,47,9.9
35,5,9.9
84,48,0
69,66,9.9
119,197,9.9
190,158,0
82,81,9.9
193,189,0
167,81,9.9
171,160,0
90,23,9.9
155,146,0
79,63,9.9
165,169,0
37,184,9.9
15,198,0
120,156,0
144,93,9.9
167,66,9.9
112,67,0
88,94,0
38,146,9.9
64,181,9.9
97,57,9.9
159,35,9.9
73,94,9.9
55,24,0
24,187,9.9
138,17,0
48,117,0
78,46,0
132,43,0
110,108,9.9
187,176,0
150,51,9.9
160,97,9.9
196,113,9.9
179,114,0
150,102,0
130,184,9.9
137,187,0
51,124,0
171,31,0
145,7,0
51,41,9.9
9,22,9.9
36,60,0
113,29,0
86,23,0
100,107,9.9
60,53,0
197,22,9.9
198,190,9.9
47,157,9.9
92,47,9.9
145,145,0
71,134,0
81,164,9.9
45,143,0
75,188,0
75,52,9.9
155,190,9.9
68,77,9.9
46,140,0
53,78,9.9
133,186,9.9
125,0,0
109,48,9.9
132,179,9.9
187,188,0
105,174,0
49,83,0
8,125,0
189,101,9.9
35,146,9.9
116,174,9.9
5,9,9.9
81,102,9.9
22,175,0
41,180,9.9
134,184,9.9
74,186,9.9
41,140,0
176,123,0
109,122,9.9
193,186,0
15,13,0
86,184,9.9
165,148,0
73,24,9.9
154,78,0
163,30,9.9
139,177,9.9
77,172,9.9
62,62,0
112,137,9.9
45,161,0
68,182,0
123,0,9.9
119,96,9.9
53,136,0
170,5,9.9
52,93,9.9
186,187,9.9
115,77,0
15,37,9.9
26,90,9.9
130,111,9.9
120,129,9.9
64,154,0
120,88,9.9
17,109,0
70,106,9.9
187,165,9.9
89,53,9.9
20,118,9.9
172,5,0
9,159,9.9
96,148,0
34,84,0
68,107,9.9
143,20,9.9
194,51,0
173,73,9.9
72,70,9.9
94,71,0
68,113,0
58,13,9.9
186,90,9.9
154,16,9.9
199,98,0
43,147,9.9
158,3,0
30,137,0
85,124,9.9
143,200,0
130,132,9.9
35,199,9.9
13,124,9.9
115,177,0
187,185,9.9
37,9,0
133,86,0
60,109,0
63,130,0
191,24,0
45,43,9.9
69,30,0
181,174,0
74,30,0
42,97,0
71,103,0
42,26,9.9
125,149,9.9
46,173,0
161,8,9.9
47,120,9.9
5,68,9.9
139,71,9.9
74,131,0
35,126,9.9
54,106,0
157,150,0
56,189,9.9
142,15,9.9
176,76,0
88,29,9.9
155,132,0
80,105,0
164,134,9.9
80,22,0
110,200,9.9
57,179,0
152,17,0
51,102,0
127,75,0
60,24,0
106,134,0
92,112,9.9
196,83,9.9
76,16,9.9
183,86,9.9
45,185,9.9
61,163,0
193,191,9.9
91,156,0
59,190,0
140,4,9.9
198,3,9.9
179,128,9.9
148,197,9.9
138,32,0
117,85,0
175,149,9.9
157,70,9.9
109,4,0
155,55,9.9
160,84,9.9
152,190,9.9
2,104,0
99,93,0
32,32,9.9
124,3,9.9
20,102,0
143,52,0
58,53,9.9
195,88,9.9
128,119,9.9
50,31,9.9
107,14,9.9
179,69,0
89,81,0
50,14,0
120,150,9.9
150,128,0
173,81,0
68,199,9.9
39,20,0
112,88,0
153,163,0
134,85,9.9
71,111,9.9
8,61,9.9
51,172,9.9
108,42,9.9
183,144,0
97,199,9.9
154,2,0
182,146,0
139,148,9.9
12,70,0
140,33,9.9
181,89,9.9
91,187,9.9
131,139,9.9
107,56,0
87,58,0
67,35,9.9
175,193,0
137,174,0
186,135,0
44,112,9.9
70,73,9.9
171,27,9.9
147,128,9.9
38,1,0
88,130,9.9
163,100,9.9
130,50,0
126,175,0
197,25,0
8,10,9.9
17,96,0
53,120,9.9
157,132,0
23,68,9.9
82,134,0
193,143,9.9
52,185,9.9
138,21,0
53,163,0
94,78,9.9
28,177,0
186,30,0
17,128,0
162,31,0
109,175,9.9
194,141,9.9
158,145,9.9
146,83,0
3,97,0
2,176,0
124,45,9.9
130,164,0
176,129,0
69,141,9.9
186,131,9.9
163,201,0
124,95,9.9
133,83,0
92,187,9.9
108,84,9.9
102,189,9.9
57,182,0
22,93,0
118,121,9.9
60,152,0
56,91,9.9
102,52,9.9
20,142,9.9
161,19,0
180,130,9.9
108,96,9.9
143,123,0
71,136,0
177,46,9.9
4,109,0
60,93,0
144,198,9.9
41,116,0
185,132,9.9
85,99,0
120,147,0
74,171,0
162,160,0
41,156,9.9
93,45,9.9
144,106,0
180,199,0
13,131,9.9
121,124,0
87,66,9.9
131,110,9.9
197,122,9.9
111,44,9.9
11,128,9.9
140,67,9.9
77,118,9.9
25,28,0
50,153,0
62,7,9.9
198,172,0
58,181,0
112,167,9.9
72,165,9.9
98,32,9.9
127,101,9.9
40,40,0
190,188,9.9
72,181,0
99,153,9.9
40,193,9.9
30,101,0
6,159,9.9
195,57,9.9
52,69,0
169,100,9.9
110,21,9.9
107,82,0
104,155,0
130,196,9.9
38,88,0
157,61,0
196,60,9.9
91,153,9.9
112,169,9.9
64,110,0
2,75,0
113,51,9.9
142,25,0
77,99,0
112,116,9.9
165,7,0
162,43,9.9
41,164,9.9
82,48,0
146,63,9.9
39,62,9.9
177,108,0
19,78,9.9
73,18,9.9
149,37,9.9
195,100,0
110,170,0
177,66,0
176,18,0
16,68,9.9
1,169,9.9
76,107,9.9
104,187,0
43,76,0
179,52,0
46,147,9.9
123,138,9.9
94,74,9.9
26,181,0
196,56,9.9
16,186,9.9
20,13,9.9
93,106,0
123,103,0
31,166,9.9
31,124,9.9
16,21,0
51,61,0
29,77,9.9
185,43,0
99,197,9.9
47,178,9.9
131,193,0
105,198,9.9
170,23,9.9
175,14,0
10,18,0
23,119,9.9
102,94,9.9
109,191,9.9
103,201,9.9
136,139,0
26,73,0
133,14,9.9
46,177,0
109,30,0
24,7,0
134,48,0
30,139,0
51,162,0
23,186,9.9
138,73,0
25,162,9.9
2,96,0
68,159,9.9
108,77,0
88,127,0
142,50,9.9
149,101,9.9
18,180,0
80,40,9.9
129,63,0
57,186,9.9
188,103,0
134,104,0
93,189,9.9
175,182,0
33,160,0
2,191,9.9
161,147,0
72,103,0
155,115,9.9
105,41,9.9
129,29,9.9
174,9,9.9
109,13,9.9
25,182,9.9
4,166,9.9
0,192,0
165,78,0
90,157,0
63,35,0
182,51,0
53,80,9.9
107,113,0
183,24,9.9
1,195,0
85,171,0
198,5,0
17,4,0
32,29,0
83,18,9.9
25,40,9.9
181,143,0
38,147,0
186,78,9.9
0,178,0
19,144,0
144,111,9.9
130,47,9.9
178,82,0
89,192,9.9
166,133,0
151,134,9.9
16,8,9.9
69,104,9.9
160,95,0
18,112,0
16,77,9.9
166,156,0
58,106,0
64,102,0
2,79,9.9
68,172,9.9
144,33,0
47,161,9.9
35,99,9.9
96,33,0
162,4,0
155,84,9.9
118,119,9.9
171,85,9.9
116,3,9.9
99,146,0
135,60,9.9
26,96,9.9
102,39,0
92,7,9.9
96,94,9.9
141,4,9.9
53,158,0
149,10,0
119,185,9.9
142,94,9.9
143,129,0
89,180,0
161,165,9.9
107,59,9.9
124,111,9.9
50,199,9.9
86,149,9.9
173,111,0
162,148,9.9
11,47,0
61,148,9.9
102,84,9.9
28,105,9.9
37,150,0
123,62,0
16,100,0
172,158,9.9
156,195,0
1,25,9.9
51,82,9.9
181,55,9.9
155,120,0
39,56,0
137,128,9.9
111,144,9.9
32,134,0
168,96,9.9
36,120,9.9
140,7,0
150,169,9.9
135,17,0
78,101,0
188,153,0
68,140,9.9
117,88,0
23,121,0
117,157,9.9
41,120,9.9
39,134,0
113,144,0
158,81,0
188,11,0
161,7,9.9
29,166,0
36,28,0
82,146,9.9
36,31,0
29,87,0
1,171,9.9
95,181,9.9
70,39,9.9
195,128,9.9
176,149,9.9
2,134,9.9
191,38,9.9
93,42,0
195,146,0
17,177,9.9
123,61,9.9
171,45,9.9
107,35,0
87,192,0
15,2,0
90,100,9.9
33,30,9.9
103,61,0
104,69,0
165,88,9.9
20,91,9.9
84,66,9.9
105,110,9.9
153,50,9.9
69,5,0
4,14,0
24,79,9.9
4,66,9.9
152,61,0
21,123,0
160,189,9.9
182,18,0
152,45,0
130,71,0
7,122,9.9
145,73,0
178,140,9.9
86,196,0
73,6,0
173,46,9.9
4,116,0
141,56,9.9
75,155,0
50,135,0
94,88,9.9
40,46,0
25,198,0
41,46,9.9
147,177,9.9
48,174,9.9
20,89,9.9
23,136,9.9
116,115,9.9
125,40,0
188,46,0
192,169,9.9
76,71,9.9
67,67,9.9
173,201,0
37,134,0
76,80,9.9
131,3,0
174,19,9.9
187,131,9.9
28,181,0
103,128,9.9
31,16,0
191,71,0
197,198,0
165,126,0
98,193,9.9
70,132,0
94,184,0
27,160,9.9
57,143,9.9
70,51,9.9
175,8,9.9
146,12,9.9
187,137,9.9
62,33,0
144,102,9.9
4,62,9.9
16,105,9.9
86,80,0
96,132,0
189,1,0
49,101,0
22,81,0
135,119,9.9
138,15,9.9
196,96,0
191,28,0
99,151,0
158,45,9.9
112,144,9.9
176,201,9.9
147,45,0
190,107,9.9
172,37,0
5,59,9.9
167,148,0
80,199,0
176,136,9.9
65,38,0
162,42,0
138,165,0
151,140,9.9
0,125,9.9
120,133,9.9
80,200,9.9
58,77,0
92,51,0
110,160,0
12,63,0
172,116,9.9
89,168,9.9
168,91,0
162,144,9.9
64,131,9.9
166,65,0
78,102,0
106,0,0
103,65,9.9
67,14,9.9
192,33,0
130,197,0
102,74,9.9
171,172,9.9
18,94,9.9
46,106,9.9
92,72,9.9
11,143,0
179,196,0
57,67,9.9
24,48,0
5,71,9.9
194,198,9.9
14,151,0
149,126,0
189,89,0
87,190,9.9
69,24,9.9
167,131,9.9
9,111,0
191,98,9.9
108,170,0
137,17,0
10,191,0
9,52,0
1,115,9.9
11,10,9.9
153,132,9.9
147,90,9.9
32,141,9.9
46,138,0
19,83,9.9
191,13,0
73,200,9.9
36,109,0
16,200,9.9
159,194,0
37,155,0
188,155,9.9
192,156,0
169,49,9.9
119,180,9.9
173,91,0
9,55,9.9
188,113,9.9
168,128,0
191,190,0
77,84,0
125,66,9.9
17,32,9.9
93,136,0
122,8,9.9
193,139,0
125,43,9.9
64,72,0
140,113,9.9
29,103,9.9
28,198,9.9
59,103,0
16,188,0
104,134,9.9
47,9,0
14,16,9.9
93,31,0
4,57,9.9
164,76,9.9
66,131,0
85,165,0
189,193,0
100,118,0
124,125,9.9
149,183,0
53,28,9.9
5,89,9.9
27,12,0
27,27,0
38,190,0
63,62,9.9
112,61,0
26,25,0
62,119,9.9
143,180,0
122,198,0
123,60,0
81,172,9.9
86,131,9.9
102,141,9.9
116,140,9.9
160,177,0
183,199,0
190,49,9.9
38,23,0
98,15,9.9
119,158,0
85,29,9.9
168,1,0
189,52,9.9
45,66,0
197,151,0
102,145,0
105,135,0
160,132,9.9
0,12,9.9
188,74,0
115,130,0
119,116,9.9
154,58,9.9
143,86,9.9
122,67,0
92,176,9.9
27,31,0
190,87,9.9
97,173,9.9
175,25,9.9
114,2,9.9
153,182,0
77,158,0
46,168,0
24,3,9.9
23,175,0
22,12,0
23,191,9.9
20,130,9.9
175,148,0
56,121,0
147,64,0
49,53,9.9
147,134,9.9
188,123,9.9
62,28,9.9
69,175,0
70,84,0
47,181,0
175,43,0
71,122,0
155,38,9.9
78,191,9.9
148,160,9.9
57,117,0
33,35,0
142,2,0
146,76,9.9
11,103,9.9
142,10,9.9
5,150,0
151,138,9.9
1,181,0
183,162,9.9
116,98,0
185,12,0
89,6,0
182,198,9.9
86,9,0
189,107,0
41,47,0
121,73,0
174,167,9.9
14,7,0
164,5,9.9
22,47,0
28,11,0
67,191,9.9
104,188,0
25,100,0
14,95,0
126,192,0
175,186,9.9
87,14,9.9
64,170,0
108,140,0
67,36,0
8,37,0
122,89,0
119,123,0
170,30,9.9
60,182,0
9,96,9.9
120,75,0
10,5,0
121,13,0
114,120,9.9
46,3,0
2,6,9.9
86,34,0
185,153,9.9
65,10,0
105,77,0
131,72,9.9
39,186,9.9
160,141,9.9
43,111,9.9
170,88,9.9
88,152,0
183,94,0
66,184,0
145,170,9.9
40,123,0
149,138,0
57,46,0
188,131,9.9
30,106,9.9
129,199,9.9
81,179,0
141,2,9.9
188,80,0
146,44,9.9
36,179,9.9
86,20,0
119,188,9.9
194,88,0
145,3,0
138,1,9.9
133,163,0
5,10,9.9
97,80,9.9
39,117,0
86,73,9.9
40,170,0
114,42,0
19,131,9.9
181,86,9.9
73,149,9.9
174,4,0
188,125,0
117,20,0
12,72,0
66,13,9.9
9,194,9.9
94,137,9.9
97,83,9.9
44,123,0
11,73,0
137,138,9.9
2,112,9.9
177,51,0
0,150,9.9
122,114,9.9
174,132,0
74,121,0
20,54,0
2,119,9.9
89,4,9.9
177,7,9.9
61,58,0
112,76,9.9
30,20,9.9
194,11,0
115,20,0
4,102,0
121,72,0
125,122,9.9
72,189,0
33,31,0
56,58,9.9
97,72,0
106,120,0
117,99,0
167,102,0
117,26,0
86,96,0
30,150,9.9
108,9,0
15,26,9.9
90,29,0
55,184,0
117,166,0
124,40,9.9
10,36,0
150,91,0
190,201,9.9
180,115,0
2,178,0
128,165,9.9
148,123,9.9
149,25,9.9
19,132,0
188,41,9.9
36,128,9.9
41,65,9.9
132,82,9.9
97,86,0
128,104,0
74,20,0
198,153,0
107,40,9.9
154,27,9.9
110,77,9.9
128,187,9.9
193,201,0
6,100,9.9
195,140,0
93,2,0
107,55,9.9
30,46,9.9
150,84,9.9
167,110,0
92,121,9.9
186,139,9.9
36,43,0
176,132,9.9
169,162,0
183,177,9.9
99,86,9.9
32,92,9.9
177,75,9.9
107,180,9.9
112,53,0
140,48,9.9
131,194,9.9
193,76,9.9
77,166,0
61,3,0
21,42,9.9
74,59,0
142,62,0
161,77,0
196,30,0
180,13,0
173,15,9.9
120,91,9.9
173,184,0
98,183,0
75,161,0
4,193,9.9
192,84,0
185,93,9.9
106,27,9.9
66,170,9.9
23,20,0
161,34,9.9
12,131,0
54,80,9.9
74,137,9.9
26,114,0
69,107,0
8,18,9.9
86,109,0
96,97,0
143,187,9.9
136,45,0
32,56,0
118,175,9.9
167,114,9.9
196,58,0
26,164,0
6,137,9.9
38,83,9.9
114,11,9.9
108,88,9.9
124,39,9.9
169,6,9.9
7,137,0
73,39,9.9
42,135,9.9
184,191,9.9
52,120,9.9
119,60,0
36,183,0
43,2,9.9
164,118,9.9
193,7,9.9
174,138,9.9
10,119,0
130,8,0
30,73,9.9
6,71,9.9
170,58,9.9
58,16,9.9
52,105,0
147,107,9.9
196,200,0
51,32,0
131,102,0
105,10,0
65,180,0
144,193,9.9
182,20,9.9
113,36,0
4,77,9.9
150,131,9.9
47,1,9.9
101,171,9.9
27,60,9.9
144,116,0
10,71,0
88,17,9.9
192,32,9.9
192,122,0
0,6,0
12,182,9.9
88,35,9.9
148,109,0
85,75,0
65,84,9.9
174,48,9.9
182,75,9.9
151,118,0
174,120,9.9
88,87,0
103,70,0
4,198,9.9
100,188,9.9
93,100,0
135,32,9.9
27,163,0
70,121,9.9
107,173,0
167,173,0
61,164,9.9
11,146,9.9
39,102,0
75,61,0
90,185,0
6,187,9.9
127,141,9.9
196,40,9.9
136,31,9.9
3,114,9.9
144,25,9.9
164,171,0
168,163,0
29,69,9.9
159,30,9.9
12,151,0
154,172,9.9
173,123,0
148,104,0
91,134,0
167,175,0
85,79,0
187,38,9.9
27,38,9.9
158,120,0
26,44,0
16,36,9.9
129,78,0
177,2,0
162,127,9.9
192,129,0
135,86,0
75,42,0
8,149,9.9
187,13,0
54,25,9.9
21,99,0
56,99,0
46,113,0
108,40,0
81,1,9.9
176,188,0
178,191,0
58,82,9.9
189,190,0
180,121,0
53,149,9.9
9,116,0
21,190,9.9
44,37,0
180,26,9.9
64,200,0
108,112,9.9
40,22,0
48,133,9.9
44,97,9.9
22,161,0
52,155,0
108,164,0
112,183,9.9
131,168,0
110,37,9.9
186,99,9.9
167,115,0
110,167,9.9
96,55,0
29,53,9.9
145,175,0
77,125,0
156,75,0
84,51,0
1,150,9.9
42,75,9.9
181,98,9.9
146,194,0
183,174,9.9
62,90,9.9
150,184,9.9
104,64,0
164,62,0
108,98,9.9
184,13,9.9
148,20,0
56,118,9.9
61,123,9.9
190,190,0
81,106,9.9
110,64,9.9
53,96,9.9
194,193,0
121,126,9.9
191,189,0
124,186,9.9
171,46,0
162,116,9.9
82,65,0
25,165,9.9
122,48,0
117,79,9.9
112,132,9.9
117,90,9.9
184,165,9.9
66,153,0
166,121,0
123,44,9.9
190,176,0
137,91,0
145,198,0
76,97,0
180,25,0
40,107,9.9
183,170,9.9
92,167,9.9
109,104,0
9,28,0
97,152,9.9
26,151,9.9
8,73,9.9
46,14,9.9
162,27,0
95,106,9.9
85,159,0
57,193,9.9
60,184,9.9
153,198,0
145,4,9.9
4,103,9.9
129,20,9.9
63,189,9.9
170,134,9.9
55,144,0
103,162,9.9
6,103,0
166,27,9.9
181,70,9.9
74,176,9.9
4,76,0
13,115,0
29,70,0
119,74,9.9
77,152,0
88,177,9.9
76,25,9.9
98,57,0
52,154,0
84,110,0
56,103,0
60,126,9.9
18,32,0
173,137,0
172,91,9.9
173,146,9.9
182,133,0
40,155,0
16,33,9.9
135,161,0
83,79,9.9
123,54,0
191,34,0
81,135,9.9
39,157,9.9
129,55,0
142,131,9.9
188,102,0
17,94,0
102,147,0
134,15,0
123,175,0
95,166,0
57,29,0
91,86,0
183,35,0
9,73,9.9
170,52,9.9
147,200,9.9
197,86,9.9
152,34,9.9
92,163,0
100,142,0
127,183,0
126,19,9.9
43,16,0
82,122,9.9
100,10,9.9
158,19,9.9
191,112,9.9
47,106,0
161,173,9.9
66,22,9.9
140,91,0
50,85,9.9
94,167,0
152,84,9.9
18,189,9.9
101,94,9.9
118,179,0
82,11,0
109,88,0
34,57,9.9
198,200,0
183,118,9.9
144,167,0
108,125,0
16,28,9.9
167,107,9.9
49,166,0
29,47,9.9
107,166,9.9
81,79,0
116,20,9.9
163,15,9.9
164,184,0
173,42,0
24,162,0
15,122,0
150,154,0
180,71,9.9
160,120,0
168,164,0
180,129,9.9
132,16,0
152,82,9.9
56,116,0
151,180,9.9
169,9,0
24,55,9.9
196,142,9.9
79,61,0
59,9,0
193,2,0
136,36,9.9
31,147,0
117,145,0
37,194,9.9
7,55,0
18,129,9.9
116,181,9.9
3,197,0
192,94,0
66,156,0
123,2,0
170,12,0
54,42,9.9
113,83,0
142,158,0
67,166,0
149,128,0
115,168,0
187,172,0
54,163,0
44,174,9.9
106,112,9.9
27,79,0
192,185,0
68,151,9.9
93,150,9.9
113,107,9.9
107,140,0
184,18,0
153,143,0
116,153,0
173,197,9.9
20,112,9.9
34,14,0
142,20,9.9
186,69,0
151,17,9.9
71,177,0
98,63,9.9
106,103,0
108,38,0
142,96,9.9
184,143,9.9
141,159,0
151,184,0
121,115,9.9
73,174,0
23,41,9.9
163,57,9.9
114,94,9.9
153,145,0
188,47,0
17,51,0
61,81,0
18,74,9.9
78,51,0
17,201,0
12,142,9.9
88,201,0
126,39,9.9
130,29,9.9
167,140,0
192,28,9.9
76,12,9.9
30,144,9.9
169,120,9.9
81,86,9.9
71,126,0
166,151,0
85,105,9.9
74,35,9.9
65,169,0
39,82,0
37,140,9.9
35,75,9.9
167,171,0
173,77,9.9
190,39,0
160,99,9.9
17,90,9.9
151,1,9.9
144,166,0
8,150,0
37,135,9.9
30,114,9.9
121,45,0
163,138,0
49,181,0
95,119,9.9
81,140,9.9
6,80,0
89,121,0
117,176,0
25,95,0
9,20,9.9
21,103,9.9
190,114,0
33,25,0
197,134,0
61,91,9.9
129,62,0
160,2,0
150,109,0
24,32,9.9
144,148,0
42,127,0
109,143,9.9
9,109,0
43,164,0
115,133,0
64,116,9.9
45,91,9.9
106,199,0
21,85,9.9
5,179,9.9
78,109,9.9
1,110,9.9
100,167,9.9
99,178,0
157,9,0
84,143,0
189,173,9.9
181,147,0
85,2,0
122,46,9.9
18,4,0
121,58,0
43,122,0
68,42,9.9
5,146,9.9
168,160,9.9
100,80,9.9
10,44,0
143,65,9.9
40,41,0
133,47,9.9
39,96,9.9
198,154,9.9
56,130,9.9
84,78,9.9
141,28,0
122,95,9.9
138,81,0
110,24,9.9
12,173,0
109,149,9.9
1,135,0
70,95,0
197,27,0
2,42,0
5,75,9.9
47,69,0
11,199,9.9
106,154,9.9
149,53,0
189,96,9.9
64,109,0
97,76,9.9
196,144,0
36,91,9.9
62,14,9.9
62,146,0
62,150,9.9
70,156,0
36,190,9.9
41,174,0
26,79,9.9
150,88,0
107,196,9.9
114,93,9.9
6,152,0
79,124,9.9
42,113,0
51,94,9.9
152,183,0
87,195,9.9
157,12,0
144,173,0
9,87,0
157,120,0
107,13,0
185,178,0
21,79,9.9
164,85,9.9
165,55,9.9
125,48,9.9
128,92,9.9
170,195,9.9
83,56,9.9
72,113,0
173,189,9.9
30,200,9.9
42,131,9.9
86,108,9.9
183,146,0
199,13,0
67,74,9.9
105,92,0
134,162,9.9
107,101,9.9
158,143,0
3,48,0
199,95,0
30,112,9.9
160,18,9.9
196,165,0
59,53,0
0,16,9.9
140,125,0
191,90,0
50,75,0
23,19,9.9
158,1,9.9
152,26,9.9
63,26,9.9
110,91,0
143,120,0
120,10,9.9
76,24,9.9
50,25,9.9
167,186,9.9
31,125,0
49,141,9.9
98,9,0
65,145,9.9
48,128,9.9
110,10,9.9
47,184,9.9
98,77,9.9
29,94,0
193,157,9.9
136,26,9.9
12,57,9.9
95,191,9.9
180,168,0
0,108,0
124,58,9.9
15,0,9.9
14,64,9.9
144,145,0
58,109,9.9
99,79,0
21,38,0
97,12,9.9
197,178,0
43,160,9.9
125,134,0
64,76,0
62,173,0
13,67,0
155,80,0
172,104,9.9
109,31,9.9
150,10,9.9
122,35,9.9
80,187,9.9
107,63,9.9
175,153,0
145,108,9.9
143,0,9.9
3,62,0
14,109,9.9
140,123,0
104,65,9.9
40,83,9.9
111,90,0
142,105,0
171,17,9.9
105,64,9.9
100,65,0
98,165,9.9
22,136,9.9
45,5,0
173,89,0
40,10,9.9
118,114,0
22,87,0
143,149,0
100,35,9.9
29,82,0
43,46,9.9
179,1,9.9
172,10,9.9
196,17,9.9
54,191,0
142,47,9.9
193,121,9.9
51,175,9.9
182,31,0
52,68,9.9
190,75,0
91,92,0
98,164,9.9
97,44,0
31,115,0
77,148,0
31,159,0
132,158,9.9
109,86,0
158,109,0
112,109,9.9
133,8,0
158,179,9.9
98,16,9.9
189,111,0
51,6,0
199,56,9.9
38,115,0
147,41,9.9
56,150,0
58,176,0
81,64,0
168,201,0
5,109,0
61,172,9.9
163,148,9.9
38,40,9.9
54,165,9.9
115,121,0
119,33,0
28,133,9.9
81,9,0
176,94,0
109,184,0
64,32,0
32,130,0
8,172,0
160,201,0
169,143,9.9
103,40,0
82,71,0
153,114,0
43,71,9.9
56,39,9.9
146,169,0
51,135,0
162,156,9.9
142,127,9.9
17,156,0
169,34,9.9
199,9,0
68,94,0
98,155,9.9
66,148,9.9
120,9,9.9
95,23,0
122,71,9.9
166,178,9.9
86,42,0
194,121,0
70,79,9.9
17,66,9.9
5,132,9.9
152,43,0
37,29,9.9
168,63,0
15,1,9.9
155,192,9.9
118,86,9.9
5,96,0
16,86,0
94,68,0
142,67,0
187,46,9.9
122,191,0
39,52,9.9
136,194,0
178,130,0
158,132,9.9
33,70,9.9
61,49,9.9
18,70,9.9
89,2,0
14,150,9.9
103,114,9.9
58,4,0
10,90,9.9
144,181,9.9
2,100,0
11,79,0
36,156,0
196,104,0
31,157,0
107,193,0
197,71,9.9
91,141,0
139,142,9.9
137,1,9.9
39,90,0
138,98,9.9
96,70,9.9
197,152,9.9
17,56,0
23,28,9.9
13,57,0
58,157,0
147,33,9.9
148,45,9.9
113,147,9.9
102,104,9.9
3,11,9.9
56,20,0
148,93,9.9
89,69,0
188,158,0
30,156,0
80,100,0
174,7,0
171,4,9.9
73,160,9.9
136,126,9.9
63,61,9.9
139,24,0
160,193,9.9
15,50,9.9
51,198,9.9
87,54,9.9
168,98,0
107,115,9.9
10,43,9.9
10,88,9.9
33,11,0
25,155,9.9
163,192,0
160,156,9.9
187,30,9.9
31,179,9.9
154,49,0
150,83,0
68,2,9.9
68,117,9.9
55,86,9.9
45,121,0
157,180,0
19,17,0
183,185,0
11,9,0
151,148,9.9
59,136,9.9
186,40,9.9
170,7,9.9
67,102,9.9
91,63,0
82,110,9.9
125,166,0
23,201,0
39,153,0
71,41,0
70,50,0
35,160,0
56,179,0
107,46,9.9
178,102,0
141,25,0
113,23,0
162,104,0
33,94,9.9
26,106,0
14,4,9.9
62,17,0
196,141,9.9
164,82,0
110,32,0
67,42,0
184,170,9.9
26,166,0
30,16,0
180,136,0
8,62,0
198,35,0
27,69,0
139,37,0
2,161,9.9
148,147,0
15,177,0
126,91,9.9
1,49,9.9
92,90,9.9
105,163,0
81,129,9.9
33,103,9.9
108,174,9.9
15,79,9.9
145,153,9.9
174,17,9.9
30,33,9.9
139,103,9.9
20,25,0
52,103,9.9
78,108,9.9
122,118,0
2,49,9.9
82,30,9.9
103,60,0
127,47,0
48,38,9.9
80,45,0
105,189,9.9
154,99,0
3,43,9.9
72,20,9.9
22,66,0
6,61,0
156,174,9.9
153,122,9.9
116,58,9.9
4,34,9.9
85,36,0
174,194,0
51,141,0
106,179,9.9
5,78,9.9
135,10,9.9
179,26,0
67,107,0
132,155,0
52,57,9.9
97,71,0
156,107,9.9
156,161,9.9
42,60,9.9
179,94,0
135,1,9.9
123,23,0
103,64,0
72,64,9.9
52,56,0
174,101,9.9
24,54,0
88,55,9.9
85,76,9.9
23,85,0
44,129,0
91,185,9.9
153,151,9.9
141,152,0
48,4,9.9
135,138,9.9
45,98,0
63,183,0
147,124,0
171,113,9.9
112,38,9.9
165,28,9.9
49,191,9.9
150,147,0
19,64,0
97,145,9.9
189,103,0
15,78,0
101,120,0
39,143,9.9
167,191,0
181,166,9.9
124,165,9.9
62,178,9.9
122,32,9.9
1,43,9.9
84,109,0
20,84,0
30,62,9.9
40,1,0
73,108,0
199,138,0
68,100,0
57,95,0
30,116,0
128,67,9.9
65,111,9.9
55,138,9.9
34,43,9.9
138,196,0
85,195,9.9
152,147,9.9
121,42,0
13,2,9.9
149,58,9.9
138,150,9.9
141,172,9.9
70,120,9.9
49,182,0
54,74,9.9
133,32,0
136,182,9.9
142,166,0
134,57,0
33,16,0
7,97,9.9
127,68,9.9
190,91,0
11,52,0
8,159,0
135,98,9.9
73,95,0
28,151,0
174,148,0
197,182,9.9
117,18,0
134,13,9.9
87,172,0
54,28,0
126,168,0
94,178,9.9
178,85,0
48,154,0
48,185,0
88,155,0
136,23,9.9
165,177,9.9
70,102,0
45,48,0
42,201,9.9
148,23,0
45,9,9.9
125,139,9.9
110,199,0
77,155,9.9
141,134,9.9
10,97,0
90,76,0
40,105,9.9
100,109,0
49,168,0
199,183,9.9
31,10,9.9
36,15,9.9
70,36,0
126,154,9.9
95,28,9.9
65,16,9.9
185,136,9.9
56,106,9.9
118,163,9.9
29,91,0
14,47,0
150,52,9.9
109,139,0
90,137,9.9
2,196,9.9
161,174,0
155,25,0
93,118,9.9
129,110,0
89,97,0
185,83,0
11,13,9.9
11,180,0
10,194,0
193,147,9.9
133,187,0
147,20,0
166,3,0
192,96,0
91,195,0
147,201,9.9
36,152,9.9
176,118,0
60,154,9.9
197,127,0
56,69,0
45,101,9.9
10,100,0
150,38,0
83,198,0
2,84,0
177,19,9.9
173,145,0
13,53,9.9
28,67,9.9
54,148,0
53,83,9.9
179,92,9.9
136,122,0
88,126,0
128,200,9.9
55,128,9.9
18,201,9.9
138,82,9.9
135,8,0
40,93,9.9
62,162,0
17,21,0
18,14,0
145,146,9.9
197,181,9.9
9,67,9.9
15,137,0
94,101,0
35,71,0
111,7,0
64,8,0
40,68,9.9
170,46,0
85,114,0
190,95,0
137,147,9.9
106,72,9.9
144,149,0
126,33,9.9
79,1,9.9
143,119,9.9
43,106,0
147,179,0
113,58,0
123,34,9.9
163,136,9.9
35,90,0
83,16,9.9
22,100,9.9
190,57,9.9
188,192,9.9
96,31,9.9
173,127,0
103,42,0
184,79,9.9
15,112,9.9
183,95,9.9
95,198,9.9
12,38,9.9
123,137,9.9
130,147,0
19,35,0
50,98,9.9
163,38,0
39,150,0
186,117,9.9
53,192,9.9
140,171,9.9
115,93,0
23,188,9.9
120,159,9.9
17,8,0
88,102,0
164,54,0
104,15,0
191,1,9.9
102,90,9.9
48,57,0
158,195,0
19,43,0
152,51,9.9
20,163,9.9
116,135,9.9
129,141,0
72,53,0
12,54,9.9
38,180,9.9
153,128,9.9
91,157,0
124,152,0
147,108,9.9
102,14,0
151,101,9.9
162,97,0
50,59,0
123,8,9.9
27,13,9.9
77,79,0
67,187,0
178,113,9.9
49,193,9.9
177,73,0
0,115,9.9
127,161,0
191,33,0
158,139,9.9
6,11,9.9
170,192,9.9
36,201,9.9
96,136,9.9
156,187,0
55,175,0
146,181,0
51,43,0
12,133,0
31,76,0
168,153,9.9
13,114,0
127,130,9.9
13,5,0
143,186,9.9
66,23,9.9
143,92,0
127,45,9.9
42,144,9.9
178,35,0
147,32,9.9
161,138,0
127,146,9.9
54,108,0
170,36,0
14,137,9.9
12,198,9.9
64,54,0
155,155,0
93,115,0
59,82,9.9
120,168,0
75,176,0
146,136,0
189,28,9.9
151,63,0
19,76,0
19,41,0
114,138,0
169,178,0
43,100,0
148,60,0
150,115,9.9
77,37,9.9
32,24,9.9
89,156,9.9
23,150,9.9
176,135,9.9
193,179,9.9
31,43,9.9
193,68,0
98,142,0
147,84,0
141,142,9.9
199,66,9.9
135,154,9.9
11,98,9.9
57,119,9.9
111,54,0
117,188,0
20,188,9.9
70,92,9.9
142,92,9.9
43,45,0
57,87,9.9
169,171,0
52,136,9.9
154,19,0
9,78,9.9
68,72,0
22,28,9.9
91,117,9.9
25,199,9.9
72,128,0
100,101,9.9
59,160,0
25,6,9.9
1,116,9.9
191,128,9.9
42,4,9.9
19,3,9.9
59,189,0
127,79,0
180,66,9.9
172,148,9.9
14,153,9.9
154,21,9.9
40,84,9.9
80,171,0
23,151,0
12,40,9.9
157,129,0
137,92,9.9
104,27,0
48,22,0
177,171,0
196,85,0
49,201,0
160,1,9.9
127,40,0
66,185,0
45,29,0
71,18,9.9
162,199,9.9
67,181,9.9
169,30,0
15,92,9.9
19,164,0
150,106,0
45,31,9.9
128,124,0
181,10,0
104,37,0
21,21,0
197,170,0
87,4,9.9
110,141,9.9
4,1,9.9
9,186,9.9
100,5,9.9
94,63,9.9
111,167,0
24,93,0
185,105,9.9
68,114,9.9
91,77,9.9
69,73,9.9
114,174,9.9
158,23,0
128,134,9.9
120,20,9.9
188,58,0
7,188,9.9
139,152,9.9
151,189,0
118,131,0
149,146,9.9
150,62,0
68,39,9.9
130,120,9.9
75,41,9.9
198,116,0
102,165,0
39,15,9.9
74,33,9.9
23,17,9.9
93,166,9.9
166,6,9.9
86,110,9.9
60,136,0
63,179,0
69,158,9.9
178,175,9.9
15,90,9.9
185,97,0
144,92,9.9
131,77,9.9
137,59,0
52,116,9.9
180,62,0
0,161,9.9
187,114,9.9
67,120,0
135,51,0
81,190,9.9
180,9,9.9
49,173,0
98,191,0
159,61,0
11,96,9.9
122,70,9.9
18,118,0
47,125,0
185,66,0
62,44,0
180,86,0
199,126,9.9
43,176,0
71,150,0
198,151,9.9
138,152,0
36,19,0
30,82,9.9
145,91,0
20,124,9.9
177,53,0
94,52,9.9
173,47,0
187,17,9.9
50,84,0
176,98,9.9
70,199,0
162,136,0
103,186,0
70,110,0
63,160,9.9
179,121,9.9
110,123,0
6,27,9.9
186,98,0
137,111,0
96,133,9.9
183,90,0
18,110,0
158,0,0
52,62,9.9
80,168,9.9
71,116,9.9
95,48,0
143,59,9.9
24,191,0
136,174,0
33,181,9.9
43,191,9.9
134,95,0
43,158,0
37,200,0
168,22,0
134,138,0
104,175,9.9
160,108,0
30,6,0
110,158,9.9
55,95,0
69,46,9.9
188,39,0
133,11,9.9
185,3,9.9
81,123,9.9
143,13,0
184,78,0
122,39,9.9
9,114,0
14,172,0
80,177,9.9
36,1,0
191,131,9.9
114,84,0
44,188,0
69,176,9.9
49,133,0
30,105,0
178,81,0
113,130,9.9
9,95,9.9
58,6,0
20,82,0
44,92,0
43,82,0
175,126,9.9
167,13,0
68,17,0
64,26,9.9
34,18,0
102,196,0
141,33,0
190,168,0
148,50,9.9
99,97,9.9
57,52,9.9
53,40,0
9,141,0
45,80,9.9
194,21,9.9
41,99,9.9
133,154,0
15,30,9.9
33,180,0
57,164,9.9
193,6,0
163,105,0
199,57,9.9
84,156,0
122,90,9.9
158,133,0
111,80,9.9
30,68,0
89,187,9.9
16,189,9.9
109,169,9.9
44,180,9.9
53,137,0
13,182,0
105,137,9.9
114,122,9.9
45,2,9.9
82,45,9.9
72,170,0
117,23,9.9
179,136,0
59,26,9.9
63,140,0
169,95,9.9
148,41,9.9
137,47,9.9
13,30,0
63,192,0
71,85,9.9
26,86,9.9
172,24,0
28,80,9.9
57,54,9.9
90,104,9.9
106,89,0
29,19,9.9
147,109,9.9
70,117,0
190,113,9.9
80,190,9.9
80,21,0
106,26,9.9
13,121,9.9
11,155,0
52,2,9.9
30,143,9.9
43,96,0
92,138,0
108,6,0
169,89,0
107,100,9.9
23,145,9.9
110,175,9.9
24,185,9.9
56,37,0
176,9,0
164,33,0
17,113,9.9
167,88,9.9
29,26,0
38,173,0
161,83,0
81,46,9.9
139,140,0
79,19,0
2,159,9.9
122,182,0
5,94,0
140,0,0
179,64,0
129,193,9.9
82,149,9.9
160,157,0
115,14,0
138,166,9.9
75,194,9.9
127,74,0
192,85,0
8,63,9.9
140,40,0
79,87,9.9
88,181,9.9
4,165,0
81,121,9.9
131,159,0
24,49,9.9
53,37,0
52,191,0
11,51,9.9
36,195,0
12,124,0
86,186,9.9
89,31,9.9
158,122,9.9
117,45,9.9
155,124,9.9
80,20,9.9
57,152,9.9
95,39,9.9
156,194,9.9
108,173,9.9
133,171,9.9
109,183,9.9
68,105,0
3,51,0
93,48,9.9
92,141,0
145,126,0
116,8,9.9
25,56,0
96,164,0
196,36,9.9
83,199,9.9
161,1,9.9
139,135,0
172,30,9.9
70,80,0
4,8,9.9
9,5,9.9
90,1,0
71,107,9.9
9,27,0
79,16,0
177,101,9.9
103,0,9.9
154,127,0
133,31,0
0,17,0
32,53,0
2,80,0
171,42,0
36,129,9.9
12,194,0
124,172,9.9
0,134,9.9
141,8,0
0,173,9.9
114,177,0
139,126,9.9
80,103,0
12,76,0
46,114,0
115,31,0
70,159,0
45,179,9.9
171,190,0
88,93,0
181,134,0
41,127,0
1,151,0
53,178,9.9
82,153,0
130,113,0
8,9,9.9
77,36,9.9
88,187,0
12,107,0
0,100,9.9
129,47,9.9
32,192,0
74,69,9.9
45,155,9.9
44,137,0
64,134,9.9
33,99,9.9
45,94,0
3,24,9.9
175,95,0
125,68,0
36,87,9.9
189,98,0
21,168,9.9
73,17,9.9
41,62,0
138,52,9.9
57,106,0
199,151,9.9
152,151,0
32,39,0
176,53,9.9
67,86,0
166,80,0
53,66,0
52,77,0
128,65,9.9
39,66,9.9
44,184,0
124,78,0
56,151,0
131,97,9.9
107,198,9.9
135,170,0
189,35,9.9
139,60,0
198,56,9.9
46,159,9.9
186,15,9.9
124,107,9.9
103,17,9.9
10,200,9.9
50,48,0
103,104,9.9
21,71,9.9
140,89,9.9
175,46,0
50,129,9.9
191,54,9.9
110,198,9.9
172,60,0
54,73,0
74,67,9.9
190,182,0
25,197,0
135,165,0
24,95,0
191,69,0
124,50,0
163,37,9.9
193,92,0
143,132,0
88,72,9.9
41,37,9.9
181,7,0
64,180,9.9
116,74,9.9
156,143,9.9
188,4,0
70,2,0
158,164,9.9
25,93,0
78,49,9.9
58,14,0
80,139,0
14,67,0
126,162,0
91,81,0
14,200,0
29,147,9.9
198,45,9.9
186,146,9.9
74,162,0
177,52,9.9
163,134,9.9
11,147,9.9
94,46,9.9
68,47,0
152,83,0
156,60,9.9
2,85,9.9
43,32,0
43,20,0
133,19,0
9,189,9.9
111,5,0
146,145,0
66,186,9.9
174,97,0
169,50,0
76,156,9.9
178,86,0
101,101,9.9
154,153,0
76,195,0
107,131,0
86,2,9.9
195,111,9.9
19,179,9.9
165,92,9.9
165,190,0
15,134,0
8,147,0
67,117,0
69,153,9.9
167,27,0
138,4,9.9
140,162,9.9
72,184,9.9
90,28,0
14,88,9.9
49,126,9.9
101,154,0
158,128,9.9
199,32,0
89,29,9.9
16,142,9.9
22,104,9.9
180,172,9.9
101,199,0
169,40,0
131,117,9.9
66,183,9.9
185,142,9.9
24,6,9.9
185,45,9.9
40,194,0
117,125,9.9
34,66,9.9
23,13,9.9
156,155,9.9
179,63,9.9
37,3,9.9
85,40,9.9
121,82,0
143,68,9.9
33,145,9.9
192,120,0
187,43,9.9
150,39,0
188,89,9.9
123,165,9.9
114,179,0
23,181,9.9
22,32,9.9
194,134,9.9
49,137,0
130,130,0
123,195,0
77,97,9.9
137,42,0
53,147,9.9
178,14,0
170,113,9.9
167,135,0
160,17,0
24,160,9.9
193,196,0
198,107,0
191,92,0
59,36,9.9
67,54,9.9
20,85,9.9
97,66,0
173,147,9.9
9,127,0
170,165,0
51,145,9.9
58,195,9.9
33,104,9.9
17,101,9.9
79,86,0
105,153,0
123,37,0
11,111,0
194,116,0
113,64,0
87,100,9.9
110,83,9.9
129,22,0
15,8,9.9
109,91,9.9
177,179,0
56,201,0
81,176,9.9
41,158,9.9
33,15,9.9
48,75,9.9
157,173,9.9
18,92,0
96,93,9.9
16,83,0
106,119,9.9
80,144,9.9
21,111,9.9
3,115,9.9
82,138,0
149,5,0
56,124,9.9
79,186,0
49,90,0
137,94,0
51,65,9.9
68,148,9.9
188,53,9.9
192,189,9.9
55,11,9.9
106,116,0
52,167,0
175,166,0
106,54,0
126,55,9.9
162,74,0
197,81,9.9
104,8,9.9
185,71,9.9
29,34,9.9
32,196,9.9
146,1,9.9
113,166,0
158,48,0
165,98,9.9
124,161,9.9
165,111,0
66,143,0
149,197,9.9
62,143,0
92,151,0
15,65,0
1,165,0
125,162,0
29,100,9.9
105,13,0
107,128,9.9
182,32,0
180,99,9.9
85,130,0
134,130,0
47,183,0
44,149,9.9
15,168,0
146,162,9.9
79,80,0
23,87,9.9
12,65,9.9
77,197,0
172,178,9.9
5,139,9.9
118,129,9.9
153,60,0
123,119,9.9
183,88,0
158,70,9.9
80,118,9.9
36,194,9.9
108,158,9.9
138,172,0
39,85,9.9
101,99,0
79,23,9.9
120,94,0
127,39,0
30,77,9.9
185,57,9.9
64,149,9.9
177,3,9.9
86,197,9.9
129,124,0
67,193,9.9
131,9,9.9
73,169,0
103,10,9.9
54,130,0
139,102,9.9
131,157,0
122,78,9.9
3,200,9.9
56,41,0
109,19,0
9,171,9.9
192,183,0
142,185,9.9
88,75,9.9
83,9,0
18,29,9.9
4,181,9.9
177,93,0
87,26,0
76,39,9.9
159,56,9.9
105,78,9.9
176,36,0
95,128,9.9
120,29,9.9
141,115,9.9
151,150,9.9
145,190,0
177,48,9.9
14,175,0
185,82,9.9
9,85,9.9
81,91,0
123,71,0
96,121,0
136,201,0
47,170,9.9
36,39,0
109,126,9.9
192,7,9.9
44,199,9.9
70,130,0
78,175,0
15,136,9.9
75,177,0
131,90,0
13,146,9.9
144,178,0
5,187,0
69,11,0
34,22,9.9
74,79,9.9
77,154,0
20,68,0
8,196,0
45,76,9.9
107,41,0
192,190,0
195,120,0
29,45,0
119,73,9.9
27,16,9.9
122,82,9.9
42,134,9.9
11,102,9.9
125,14,0
198,138,0
64,171,0
102,127,0
138,26,9.9
195,169,9.9
64,55,9.9
74,184,0
117,69,0
157,87,0
17,152,9.9
138,187,0
18,26,0
131,120,0
54,164,0
14,35,0
50,97,0
183,136,0
43,36,9.9
138,48,0
178,164,9.9
19,21,9.9
12,50,9.9
106,186,9.9
120,115,0
45,154,9.9
105,114,9.9
182,21,0
141,67,9.9
34,196,9.9
189,87,9.9
44,110,0
134,178,9.9
20,143,0
132,117,0
172,1,0
57,86,0
43,130,9.9
23,61,9.9
50,178,9.9
83,8,0
63,182,9.9
31,39,9.9
124,43,9.9
102,168,9.9
61,111,0
38,108,0
68,104,0
189,69,9.9
198,69,0
92,122,0
139,158,9.9
58,155,0
88,14,0
61,157,0
187,162,0
196,177,9.9
30,98,0
78,45,9.9
68,178,9.9
172,168,0
185,24,0
190,62,0
66,121,9.9
31,137,0
93,80,0
174,115,0
176,28,0
153,168,0
91,88,0
130,91,0
182,199,9.9
53,71,9.9
18,177,9.9
197,137,9.9
182,71,0
191,165,0
20,69,0
182,157,9.9
121,12,0
118,157,9.9
76,159,9.9
58,56,0
132,105,9.9
46,109,9.9
168,29,9.9
189,117,9.9
78,36,0
103,188,0
61,155,9.9
46,183,0
1,56,9.9
198,169,0
104,106,9.9
62,171,9.9
118,155,0
175,11,0
148,153,0
64,38,0
3,177,9.9
44,53,0
191,193,0
99,149,0
197,26,0
129,93,0
35,63,9.9
76,88,9.9
140,143,0
73,129,9.9
126,115,9.9
121,176,9.9
121,28,0
31,148,0
87,153,9.9
185,195,0
135,67,9.9
87,160,0
41,16,0
102,200,0
138,61,9.9
23,122,9.9
71,160,0
45,8,9.9
189,135,0
191,70,9.9
155,23,0
20,63,0
52,48,9.9
72,87,9.9
171,112,9.9
33,10,0
52,160,0
34,25,9.9
95,163,9.9
109,127,9.9
175,140,9.9
65,20,0
174,60,0
63,82,0
120,160,0
173,171,9.9
40,141,0
162,7,0
178,105,9.9
62,79,0
18,139,9.9
66,64,0
16,16,9.9
91,19,9.9
164,138,0
76,48,9.9
177,96,0
44,35,0
5,121,0
142,48,9.9
148,193,9.9
100,128,9.9
137,100,9.9
109,196,0
35,11,0
49,104,9.9
152,137,9.9
93,145,9.9
34,24,0
73,179,0
161,114,0
113,137,0
111,79,0
32,163,0
159,192,0
116,37,0
24,145,9.9
73,58,0
77,157,0
105,89,9.9
74,14,9.9
7,165,0
178,101,9.9
8,94,0
127,109,0
164,126,9.9
165,93,9.9
70,142,0
55,154,9.9
45,190,0
0,194,9.9
95,40,9.9
16,55,9.9
87,48,0
180,60,0
174,136,0
167,199,0
97,116,9.9
5,64,0
195,15,9.9
125,156,9.9
0,119,0
123,192,9.9
155,177,9.9
180,20,9.9
163,112,9.9
51,101,0
172,41,9.9
21,102,9.9
146,77,0
187,156,9.9
15,84,0
0,151,9.9
187,147,0
91,31,0
196,55,9.9
75,23,0
184,55,9.9
87,92,9.9
31,201,0
67,114,0
136,176,0
22,62,9.9
109,161,0
168,162,0
84,140,9.9
141,200,0
51,27,0
114,71,9.9
37,87,9.9
12,191,9.9
73,156,0
40,131,9.9
106,132,9.9
98,187,0
75,137,0
182,57,0
23,64,0
174,10,9.9
143,182,9.9
61,16,0
180,158,9.9
28,117,0
57,111,9.9
94,176,9.9
100,182,0
118,11,9.9
176,57,0
79,18,0
66,91,0
84,148,9.9
42,116,0
91,155,9.9
76,59,0
130,20,9.9
178,171,0
154,88,0
147,137,0
48,52,0
77,28,0
63,112,0
90,179,0
115,147,9.9
86,74,9.9
97,138,0
120,196,0
21,131,0
27,72,0
125,199,9.9
91,114,0
81,49,9.9
38,37,0
1,104,9.9
56,98,0
124,48,9.9
108,26,9.9
48,66,0
80,2,0
79,24,0
57,157,0
91,200,9.9
89,47,9.9
28,63,9.9
50,37,0
197,118,9.9
30,2,0
22,24,0
138,105,9.9
178,25,9.9
0,13,0
177,169,9.9
169,154,0
176,54,0
103,45,9.9
129,183,0
127,24,0
92,71,0
130,5,9.9
196,188,9.9
0,127,0
97,17,0
163,79,0
174,190,0
192,5,0
20,43,9.9
18,100,9.9
158,65,0
184,19,0
14,53,0
120,43,9.9
96,150,0
193,145,0
69,64,9.9
161,144,9.9
197,124,9.9
186,86,9.9
66,27,9.9
18,67,0
175,81,9.9
84,99,9.9
126,21,0
92,76,0
103,140,0
163,53,9.9
13,148,9.9
69,174,9.9
146,5,9.9
156,172,9.9
101,79,0
122,9,9.9
190,118,0
156,7,9.9
22,26,0
28,173,9.9
83,93,0
40,175,9.9
78,81,9.9
194,180,9.9
119,113,9.9
83,17,9.9
45,198,0
125,171,9.9
43,172,0
39,178,9.9
5,175,0
79,10,9.9
18,82,0
13,125,9.9
191,60,9.9
91,75,9.9
125,21,0
155,66,0
158,88,9.9
7,133,0
199,94,9.9
25,31,0
15,21,0
100,38,0
72,22,0
159,179,9.9
29,126,9.9
142,140,9.9
98,112,0
187,12,9.9
172,153,9.9
69,157,9.9
172,92,0
65,161,0
160,43,9.9
137,8,0
173,172,9.9
154,92,0
167,184,9.9
53,193,9.9
75,101,9.9
38,138,0
31,7,9.9
59,155,0
93,65,9.9
171,65,0
49,1,0
19,52,9.9
64,5,0
93,113,0
105,37,0
6,107,9.9
88,79,9.9
186,63,0
43,6,9.9
43,119,0
153,166,0
37,144,9.9
1,68,9.9
8,104,0
90,57,9.9
163,179,9.9
61,83,0
168,23,0
104,59,0
74,92,0
124,76,9.9
113,158,0
197,113,9.9
44,93,0
60,20,0
186,195,0
173,18,0
24,87,9.9
60,5,9.9
144,36,9.9
33,144,9.9
78,126,9.9
168,61,9.9
199,155,0
15,145,9.9
86,65,0
168,147,9.9
175,131,9.9
63,31,9.9
97,95,9.9
176,89,9.9
93,186,0
105,124,0
182,46,9.9
75,106,9.9
147,143,9.9
158,166,9.9
19,47,0
59,177,9.9
103,9,0
102,49,9.9
106,8,0
94,51,9.9
102,152,9.9
47,59,0
137,20,9.9
142,180,0
178,188,9.9
56,119,0
41,108,0
61,52,0
167,65,9.9
188,2,0
128,37,9.9
20,190,9.9
91,65,9.9
43,124,9.9
153,117,0
96,40,0
176,102,9.9
101,84,9.9
166,4,9.9
168,30,0
49,57,0
170,9,0
97,29,9.9
126,102,0
180,43,9.9
32,26,9.9
38,171,9.9
139,194,0
8,93,0
174,199,9.9
1,22,9.9
109,45,9.9
54,40,9.9
27,177,9.9
9,198,0
70,60,0
72,90,0
119,81,0
15,89,9.9
142,163,9.9
98,181,9.9
90,36,0
155,121,9.9
153,97,9.9
60,180,9.9
7,187,9.9
138,199,9.9
65,96,9.9
169,135,9.9
104,105,0
161,122,0
82,118,0
133,51,9.9
192,116,9.9
6,106,9.9
52,88,0
28,28,0
45,153,9.9
61,183,0
195,8,0
72,50,9.9
24,171,0
136,11,9.9
134,44,0
113,16,0
40,188,9.9
25,152,0
49,180,9.9
48,48,0
106,150,0
56,156,9.9
104,148,0
70,140,9.9
159,6,9.9
138,164,0
31,54,0
63,170,9.9
51,194,0
136,82,9.9
194,58,0
128,55,0
115,136,0
118,7,9.9
199,148,9.9
48,130,0
127,185,0
44,87,9.9
52,164,0
57,178,0
42,189,0
73,123,9.9
137,117,9.9
138,176,0
69,170,9.9
31,116,9.9
113,189,0
111,72,0
86,32,0
196,24,9.9
187,82,0
77,120,0
8,168,9.9
100,199,9.9
42,12,0
7,156,9.9
151,111,9.9
97,143,9.9
150,1,0
0,24,0
18,57,9.9
175,12,9.9
116,33,0
30,72,0
45,39,9.9
63,164,0
59,11,0
100,45,0
86,37,0
165,36,0
27,67,0
124,184,9.9
175,79,9.9
26,105,0
7,2,9.9
175,58,9.9
133,56,9.9
101,19,9.9
137,162,9.9
125,195,0
69,48,9.9
175,141,0
105,193,9.9
175,157,9.9
162,103,9.9
103,138,9.9
23,66,0
140,59,0
183,139,9.9
136,169,0
36,78,0
107,127,9.9
142,128,0
82,186,9.9
31,108,0
85,173,0
153,173,0
169,74,0
50,100,0
191,76,9.9
61,51,9.9
103,121,0
107,176,0
148,140,0
71,0,0
73,127,9.9
17,47,9.9
2,168,0
198,183,9.9
166,12,0
69,87,0
162,128,9.9
95,46,0
40,138,0
140,110,9.9
98,125,0
147,122,9.9
165,22,0
0,111,9.9
104,136,0
192,47,9.9
39,70,9.9
183,125,0
188,12,9.9
165,137,9.9
197,1,9.9
58,124,9.9
107,72,0
164,47,9.9
73,16,0
45,19,9.9
196,148,0
147,176,0
51,42,9.9
60,158,0
131,186,0
181,0,9.9
106,77,0
9,71,9.9
95,117,9.9
112,191,9.9
106,38,9.9
167,105,0
134,70,9.9
46,186,0
6,98,0
78,179,0
196,31,0
194,5,0
159,99,0
55,82,9.9
86,166,0
73,83,9.9
144,126,0
86,167,0
7,142,0
76,103,0
176,169,9.9
92,16,9.9
24,26,0
110,23,0
147,87,0
26,102,9.9
93,15,9.9
10,52,0
139,161,9.9
191,80,9.9
182,53,9.9
1,79,0
26,127,0
198,127,9.9
121,143,9.9
12,24,0
126,72,0
186,186,0
168,174,9.9
39,130,0
153,8,9.9
50,81,9.9
182,155,0
182,160,9.9
97,188,9.9
111,141,9.9
107,163,9.9
94,136,0
152,121,0
160,55,0
150,75,9.9
58,1,0
187,79,0
10,50,9.9
6,42,0
65,186,0
171,32,0
106,69,0
168,99,0
69,106,9.9
90,117,9.9
13,110,0
80,89,0
87,80,0
145,68,0
21,129,9.9
122,34,9.9
84,49,0
77,128,9.9
77,87,0
99,64,9.9
48,167,9.9
7,109,0
11,198,9.9
198,186,9.9
81,155,9.9
118,171,0
38,104,0
15,120,0
123,113,0
46,171,0
99,179,9.9
95,146,0
19,165,0
116,61,9.9
137,96,9.9
176,46,9.9
23,199,9.9
106,44,0
52,159,9.9
161,101,0
145,138,9.9
160,85,9.9
21,50,9.9
57,195,0
153,193,0
159,105,9.9
33,167,9.9
143,79,9.9
2,149,9.9
110,29,9.9
54,89,0
98,174,0
126,10,9.9
27,171,9.9
32,183,9.9
41,135,0
149,97,0
2,52,9.9
122,38,9.9
115,110,9.9
93,72,9.9
119,6,0
157,23,9.9
160,116,9.9
141,40,9.9
142,84,0
114,137,9.9
118,52,0
60,179,9.9
31,187,9.9
124,197,9.9
142,66,9.9
100,155,9.9
145,13,0
87,199,0
26,69,9.9
40,73,9.9
63,34,9.9
6,24,9.9
90,68,9.9
187,70,0
12,184,0
167,108,0
155,21,0
151,171,0
15,182,0
149,173,9.9
58,146,9.9
72,12,9.9
115,8,9.9
19,177,9.9
141,119,0
120,198,0
131,166,0
134,136,9.9
126,48,0
69,4,9.9
198,54,9.9
59,85,0
45,90,9.9
196,194,9.9
78,43,9.9
193,13,0
154,155,0
16,66,9.9
170,193,0
121,43,0
63,33,0
50,120,9.9
72,137,9.9
170,76,9.9
90,22,9.9
112,199,9.9
123,33,0
117,104,0
76,55,0
120,172,9.9
55,129,9.9
16,177,0
174,134,9.9
167,168,0
53,177,0
89,155,0
151,200,9.9
159,110,0
50,151,9.9
100,194,0
82,106,0
23,2,0
11,172,9.9
173,194,9.9
147,17,9.9
50,4,9.9
24,131,0
19,194,0
27,42,0
37,93,0
63,187,9.9
79,99,9.9
185,16,9.9
173,41,0
166,52,0
43,93,9.9
196,181,0
13,122,9.9
58,108,0
47,89,0
192,167,0
0,200,0
198,171,9.9
166,41,9.9
143,67,0
33,69,0
170,194,0
70,145,0
105,91,0
88,200,9.9
98,10,9.9
101,194,9.9
94,151,0
146,148,9.9
176,80,0
95,15,0
49,170,9.9
125,37,0
149,82,0
20,30,9.9
21,33,0
122,1,9.9
4,167,9.9
67,201,9.9
79,41,0
162,131,9.9
163,31,9.9
10,140,9.9
72,45,0
135,37,9.9
161,118,0
187,59,9.9
137,64,0
189,15,0
26,47,0
63,198,0
16,18,0
59,192,0
71,142,0
143,126,9.9
97,64,0
187,153,0
19,113,9.9
65,29,9.9
57,45,9.9
137,31,0
128,178,9.9
60,144,0
42,87,9.9
122,86,9.9
81,80,0
145,37,0
99,89,9.9
101,191,0
172,151,9.9
94,104,0
110,67,0
198,44,0
185,78,9.9
63,201,0
110,142,9.9
6,166,0
194,31,0
84,38,9.9
102,27,9.9
66,190,9.9
83,130,9.9
90,135,0
169,2,0
142,179,9.9
29,81,0
190,83,9.9
57,158,0
92,82,9.9
19,181,9.9
102,186,9.9
105,38,9.9
110,6,9.9
81,199,0
153,140,9.9
69,38,0
137,192,0
97,34,0
7,154,9.9
48,92,0
180,123,0
14,45,0
82,2,0
144,195,9.9
75,58,0
65,51,9.9
158,32,9.9
19,13,9.9
74,2,9.9
185,188,0
61,74,0
62,67,9.9
85,69,0
55,89,9.9
9,1,9.9
183,45,0
171,24,0
138,67,0
39,9,0
170,200,9.9
56,141,9.9
11,142,0
154,117,0
157,154,9.9
168,124,9.9
105,180,0
159,164,0
166,94,0
90,30,9.9
2,30,9.9
76,176,9.9
22,201,0
148,43,0
143,170,9.9
14,5,0
146,96,0
138,79,0
16,6,0
55,9,0
171,176,9.9
23,171,0
58,51,0
193,150,0
23,59,9.9
112,8,9.9
121,158,9.9
191,101,9.9
29,109,9.9
66,155,0
46,156,0
51,111,0
95,174,9.9
131,115,9.9
10,65,0
37,66,0
109,199,0
140,126,9.9
196,92,9.9
1,149,9.9
107,200,9.9
24,127,9.9
159,40,0
33,54,9.9
1,200,0
188,170,9.9
106,19,0
2,17,0
67,130,9.9
74,84,0
120,48,0
117,181,0
41,103,9.9
84,101,0
138,116,0
140,28,0
157,153,9.9
150,30,9.9
29,37,9.9
61,72,9.9
20,137,9.9
15,151,9.9
95,0,9.9
184,26,0
154,86,9.9
156,82,9.9
33,19,0
155,180,9.9
16,132,0
131,60,0
80,19,0
160,182,0
21,35,9.9
173,187,0
63,184,0
145,65,9.9
178,60,9.9
31,101,9.9
151,18,0
38,123,9.9
115,151,0
158,181,0
36,141,9.9
9,57,0
157,6,9.9
64,115,9.9
198,137,9.9
51,155,9.9
191,147,9.9
152,7,0
154,141,9.9
184,107,0
48,190,0
155,142,0
187,168,9.9
152,40,0
133,53,0
193,167,0
100,29,0
40,185,9.9
176,35,9.9
67,188,9.9
153,45,0
192,46,0
115,114,0
83,143,0
5,53,0
74,142,0
198,49,0
111,137,9.9
178,150,0
10,185,0
71,90,0
124,122,9.9
150,103,0
126,198,9.9
63,28,0
194,133,0
91,178,9.9
113,196,9.9
186,60,9.9
125,101,9.9
25,72,0
187,27,0
40,132,9.9
196,111,0
16,164,0
138,142,0
140,78,9.9
95,108,0
130,129,9.9
21,44,9.9
138,190,0
72,178,9.9
67,7,0
167,43,0
16,134,0
29,4,0
128,46,0
106,125,9.9
108,165,9.9
146,99,0
124,89,0
162,191,9.9
102,42,9.9
189,84,0
104,102,0
77,145,0
132,175,9.9
139,112,0
99,27,0
111,35,0
185,143,9.9
121,111,0
163,0,0
58,111,0
145,22,0
170,65,9.9
161,40,9.9
73,178,9.9
47,47,9.9
36,9,9.9
87,82,0
102,159,0
145,29,0
146,152,9.9
115,57,0
175,82,0
140,108,9.9
113,80,9.9
135,146,0
105,98,0
7,14,9.9
96,166,0
196,186,9.9
176,2,0
92,73,0
111,113,9.9
48,162,0
146,139,0
164,10,0
135,74,0
40,198,9.9
70,112,0
162,192,0
18,48,0
31,151,9.9
39,88,9.9
36,150,0
194,95,0
162,138,9.9
159,121,9.9
90,172,9.9
128,99,0
80,137,9.9
45,96,0
147,115,0
116,6,0
179,33,0
184,120,9.9
47,182,9.9
12,164,9.9
172,115,0
85,94,0
195,20,0
110,112,0
40,120,9.9
103,49,0
163,93,0
19,101,0
190,10,0
157,49,9.9
150,183,9.9
159,125,9.9
33,97,0
131,131,0
87,101,0
140,39,9.9
0,103,0
140,99,0
164,45,9.9
175,73,9.9
194,97,9.9
164,182,9.9
102,190,9.9
11,86,9.9
87,130,0
83,168,9.9
120,141,9.9
81,159,9.9
104,198,0
7,178,9.9
175,18,9.9
101,3,0
78,97,9.9
179,148,9.9
7,49,9.9
177,109,9.9
189,102,0
138,132,9.9
68,184,0
92,183,9.9
198,197,0
168,55,9.9
161,29,9.9
17,31,9.9
140,155,0
52,162,9.9
118,140,0
69,169,0
54,201,0
180,193,0
140,73,0
99,154,0
69,143,9.9
138,60,9.9
12,98,0
6,41,0
1,185,9.9
125,196,0
134,115,9.9
187,73,9.9
160,25,0
101,40,0
176,170,9.9
197,166,9.9
190,139,9.9
52,23,0
111,136,0
94,126,9.9
126,186,9.9
74,62,0
160,9,9.9
95,59,0
50,29,0
178,59,9.9
190,131,0
56,83,0
126,146,9.9
185,47,0
113,190,0
186,29,9.9
118,16,9.9
163,88,9.9
114,89,0
138,45,0
151,172,9.9
77,22,9.9
109,75,9.9
119,20,0
37,83,0
179,153,9.9
162,175,9.9
164,58,0
42,88,0
147,163,9.9
103,77,9.9
45,34,0
50,158,0
130,101,0
59,63,0
158,138,9.9
122,80,0
197,53,0
151,110,9.9
49,151,9.9
80,3,0
148,42,9.9
28,58,0
118,197,0
80,160,9.9
8,23,9.9
151,151,0
31,175,9.9
24,73,0
119,42,0
24,71,9.9
93,180,9.9
90,182,9.9
85,182,0
104,143,9.9
167,3,0
108,91,9.9
57,62,0
20,44,0
20,60,9.9
184,11,9.9
143,100,9.9
60,122,0
193,45,9.9
108,29,9.9
16,57,0
51,128,9.9
113,140,9.9
98,137,0
117,98,0
115,115,0
114,170,9.9
53,176,9.9
7,37,0
124,189,9.9
128,82,0
183,53,0
63,54,9.9
156,90,0
59,138,9.9
134,177,0
13,47,9.9
34,47,0
167,187,9.9
164,14,0
119,126,0
14,76,0
152,46,9.9
85,83,9.9
146,42,0
145,169,9.9
104,96,0
10,170,9.9
130,148,0
171,56,9.9
82,178,9.9
94,185,0
169,86,0
103,146,9.9
93,11,9.9
8,16,9.9
8,193,0
77,72,0
73,59,0
190,27,9.9
62,82,0
46,66,9.9
18,83,0
48,30,0
88,117,9.9
186,198,9.9
149,26,9.9
54,56,0
90,123,0
84,135,9.9
77,88,9.9
18,5,9.9
64,78,0
185,13,0
106,36,0
76,168,9.9
71,51,9.9
189,154,0
172,150,9.9
67,177,0
73,131,0
90,8,9.9
18,66,9.9
193,43,9.9
6,105,9.9
89,107,9.9
156,145,0
187,55,0
0,94,9.9
62,86,9.9
87,183,9.9
26,28,0
0,74,0
82,187,9.9
109,107,0
2,69,0
150,164,0
31,37,0
124,102,0
66,97,0
147,130,9.9
185,64,9.9
79,49,0
79,149,9.9
166,13,0
6,26,9.9
191,81,0
7,177,0
159,68,9.9
77,13,0
180,107,0
117,130,9.9
73,147,9.9
175,143,0
137,56,9.9
168,176,0
127,175,0
43,33,9.9
14,99,0
165,138,0
194,98,0
11,141,0
82,144,0
12,7,0
49,183,0
172,69,0
55,166,0
117,138,0
48,51,0
195,9,0
11,57,0
73,29,9.9
155,161,9.9
70,197,9.9
159,42,0
36,191,9.9
93,192,9.9
21,65,9.9
65,156,0
35,182,0
165,38,9.9
190,26,9.9
116,51,9.9
116,54,0
128,148,9.9
28,41,0
196,90,0
59,176,0
180,122,0
41,80,0
176,137,9.9
9,170,9.9
18,188,9.9
133,127,9.9
53,170,9.9
74,46,0
94,109,9.9
114,111,9.9
52,8,9.9
12,176,9.9
11,127,0
170,136,0
52,9,0
1,148,0
114,196,0
183,6,0
71,144,9.9
103,73,9.9
133,190,9.9
174,140,0
163,135,9.9
169,158,9.9
49,154,9.9
143,130,9.9
169,79,9.9
89,132,9.9
117,33,9.9
26,176,0
153,136,0
137,2,9.9
120,72,9.9
39,37,0
176,29,0
140,124,0
132,31,9.9
182,101,9.9
125,60,0
181,154,9.9
19,58,0
89,144,9.9
44,187,0
180,83,0
194,91,0
183,81,0
143,179,0
193,115,9.9
183,104,0
166,190,9.9
46,77,0
16,173,9.9
191,57,9.9
21,22,9.9
157,24,9.9
54,57,0
196,2,0
103,89,0
179,170,0
44,141,9.9
175,185,0
111,87,9.9
124,114,9.9
22,13,0
88,76,9.9
108,78,9.9
198,191,0
73,184,9.9
83,66,9.9
43,189,9.9
182,169,9.9
93,52,9.9
150,181,0
170,35,0
0,186,0
55,106,0
25,24,0
165,132,9.9
33,96,0
50,47,0
44,30,0
56,73,9.9
164,176,0
7,152,0
58,178,0
177,70,9.9
125,182,9.9
106,151,9.9
26,115,0
191,46,0
39,93,0
42,126,0
174,155,9.9
39,185,0
28,136,9.9
99,144,9.9
36,70,9.9
166,77,9.9
42,9,0
98,33,0
16,172,9.9
78,14,9.9
99,142,9.9
180,182,9.9
145,26,0
9,36,0
173,7,0
113,96,9.9
111,132,0
155,42,9.9
158,184,9.9
112,25,0
114,95,9.9
50,149,0
184,190,9.9
72,76,9.9
187,101,9.9
13,130,9.9
83,42,9.9
54,58,0
39,0,0
180,22,0
73,0,0
96,12,0
74,199,9.9
165,105,9.9
99,9,0
129,35,9.9
48,50,0
133,97,0
142,74,9.9
62,42,0
19,18,9.9
9,201,9.9
83,98,9.9
133,111,0
30,30,0
187,14,9.9
15,143,0
37,180,0
199,124,9.9
190,154,0
115,11,0
146,33,9.9
49,23,0
84,63,0
167,156,9.9
127,12,9.9
136,97,9.9
178,10,9.9
89,48,0
102,178,9.9
112,163,0
139,53,9.9
111,197,0
162,153,0
91,35,9.9
58,127,0
189,158,0
133,41,0
46,57,0
130,24,9.9
104,177,0
51,192,9.9
193,30,9.9
5,158,0
68,194,9.9
175,124,9.9
88,10,0
144,161,9.9
63,169,9.9
178,7,9.9
108,126,0
164,125,9.9
6,89,9.9
188,0,9.9
150,93,0
194,196,9.9
172,78,9.9
109,10,0
58,50,9.9
166,43,9.9
31,9,0
4,28,9.9
47,149,0
7,163,9.9
186,48,9.9
50,101,0
34,99,9.9
8,32,0
70,97,0
166,131,9.9
183,164,0
42,162,0
121,123,9.9
113,18,9.9
173,140,9.9
90,191,0
7,32,0
146,168,0
28,132,0
75,34,9.9
54,139,0
64,11,9.9
199,177,9.9
104,25,0
69,74,0
118,167,9.9
169,23,9.9
10,148,0
66,137,0
54,1,0
35,52,0
184,138,9.9
83,137,9.9
8,157,9.9
58,18,0
155,131,0
111,175,0
24,130,9.9
42,175,9.9
46,7,9.9
20,132,9.9
185,15,9.9
168,69,0
146,30,9.9
34,148,0
188,177,9.9
137,46,9.9
147,104,9.9
123,199,9.9
148,116,9.9
165,133,9.9
27,126,0
26,52,9.9
29,0,9.9
150,118,9.9
16,191,9.9
78,190,9.9
24,147,0
31,88,0
189,33,9.9
108,200,0
98,127,0
190,152,9.9
58,149,9.9
181,200,0
48,31,0
189,125,0
57,192,9.9
127,134,0
21,105,9.9
158,86,0
83,30,9.9
2,50,0
54,141,9.9
75,29,9.9
93,30,9.9
7,174,9.9
51,137,9.9
186,155,0
151,3,0
121,94,0
35,164,9.9
181,36,9.9
24,35,0
100,140,0
193,87,9.9
162,46,0
123,107,9.9
82,87,0
168,145,9.9
34,21,0
39,13,0
120,1,0
185,76,0
165,193,0
141,41,9.9
176,130,0
38,48,0
37,46,0
126,100,0
85,54,9.9
15,31,0
188,33,0
168,198,0
122,151,9.9
189,187,0
11,90,9.9
182,126,9.9
27,43,9.9
80,124,0
117,53,0
169,153,0
91,182,0
153,138,0
145,9,0
149,137,0
194,166,0
48,149,0
32,91,9.9
78,79,9.9
18,166,0
75,71,0
0,110,9.9
45,111,9.9
124,0,0
0,66,9.9
120,60,0
149,8,0
99,46,0
172,76,9.9
133,146,0
171,38,9.9
45,112,9.9
7,102,9.9
139,79,0
30,130,9.9
118,189,0
13,149,9.9
119,191,9.9
95,121,9.9
135,190,9.9
155,88,9.9
32,11,0
74,159,9.9
187,28,9.9
9,6,0
188,43,0
145,53,0
71,57,9.9
193,91,0
76,77,9.9
114,114,9.9
176,48,9.9
35,142,0
37,70,0
21,136,9.9
138,162,0
91,184,0
103,62,9.9
198,20,0
103,22,0
146,190,9.9
92,21,0
94,45,9.9
111,162,9.9
42,120,0
38,9,0
168,191,0
38,172,0
14,140,0
127,118,0
132,187,0
96,90,9.9
152,108,9.9
190,88,0
100,89,9.9
123,66,0
1,47,0
31,94,9.9
122,54,0
7,169,0
131,63,9.9
99,155,9.9
95,58,9.9
191,183,9.9
19,102,0
135,104,0
141,151,9.9
106,95,0
75,77,9.9
136,112,0
85,19,0
108,27,9.9
88,31,0
76,119,9.9
31,132,0
130,154,9.9
0,159,9.9
99,103,0
82,173,0
130,42,9.9
104,90,9.9
94,82,9.9
21,169,9.9
144,191,9.9
64,85,0
21,198,9.9
183,39,0
61,10,0
142,70,9.9
34,12,0
150,146,0
15,132,9.9
125,161,9.9
61,8,9.9
36,68,9.9
3,110,0
82,5,9.9
106,138,0
91,179,0
25,136,9.9
174,158,9.9
188,161,0
105,136,9.9
91,44,0
21,81,0
162,177,0
12,117,0
50,194,0
99,127,0
154,193,0
33,45,9.9
98,186,0
137,7,9.9
137,121,9.9
97,43,9.9
8,117,9.9
171,180,0
164,83,0
79,62,9.9
63,93,9.9
162,106,9.9
109,81,0
151,35,9.9
162,107,0
45,75,9.9
19,124,9.9
152,116,9.9
112,89,0
84,132,0
158,17,9.9
186,32,9.9
84,34,0
55,164,0
62,182,9.9
139,167,0
187,86,9.9
58,117,9.9
74,181,0
145,161,9.9
127,44,9.9
181,192,9.9
151,37,0
148,6,9.9
10,164,9.9
76,69,9.9
178,165,0
165,17,0
173,128,0
104,150,9.9
49,165,0
63,186,0
197,114,0
121,157,0
5,17,0
46,80,0
29,184,9.9
152,41,9.9
172,48,0
102,120,9.9
148,134,9.9
68,134,9.9
176,185,9.9
33,68,0
85,27,9.9
177,86,9.9
156,179,9.9
131,125,9.9
192,148,0
150,48,0
197,12,0
98,160,0
177,87,0
30,39,9.9
90,66,0
173,185,0
61,46,9.9
97,172,9.9
86,180,9.9
183,147,9.9
80,1,0
84,115,0
18,30,9.9
150,178,9.9
126,145,0
137,38,0
102,73,0
6,33,0
67,91,9.9
190,119,0
191,146,9.9
57,90,9.9
139,97,0
25,10,0
149,67,0
139,176,0
89,17,9.9
108,167,0
165,69,0
88,153,9.9
119,167,0
48,199,0
31,91,0
91,12,0
19,106,9.9
71,120,0
116,125,0
163,92,9.9
178,192,9.9
65,129,9.9
86,99,0
116,124,0
22,122,0
130,11,0
111,64,0
168,125,0
20,152,9.9
3,193,9.9
151,26,0
197,121,9.9
153,32,0
93,9,9.9
75,30,0
135,164,0
165,150,9.9
141,168,9.9
97,151,9.9
34,152,0
188,73,9.9
87,151,0
138,57,0
132,41,0
176,114,0
84,28,0
83,174,9.9
160,90,9.9
83,151,0
118,79,0
182,96,9.9
44,28,9.9
147,95,0
145,6,9.9
26,62,9.9
147,126,9.9
112,120,9.9
1,59,9.9
132,128,9.9
1,42,9.9
112,190,9.9
126,104,9.9
80,38,0
47,84,9.9
45,49,9.9
21,93,9.9
107,175,0
9,12,0
181,56,9.9
65,68,9.9
29,32,0
48,16,9.9
23,91,9.9
72,77,0
198,73,9.9
144,4,0
74,166,0
189,17,0
0,146,9.9
138,200,9.9
145,51,0
95,118,0
149,47,9.9
80,4,0
8,3,0
95,71,9.9
140,187,9.9
125,29,9.9
19,126,0
31,67,9.9
80,9,0
174,68,0
146,167,0
70,34,0
97,176,0
33,38,9.9
67,132,9.9
146,10,9.9
77,5,0
80,125,9.9
58,116,0
15,9,0
6,149,0
2,62,0
42,172,0
142,28,9.9
155,83,0
171,161,9.9
197,112,0
30,140,0
166,53,9.9
109,15,9.9
87,35,9.9
44,9,0
191,95,9.9
140,166,9.9
46,93,9.9
147,13,0
113,132,9.9
46,128,0
88,99,9.9
174,133,9.9
111,86,9.9
63,197,0
175,27,0
18,86,0
49,29,0
182,42,0
94,198,9.9
144,159,0
196,73,0
106,57,0
170,98,9.9
49,130,0
160,174,0
158,21,0
14,198,9.9
123,67,0
23,52,9.9
70,113,9.9
34,26,9.9
192,95,9.9
187,142,9.9
158,101,9.9
72,149,0
61,14,0
102,176,0
115,170,9.9
180,81,0
125,110,9.9
3,95,9.9
36,125,9.9
142,76,0
75,94,0
89,148,9.9
23,72,9.9
46,2,9.9
174,15,9.9
59,197,0
135,13,9.9
26,68,9.9
23,57,9.9
112,154,0
135,69,0
114,90,9.9
58,35,9.9
24,10,9.9
103,180,0
139,46,9.9
106,74,0
135,159,9.9
122,157,0
194,103,9.9
10,95,0
46,89,9.9
199,52,0
137,25,0
166,37,9.9
179,177,0
89,177,9.9
71,168,0
8,30,9.9
122,179,9.9
71,123,9.9
68,137,9.9
76,62,9.9
67,48,9.9
142,75,9.9
76,95,9.9
163,28,9.9
47,199,0
100,157,0
149,145,9.9
103,116,9.9
126,5,0
144,160,0
67,142,0
53,21,9.9
107,79,0
61,128,0
110,60,9.9
90,163,0
142,36,0
123,18,9.9
54,169,0
195,62,0
192,31,9.9
63,19,0
0,167,9.9
171,105,0
8,106,0
92,100,9.9
140,148,9.9
150,197,9.9
136,134,0
98,106,9.9
133,75,9.9
55,38,0
139,86,0
70,61,9.9
121,66,9.9
23,24,9.9
32,116,9.9
64,198,0
37,151,9.9
158,150,0
66,66,9.9
158,41,9.9
20,181,0
76,75,0
147,83,9.9
183,156,0
176,146,0
39,79,0
35,22,9.9
6,17,9.9
169,78,0
119,170,0
18,85,0
161,93,0
196,152,0
49,39,9.9
145,185,9.9
103,132,9.9
134,17,0
189,182,9.9
91,143,0
182,62,0
135,142,0
23,132,0
89,105,9.9
107,69,0
26,38,9.9
120,47,0
20,11,9.9
104,193,9.9
149,21,0
35,171,0
172,66,9.9
150,12,0
154,144,0
103,33,9.9
114,109,0
51,180,9.9
71,184,0
159,160,9.9
101,39,0
155,72,0
57,180,9.9
190,130,0
191,18,0
98,19,0
96,67,9.9
124,137,9.9
9,113,0
101,20,9.9
81,119,9.9
20,109,9.9
100,71,0
76,110,0
64,91,0
44,8,0
174,45,9.9
79,136,9.9
71,13,9.9
184,46,9.9
34,175,0
50,201,0
149,64,9.9
81,32,0
0,50,9.9
36,161,9.9
190,108,9.9
15,86,9.9
62,169,0
133,87,9.9
132,145,0
25,59,9.9
19,195,0
106,85,9.9
32,160,9.9
117,133,9.9
146,137,0
102,191,0
75,68,0
182,161,0
96,170,9.9
86,194,0
163,157,9.9
110,196,9.9
124,128,0
28,94,9.9
125,90,9.9
149,30,0
35,179,9.9
191,73,9.9
18,116,9.9
71,62,0
93,53,9.9
119,43,9.9
43,87,9.9
78,64,9.9
122,109,9.9
195,143,9.9
95,126,9.9
163,145,0
73,136,0
45,132,9.9
47,16,0
150,134,9.9
78,194,9.9
88,6,9.9
169,65,0
86,35,9.9
51,44,9.9
16,147,0
37,22,9.9
48,53,9.9
175,37,9.9
196,47,9.9
164,149,9.9
174,166,0
194,63,0
98,47,0
20,49,9.9
8,82,0
5,33,9.9
77,141,0
177,92,9.9
58,31,9.9
156,183,9.9
164,111,0
15,188,0
22,174,0
94,195,9.9
41,90,0
169,140,0
129,121,9.9
162,110,0
121,33,9.9
12,109,0
87,44,0
75,140,0
94,117,9.9
143,192,9.9
34,54,0
39,35,9.9
92,41,9.9
39,127,0
82,84,9.9
31,141,9.9
35,36,0
170,114,9.9
132,70,0
95,110,0
189,116,9.9
61,189,0
41,11,9.9
77,38,0
180,104,9.9
30,182,0
181,165,9.9
94,55,9.9
47,25,9.9
83,147,9.9
198,85,9.9
33,44,0
140,122,0
129,179,0
177,36,9.9
152,180,9.9
169,130,0
169,60,9.9
12,132,9.9
163,39,0
164,65,9.9
44,75,0
45,30,9.9
108,93,9.9
75,156,9.9
111,108,0
13,103,0
179,181,0
64,132,9.9
41,1,9.9
150,18,9.9
147,196,0
112,157,9.9
78,159,9.9
144,171,0
144,175,0
4,87,0
47,140,9.9
84,73,0
81,52,0
125,176,0
158,14,9.9
170,47,9.9
124,176,9.9
68,62,9.9
123,130,0
193,8,0
183,98,0
29,182,9.9
169,109,9.9
99,34,0
168,101,9.9
13,187,9.9
126,71,0
40,72,9.9
55,90,0
103,190,0
199,119,9.9
83,67,9.9
114,59,9.9
122,93,9.9
50,104,0
65,131,0
14,75,9.9
59,110,0
156,19,0
146,58,9.9
153,155,9.9
64,23,0
137,39,9.9
29,86,0
165,158,0
170,147,9.9
23,18,0
32,166,0
174,191,0
10,20,0
83,10,0
37,48,0
40,98,0
135,130,0
5,51,9.9
16,185,0
65,49,9.9
120,12,9.9
196,18,0
65,109,0
157,13,0
128,23,0
144,30,0
172,126,0
71,38,0
72,37,0
80,59,0
114,87,0
196,156,0
126,121,9.9
57,27,9.9
58,135,0
180,110,0
179,174,9.9
162,95,0
197,138,9.9
188,29,0
165,174,0
196,34,9.9
170,100,0
129,53,9.9
77,115,0
139,193,0
96,59,9.9
117,68,9.9
160,46,0
56,122,0
64,29,0
134,163,9.9
73,25,9.9
92,174,0
11,37,9.9
193,155,0
13,93,0
37,101,9.9
30,52,0
197,23,9.9
24,150,9.9
105,17,9.9
190,52,9.9
4,160,9.9
5,178,0
117,89,9.9
176,11,9.9
99,4,9.9
166,83,9.9
160,144,0
36,160,9.9
25,45,0
16,88,9.9
125,177,0
16,122,0
57,78,9.9
150,126,9.9
126,176,9.9
37,57,9.9
177,145,9.9
144,22,9.9
78,114,0
176,74,0
137,84,0
47,27,9.9
130,98,9.9
82,77,9.9
192,143,0
42,46,0
36,180,0
22,101,9.9
127,3,9.9
111,81,9.9
58,41,9.9
41,193,9.9
148,95,0
83,57,9.9
42,141,0
116,113,0
37,32,0
2,201,9.9
66,195,0
5,174,9.9
193,107,9.9
7,10,9.9
192,21,0
23,112,0
124,135,0
48,19,9.9
170,149,9.9
191,191,9.9
45,168,9.9
28,12,0
78,88,9.9
156,13,0
128,41,9.9
189,16,9.9
93,179,9.9
36,107,0
101,55,0
176,182,9.9
77,130,0
109,73,9.9
85,15,0
59,39,0
141,93,9.9
68,175,0
19,59,0
155,135,0
123,100,9.9
17,52,9.9
169,103,0
163,184,0
4,46,9.9
84,77,0
58,190,0
99,200,9.9
178,40,0
6,3,9.9
3,13,0
189,137,0
19,2,9.9
165,131,9.9
84,188,9.9
23,182,0
82,174,9.9
171,104,9.9
196,138,0
111,83,9.9
14,91,0
165,121,0
155,105,0
181,118,0
54,79,0
110,103,0
134,137,9.9
2,170,0
6,136,9.9
20,50,0
143,124,0
7,190,0
70,33,0
93,172,0
143,184,9.9
50,77,9.9
63,109,9.9
25,27,9.9
119,112,0
108,139,0
93,152,9.9
171,138,9.9
195,22,0
130,104,9.9
57,107,0
7,167,0
167,78,9.9
40,108,9.9
181,26,9.9
87,103,0
111,179,0
123,48,9.9
182,188,0
172,160,9.9
43,69,9.9
107,29,0
199,86,0
133,44,9.9
192,166,0
69,124,0
193,35,9.9
19,142,9.9
122,117,0
89,65,9.9
177,182,9.9
185,59,0
11,53,0
45,33,9.9
32,47,0
18,107,0
23,98,0
99,69,0
36,108,0
70,196,9.9
169,28,9.9
25,159,9.9
36,132,0
159,85,9.9
65,37,0
148,17,0
64,14,0
68,84,9.9
184,80,9.9
122,185,0
156,94,9.9
93,122,9.9
33,84,0
191,177,9.9
91,190,9.9
195,83,9.9
188,16,9.9
43,15,9.9
127,132,9.9
100,144,0
186,118,0
197,188,0
189,160,0
79,60,0
1,7,0
192,59,0
13,145,9.9
175,45,9.9
37,170,0
115,146,0
139,151,0
45,84,0
113,59,9.9
98,121,9.9
193,161,9.9
79,13,9.9
171,137,0
66,192,0
10,174,0
129,92,9.9
173,24,9.9
44,157,0
12,37,0
191,47,9.9
105,20,0
115,154,9.9
103,7,0
115,58,9.9
86,15,0
170,167,9.9
84,116,9.9
76,192,9.9
61,133,9.9
87,39,0
139,198,0
197,9,0
70,42,0
72,85,0
32,42,9.9
88,137,9.9
52,151,9.9
163,43,9.9
69,161,0
91,91,9.9
46,167,9.9
189,169,9.9
83,44,9.9
18,101,9.9
153,149,9.9
148,30,9.9
41,53,0
187,57,0
135,106,0
11,27,0
59,70,9.9
148,185,0
164,191,0
54,146,9.9
177,139,0
94,43,0
94,145,9.9
12,197,0
2,32,9.9
195,127,0
90,21,9.9
21,126,0
196,158,0
27,118,0
62,6,0
111,68,9.9
27,5,0
55,92,0
182,163,0
187,60,0
8,64,0
31,69,9.9
89,78,0
195,165,0
63,80,9.9
137,144,9.9
183,36,9.9
67,158,0
22,60,9.9
196,72,0
190,38,9.9
87,83,9.9
113,135,9.9
48,77,9.9
32,151,9.9
46,56,9.9
60,101,0
64,194,0
137,193,9.9
37,91,0
53,180,9.9
18,1,0
49,63,9.9
180,160,9.9
122,23,9.9
67,51,9.9
66,173,0
69,182,0
192,24,9.9
73,177,9.9
144,97,9.9
92,74,0
58,200,9.9
199,164,0
78,38,9.9
50,145,0
19,4,0
118,85,9.9
150,86,9.9
22,86,0
101,48,0
2,164,0
118,134,0
28,131,9.9
146,155,9.9
181,69,0
97,62,0
133,29,0
80,106,0
57,169,9.9
62,165,9.9
116,190,0
2,135,9.9
60,72,0
145,114,0
116,30,9.9
139,175,0
101,166,0
21,145,9.9
48,118,9.9
144,45,9.9
169,185,9.9
33,113,9.9
133,143,0
72,105,0
91,54,9.9
42,129,0
187,105,9.9
66,134,9.9
191,172,0
174,66,9.9
174,1,0
9,69,9.9
110,27,9.9
57,13,9.9
7,105,9.9
156,8,9.9
66,70,9.9
86,61,9.9
19,70,0
114,103,0
86,84,9.9
113,20,0
166,91,0
66,17,0
152,122,9.9
183,48,0
113,173,9.9
101,52,9.9
106,23,9.9
134,164,9.9
108,172,9.9
188,26,0
99,85,9.9
120,85,9.9
166,107,9.9
176,96,9.9
164,145,0
165,116,0
2,153,9.9
6,67,9.9
25,29,0
129,109,0
97,110,9.9
182,167,0
194,69,9.9
58,143,0
2,35,0
197,54,9.9
47,72,9.9
137,97,9.9
186,196,9.9
77,186,0
15,163,9.9
63,175,9.9
6,38,9.9
29,136,9.9
112,47,0
113,76,9.9
32,66,9.9
121,44,0
142,34,9.9
171,74,9.9
60,201,9.9
96,69,0
61,20,0
191,0,9.9
149,89,0
63,14,9.9
85,110,0
136,137,0
186,26,0
34,4,0
142,44,9.9
141,174,0
68,74,0
33,192,9.9
64,157,9.9
112,48,0
11,193,9.9
85,28,9.9
79,179,0
169,26,0
181,60,9.9
185,129,9.9
71,113,9.9
198,108,9.9
123,17,9.9
178,151,0
107,158,0
197,183,0
70,161,9.9
97,136,0
13,60,9.9
148,15,0
136,2,9.9
9,101,0
110,149,9.9
89,110,9.9
73,31,0
25,51,0
4,47,0
23,141,0
173,12,0
193,54,9.9
192,64,9.9
134,170,0
98,8,0
154,66,9.9
117,134,0
77,171,0
127,64,0
146,102,9.9
77,62,9.9
177,172,9.9
155,22,0
68,179,0
7,119,9.9
132,130,0
54,112,0
65,170,9.9
106,35,0
71,104,9.9
82,12,9.9
63,20,0
164,88,0
35,129,0
67,196,0
157,32,0
134,201,0
190,155,9.9
47,87,9.9
152,169,0
2,90,0
16,63,0
170,175,0
150,151,9.9
88,90,9.9
42,63,0
165,201,9.9
37,196,9.9
114,80,0
79,153,9.9
127,192,0
143,81,9.9
103,76,9.9
181,129,9.9
122,134,0
19,77,0
66,189,9.9
199,147,9.9
149,161,0
18,168,9.9
110,75,0
193,0,0
30,75,9.9
13,168,9.9
114,25,0
33,43,0
171,148,0
13,99,9.9
157,54,9.9
35,17,9.9
168,64,9.9
35,26,0
37,74,0
114,18,0
17,55,0
20,123,9.9
196,159,9.9
199,115,0
111,50,9.9
21,109,9.9
120,25,0
63,42,9.9
195,101,0
50,16,0
86,102,0
195,37,0
149,192,9.9
137,153,0
193,122,0
92,120,0
69,80,9.9
40,9,9.9
124,60,0
81,69,0
37,127,0
167,201,0
166,108,9.9
175,33,0
100,57,0
138,96,9.9
134,183,0
56,110,0
75,0,0
75,144,9.9
22,133,0
52,144,0
130,56,0
80,24,0
60,92,9.9
108,161,0
0,79,9.9
174,112,0
75,72,9.9
38,59,9.9
196,135,0
181,168,0
35,7,9.9
105,18,9.9
5,80,0
143,175,9.9
93,62,9.9
190,181,0
117,60,0
160,29,0
76,11,0
68,25,9.9
46,110,0
108,36,9.9
67,49,0
102,41,9.9
182,181,9.9
15,154,0
54,140,0
150,132,0
28,187,0
184,41,9.9
41,14,0
72,141,9.9
35,119,0
198,196,9.9
127,142,0
126,172,0
114,4,9.9
48,145,9.9
102,20,0
20,182,0
74,145,9.9
20,149,9.9
57,149,9.9
92,0,9.9
78,187,9.9
176,6,0
184,103,9.9
188,127,0
15,150,9.9
132,30,9.9
184,149,0
81,51,0
48,24,9.9
180,162,0
189,55,9.9
10,27,9.9
14,63,0
108,41,9.9
99,39,0
195,60,9.9
18,19,0
131,69,9.9
159,162,9.9
47,28,0
140,193,0
27,32,0
94,106,9.9
98,95,9.9
2,95,9.9
199,146,0
126,24,9.9
121,86,9.9
193,83,0
109,40,0
35,130,9.9
175,165,0
117,0,0
157,149,9.9
173,200,9.9
195,32,9.9
139,114,0
29,35,9.9
121,31,0
149,9,0
38,33,9.9
107,160,9.9
114,69,0
18,143,9.9
150,94,0
86,72,0
133,144,0
6,171,9.9
151,76,0
177,152,0
87,144,9.9
11,89,0
154,167,9.9
37,75,9.9
55,19,9.9
159,178,9.9
160,27,0
150,78,9.9
59,133,9.9
91,58,9.9
58,97,9.9
76,32,0
134,173,0
92,14,0
21,77,0
11,72,9.9
139,84,0
125,200,0
65,200,9.9
79,111,9.9
128,80,9.9
19,80,0
61,57,0
75,184,9.9
142,134,9.9
114,106,9.9
187,67,0
40,47,0
109,29,0
198,88,9.9
83,132,0
54,92,0
134,65,9.9
42,153,9.9
33,186,0
57,84,0
34,115,9.9
17,193,9.9
81,8,9.9
195,145,0
173,37,9.9
125,169,9.9
173,112,0
190,115,0
190,134,0
65,125,9.9
106,187,0
136,185,0
6,168,9.9
1,41,9.9
56,184,0
160,65,0
145,99,0
141,138,0
65,181,0
64,60,0
141,16,9.9
197,201,0
124,6,9.9
145,143,0
93,194,0
76,127,0
76,52,0
176,144,0
93,41,9.9
173,169,9.9
139,72,0
178,115,0
74,0,9.9
130,2,9.9
153,92,0
137,201,9.9
185,120,9.9
62,184,9.9
115,123,9.9
97,20,9.9
15,197,9.9
177,117,9.9
25,46,9.9
179,17,0
13,119,9.9
123,22,0
120,21,9.9
68,173,0
94,49,0
30,161,0
0,4,0
53,10,9.9
105,200,9.9
133,101,0
47,177,0
163,124,0
29,122,9.9
104,12,0
99,188,9.9
175,198,0
31,89,0
102,9,0
36,92,9.9
49,36,0
91,144,0
133,194,9.9
78,59,9.9
15,114,0
8,65,9.9
117,7,0
152,175,0
166,16,9.9
177,43,9.9
159,63,0
157,174,9.9
119,135,9.9
166,18,9.9
36,56,0
165,37,0
2,199,0
16,2,9.9
160,186,9.9
46,63,0
162,51,9.9
118,28,9.9
138,22,0
191,45,0
112,115,9.9
127,15,0
112,149,9.9
134,24,0
142,106,9.9
144,119,0
14,68,0
126,34,9.9
156,67,0
75,110,0
47,70,9.9
62,73,0
58,136,0
76,79,9.9
24,186,0
131,181,0
69,199,9.9
191,87,9.9
169,126,0
49,177,0
36,146,9.9
9,179,9.9
167,197,9.9
12,157,9.9
198,175,9.9
42,192,9.9
180,70,0
131,73,0
121,133,0
159,163,0
38,99,0
14,9,0
195,125,0
77,174,9.9
37,167,9.9
58,159,9.9
54,60,9.9
39,116,9.9
27,161,9.9
78,137,0
50,184,9.9
44,39,9.9
152,153,9.9
192,170,0
81,12,0
178,26,9.9
16,137,0
46,22,9.9
163,104,9.9
174,61,0
158,42,9.9
192,41,9.9
41,178,9.9
154,73,9.9
144,100,0
0,170,9.9
39,39,9.9
199,152,0
50,87,0
53,79,0
136,79,9.9
38,81,9.9
27,121,9.9
41,23,0
91,176,9.9
163,156,0
190,133,9.9
190,50,0
54,181,0
155,51,9.9
92,5,9.9
43,78,0
82,160,0
122,150,0
133,48,9.9
4,13,0
129,67,0
62,149,0
68,149,9.9
11,78,0
148,9,9.9
189,186,9.9
148,32,9.9
108,45,0
165,73,0
117,6,9.9
148,149,9.9
186,194,9.9
160,110,9.9
34,83,9.9
7,111,9.9
159,81,9.9
193,46,0
1,34,9.9
42,103,9.9
190,177,9.9
129,200,9.9
56,23,0
119,199,0
150,99,0
67,119,0
197,69,9.9
153,192,9.9
174,123,0
188,126,0
98,35,9.9
115,38,0
197,117,9.9
131,40,0
143,146,9.9
67,63,0
52,115,0
159,126,0
188,90,0
115,194,9.9
194,20,0
27,130,9.9
127,164,0
55,59,9.9
110,54,0
85,191,0
188,57,9.9
113,4,0
41,149,9.9
123,164,0
176,187,0
46,180,0
101,33,0
129,41,0
188,22,9.9
60,134,9.9
93,160,0
68,192,9.9
110,177,0
110,19,0
194,35,9.9
35,132,0
88,119,0
15,36,9.9
159,175,9.9
168,150,9.9
45,35,0
113,134,9.9
141,124,0
186,31,0
99,118,0
52,157,0
4,168,0
109,21,9.9
99,29,0
23,84,9.9
108,117,0
108,145,0
58,177,9.9
9,130,9.9
70,124,0
29,146,9.9
35,112,0
12,83,9.9
198,180,0
147,110,9.9
161,84,0
177,69,9.9
54,147,9.9
127,113,0
50,57,9.9
183,197,0
29,112,0
30,108,0
0,117,9.9
143,47,0
108,128,0
149,106,0
146,61,0
59,121,9.9
64,143,9.9
116,114,0
144,123,9.9
146,183,9.9
160,190,9.9
103,195,9.9
170,131,0
27,70,0
15,139,9.9
62,72,0
182,17,9.9
106,2,9.9
130,64,0
110,183,9.9
126,129,0
135,176,9.9
183,130,0
164,185,9.9
103,4,0
16,75,0
80,77,0
19,107,0
49,41,0
183,83,9.9
127,181,0
51,133,9.9
53,73,0
106,101,0
118,156,9.9
86,101,9.9
135,73,9.9
148,156,0
150,156,9.9
47,118,9.9
70,160,0
90,147,0
43,134,0
91,46,9.9
62,123,0
111,200,9.9
87,43,9.9
72,195,9.9
130,96,0
58,129,9.9
117,192,0
61,165,0
196,12,0
43,90,0
113,72,0
195,82,0
102,125,9.9
163,8,9.9
63,88,0
87,27,0
186,91,9.9
79,172,9.9
186,43,0
147,158,9.9
137,19,0
177,20,9.9
192,162,9.9
44,140,9.9
160,75,9.9
33,132,9.9
179,126,9.9
188,114,9.9
48,67,0
166,182,9.9
145,112,0
18,81,9.9
52,170,0
47,196,9.9
43,133,0
56,112,9.9
101,60,9.9
166,88,9.9
147,59,9.9
95,75,0
116,192,9.9
132,115,0
143,150,9.9
112,113,0
86,39,9.9
48,180,9.9
55,158,9.9
68,169,9.9
199,100,0
81,144,9.9
67,108,9.9
94,162,0
95,25,0
155,99,9.9
189,130,9.9
170,137,0
65,66,9.9
103,66,0
63,173,0
190,74,9.9
64,156,9.9
99,72,0
139,109,9.9
84,16,0
128,9,9.9
57,150,0
112,126,9.9
98,1,9.9
28,182,9.9
16,29,9.9
183,82,9.9
8,121,9.9
47,127,0
71,9,0
162,93,9.9
97,192,9.9
59,135,9.9
179,168,0
65,112,9.9
182,52,9.9
110,136,9.9
60,1,0
82,1,0
127,189,0
141,157,9.9
59,32,0
176,159,0
137,124,9.9
75,128,9.9
88,11,9.9
88,107,9.9
123,21,0
174,77,0
149,152,0
173,36,9.9
143,54,0
85,178,9.9
0,183,0
140,165,9.9
170,19,0
199,190,9.9
163,2,9.9
105,72,0
121,170,0
161,3,9.9
175,49,0
55,3,9.9
51,25,0
140,134,9.9
13,27,9.9
122,53,0
139,12,0
62,18,0
93,10,0
67,15,0
68,64,0
16,90,0
164,71,0
134,52,9.9
37,189,9.9
136,115,9.9
28,48,9.9
21,84,0
139,3,0
122,135,9.9
136,181,9.9
5,118,9.9
135,122,9.9
143,144,0
47,3,0
155,126,9.9
31,41,9.9
97,49,9.9
83,141,0
73,198,0
31,136,0
53,64,0
146,180,0
173,26,0
195,174,0
14,14,9.9
59,51,9.9
80,34,9.9
117,97,0
50,53,9.9
34,178,0
69,95,0
24,98,0
12,60,9.9
70,88,9.9
4,197,0
16,74,0
100,54,0
141,26,9.9
133,4,0
170,62,9.9
135,38,9.9
31,127,9.9
124,174,9.9
60,43,9.9
173,115,0
69,122,9.9
115,73,0
164,52,0
83,127,9.9
161,159,9.9
21,178,9.9
164,107,9.9
90,89,0
154,67,0
94,161,9.9
80,87,9.9
132,45,0
59,34,0
113,186,0
30,123,0
154,145,0
159,117,0
165,100,0
5,98,9.9
67,152,0
94,181,0
199,19,9.9
186,129,0
147,185,9.9
86,45,9.9
28,1,0
41,58,0
131,2,0
150,36,9.9
115,4,0
109,98,9.9
153,70,0
10,56,0
133,80,0
142,178,9.9
55,55,9.9
42,109,9.9
9,150,0
31,177,9.9
70,47,9.9
140,136,9.9
17,181,0
2,129,0
47,33,0
7,43,9.9
196,147,9.9
34,42,0
176,4,0
44,41,0
55,26,0
162,80,0
37,82,0
137,86,0
93,125,0
73,14,0
198,145,9.9
75,85,9.9
177,82,9.9
142,24,9.9
59,92,9.9
47,168,0
21,63,9.9
169,48,9.9
142,164,0
171,28,0
114,92,9.9
99,161,0
140,196,0
60,173,0
64,183,0
5,43,9.9
106,16,9.9
87,21,9.9
83,49,9.9
29,90,0
152,62,9.9
55,20,9.9
185,84,0
97,63,0
94,33,9.9
137,158,9.9
59,107,9.9
162,133,9.9
33,77,0
30,91,0
85,100,0
99,120,9.9
192,134,9.9
85,135,0
193,187,0
34,163,0
39,147,0
118,50,9.9
34,100,0
13,132,9.9
103,194,9.9
138,114,9.9
84,1,9.9
12,56,9.9
137,90,9.9
9,144,0
193,38,9.9
44,190,0
197,107,9.9
113,34,0
116,127,0
0,98,0
92,38,0
129,100,9.9
92,26,0
123,6,0
59,116,0
155,87,0
161,178,9.9
78,133,9.9
85,160,0
0,9,0
47,17,9.9
152,18,0
160,178,0
146,173,0
20,37,9.9
180,198,0
17,198,0
38,11,9.9
54,162,9.9
94,95,9.9
194,6,9.9
193,98,9.9
59,151,9.9
55,108,9.9
64,150,9.9
101,137,9.9
74,24,9.9
8,200,0
56,168,0
48,45,0
5,54,0
181,37,0
106,110,9.9
144,180,0
125,33,0
76,33,9.9
35,68,0
161,166,9.9
177,159,9.9
94,120,0
97,142,0
187,4,0
183,62,9.9
184,108,0
83,22,9.9
94,2,9.9
106,161,9.9
92,113,0
122,190,0
14,165,0
177,72,9.9
190,140,0
81,53,9.9
76,131,0
144,141,9.9
181,84,9.9
58,19,0
25,179,0
166,78,0
74,96,9.9
56,140,0
106,145,9.9
121,191,9.9
195,99,9.9
113,47,0
170,106,9.9
88,38,0
128,193,9.9
89,80,0
34,61,9.9
113,15,0
131,160,0
54,15,9.9
6,165,0
11,114,9.9
141,177,9.9
78,147,9.9
150,49,0
4,114,9.9
101,23,9.9
117,122,0
41,197,0
170,155,9.9
127,122,0
46,111,9.9
23,39,0
36,123,0
5,70,0
136,124,9.9
186,52,0
25,120,9.9
20,126,0
157,57,9.9
118,102,9.9
178,155,9.9
15,17,0
9,64,9.9
141,73,0
139,20,0
152,152,9.9
84,70,9.9
94,96,9.9
145,27,9.9
102,100,0
35,92,0
38,19,9.9
60,104,9.9
17,143,9.9
67,34,0
96,99,9.9
14,97,9.9
19,173,0
172,136,0
25,132,0
182,44,9.9
20,140,0
56,123,0
35,116,9.9
76,142,0
39,138,9.9
162,79,0
83,76,9.9
166,123,9.9
33,179,0
63,76,0
118,200,0
4,118,0
169,112,9.9
15,159,9.9
115,109,0
12,190,9.9
22,75,9.9
174,92,0
91,78,0
26,103,9.9
117,107,0
98,20,0
193,36,0
140,88,0
159,98,9.9
6,65,9.9
34,23,0
73,181,9.9
3,181,0
185,134,9.9
4,188,0
186,104,0
104,6,0
3,25,0
53,146,0
95,193,0
180,19,9.9
173,2,9.9
75,39,0
94,196,0
98,100,0
49,46,9.9
186,108,9.9
24,45,0
188,10,0
57,165,0
57,59,0
122,181,0
45,160,0
156,118,0
145,159,9.9
62,88,9.9
128,118,9.9
53,20,9.9
46,176,9.9
41,73,0
118,193,9.9
20,83,9.9
158,27,9.9
132,91,0
91,99,0
167,53,9.9
77,179,9.9
87,7,0
138,6,9.9
102,198,0
175,56,0
50,92,9.9
175,146,0
125,165,9.9
166,23,9.9
52,107,0
140,93,9.9
82,112,9.9
63,196,0
32,14,0
51,146,9.9
36,82,9.9
35,46,0
148,68,9.9
160,121,0
93,127,0
42,190,9.9
12,174,9.9
179,104,9.9
128,145,0
61,0,0
185,110,9.9
167,77,9.9
161,192,9.9
21,155,0
62,20,0
71,44,9.9
123,155,9.9
79,74,9.9
8,20,9.9
57,191,9.9
157,1,9.9
126,8,0
74,61,9.9
189,162,0
186,41,0
66,104,9.9
15,129,9.9
107,77,0
73,170,9.9
17,73,9.9
153,28,0
150,27,0
149,6,9.9
44,16,9.9
160,107,0
142,156,0
113,56,9.9
82,68,9.9
55,53,9.9
14,1,9.9
17,74,0
35,58,0
51,182,9.9
154,174,9.9
148,99,9.9
39,81,9.9
69,105,0
60,170,9.9
135,33,9.9
7,153,9.9
36,170,0
61,9,9.9
107,195,0
30,170,9.9
87,22,0
181,136,9.9
133,166,0
136,143,0
126,152,9.9
53,81,9.9
85,4,9.9
33,83,9.9
34,32,9.9
159,139,0
119,65,9.9
161,57,9.9
165,192,0
43,153,0
25,115,0
100,63,9.9
196,23,9.9
94,102,9.9
24,74,0
110,156,9.9
168,182,0
23,184,0
195,176,0
168,6,0
104,124,0
42,181,9.9
175,69,9.9
159,146,0
37,49,0
41,79,0
154,65,9.9
1,194,9.9
120,23,0
83,134,0
106,135,0
125,55,0
125,80,0
75,158,0
44,192,0
153,133,0
182,129,0
77,0,9.9
99,59,9.9
168,188,0
60,94,9.9
146,186,0
169,64,9.9
68,7,0
168,93,0
116,128,9.9
160,45,0
78,20,9.9
130,136,9.9
79,3,0
147,72,0
173,83,0
53,36,9.9
182,137,0
22,116,9.9
47,103,9.9
69,112,9.9
169,166,9.9
54,26,9.9
189,67,0
160,50,0
134,31,0
78,74,9.9
160,128,0
45,17,0
147,40,0
69,22,0
12,180,0
36,76,0
163,22,9.9
59,97,9.9
17,136,0
76,106,9.9
16,193,0
33,173,0
134,88,0
23,32,9.9
86,57,0
173,114,0
150,25,9.9
136,120,0
139,94,9.9
109,44,9.9
177,97,0
130,14,9.9
9,10,0
12,114,9.9
29,132,9.9
110,73,0
164,105,9.9
90,116,0
69,185,0
121,159,0
12,52,9.9
66,80,0
35,153,9.9
28,139,9.9
47,180,9.9
184,156,0
60,167,0
199,4,0
168,117,9.9
142,136,9.9
68,8,9.9
146,191,9.9
192,97,0
124,170,0
28,180,9.9
173,138,9.9
148,98,0
179,172,9.9
51,114,9.9
96,106,9.9
155,136,0
21,113,0
181,92,0
99,12,9.9
196,125,9.9
183,75,9.9
114,67,0
169,67,9.9
127,182,9.9
9,184,9.9
82,20,0
95,134,0
12,31,9.9
70,100,9.9
152,32,9.9
182,128,0
177,95,9.9
159,149,9.9
173,30,9.9
102,107,9.9
175,169,0
198,75,0
118,47,9.9
52,118,9.9
194,177,0
8,49,9.9
123,97,9.9
160,179,0
168,196,9.9
177,153,0
56,88,0
89,84,0
5,92,9.9
11,30,9.9
142,49,9.9
168,175,0
185,89,0
61,6,0
33,149,9.9
156,24,9.9
144,74,0
10,177,0
155,98,9.9
196,33,0
12,171,0
56,149,9.9
24,52,0
51,105,0
56,190,0
68,139,9.9
119,165,9.9
89,42,9.9
7,138,0
32,118,0
85,126,0
22,159,0
182,47,9.9
180,40,0
4,130,9.9
179,113,9.9
158,60,9.9
168,4,9.9
183,155,0
83,164,0
144,104,0
4,80,9.9
171,41,9.9
50,60,0
163,178,9.9
38,198,0
125,159,0
108,43,0
58,110,0
10,55,0
108,72,0
94,105,0
62,128,9.9
160,199,9.9
120,177,9.9
151,36,0
164,117,9.9
195,144,9.9
95,73,9.9
123,88,0
38,144,0
58,130,0
149,136,9.9
105,46,0
19,122,9.9
150,0,0
45,172,9.9
41,100,0
10,0,0
27,8,9.9
148,172,0
61,126,9.9
55,116,9.9
139,8,0
85,128,9.9
159,53,9.9
141,165,9.9
186,185,0
127,56,0
188,164,0
197,6,0
14,40,0
128,139,9.9
20,185,0
191,169,9.9
138,110,0
20,78,9.9
70,32,9.9
178,147,9.9
101,47,9.9
55,120,9.9
137,110,9.9
66,82,9.9
189,43,9.9
101,13,9.9
58,163,9.9
98,148,9.9
67,115,9.9
19,90,9.9
88,64,0
24,21,9.9
6,94,0
58,175,9.9
171,95,9.9
84,122,0
2,63,9.9
62,134,0
38,188,0
62,71,0
28,51,9.9
48,138,0
169,93,9.9
42,66,0
137,49,0
142,110,9.9
116,111,0
4,24,9.9
62,66,9.9
193,153,9.9
122,68,0
16,22,9.9
187,173,0
121,68,0
199,5,9.9
45,65,0
27,92,9.9
74,165,0
106,188,9.9
51,80,0
158,178,0
36,181,0
153,188,0
47,90,0
179,77,9.9
162,29,0
177,102,9.9
56,9,9.9
1,176,9.9
15,180,9.9
172,64,9.9
12,137,0
26,41,0
90,103,0
141,78,9.9
167,56,0
171,152,0
107,8,9.9
185,171,0
150,73,0
141,52,9.9
171,36,9.9
135,14,0
144,48,9.9
176,181,0
138,140,9.9
194,26,9.9
83,173,0
109,147,9.9
31,138,9.9
71,194,0
11,64,0
159,73,0
64,190,0
113,1,0
22,33,9.9
64,73,0
4,78,0
113,52,0
106,45,0
43,41,0
103,101,9.9
122,178,9.9
69,150,9.9
22,168,0
4,69,9.9
135,152,0
67,46,9.9
145,78,0
118,182,9.9
153,75,9.9
8,128,9.9
74,161,0
137,67,0
41,148,9.9
110,88,0
26,138,9.9
142,173,0
154,31,0
75,35,9.9
183,80,0
196,94,9.9
162,12,0
100,99,0
134,179,0
77,30,0
89,60,0
124,94,0
12,150,0
14,65,9.9
30,56,0
104,53,9.9
99,43,9.9
143,36,9.9
7,135,0
50,88,0
55,119,0
99,165,0
183,42,9.9
166,195,0
140,79,9.9
167,6,9.9
24,2,9.9
96,24,9.9
136,140,0
114,178,9.9
175,114,0
29,17,0
80,94,9.9
38,51,0
154,124,0
32,155,9.9
11,14,9.9
77,177,0
123,143,0
8,91,9.9
170,162,0
122,102,9.9
86,152,0
30,172,0
159,141,0
43,157,9.9
22,140,9.9
74,104,9.9
109,179,0
132,17,0
43,173,9.9
84,53,9.9
161,185,0
17,89,0
103,2,0
71,135,0
117,76,9.9
29,127,0
25,188,0
128,185,0
58,192,0
100,168,9.9
44,29,0
13,134,9.9
92,24,9.9
22,158,9.9
82,152,0
36,115,0
173,38,9.9
130,195,0
192,37,0
78,176,0
61,134,0
12,27,0
175,7,9.9
182,10,0
121,162,0
92,142,9.9
111,46,9.9
87,107,9.9
116,151,9.9
84,6,9.9
75,73,9.9
31,192,0
129,122,9.9
197,155,9.9
59,47,9.9
18,141,9.9
187,25,0
102,37,9.9
57,37,9.9
118,99,0
90,142,9.9
51,8,0
199,149,9.9
94,135,9.9
78,62,0
193,142,9.9
110,146,9.9
67,66,0
33,136,0
170,186,0
78,78,0
24,113,0
169,31,9.9
87,175,9.9
141,145,9.9
181,72,9.9
176,42,9.9
177,60,9.9
12,100,0
78,17,9.9
109,125,9.9
198,139,0
128,36,9.9
61,110,9.9
138,163,0
98,49,0
172,0,0
9,7,9.9
51,116,9.9
60,32,9.9
35,98,0
196,75,9.9
164,153,0
17,2,9.9
109,28,0
48,151,9.9
34,36,9.9
121,184,9.9
97,10,9.9
95,18,9.9
173,118,0
15,77,9.9
13,112,0
198,170,9.9
58,122,0
74,55,0
88,68,0
158,119,9.9
20,162,9.9
149,22,0
7,123,0
10,68,0
128,170,0
196,61,0
190,157,0
187,9,0
83,4,9.9
175,13,9.9
95,69,9.9
10,45,9.9
197,65,9.9
118,187,9.9
7,59,0
13,164,9.9
33,143,0
71,171,0
97,126,0
25,54,0
106,47,9.9
67,133,0
91,121,9.9
156,5,9.9
101,78,9.9
17,88,0
120,77,9.9
175,130,9.9
177,71,0
189,0,9.9
195,51,0
22,197,9.9
152,72,0
16,179,0
135,193,0
10,116,0
33,58,9.9
136,110,9.9
180,80,9.9
168,154,9.9
131,16,9.9
46,141,0
66,109,9.9
168,179,0
101,119,9.9
198,27,0
174,149,9.9
88,15,9.9
165,114,0
131,6,0
173,116,9.9
37,137,9.9
114,1,9.9
76,34,0
14,70,9.9
13,81,0
119,187,9.9
31,34,0
72,115,9.9
102,108,0
112,83,9.9
147,127,0
6,52,0
171,76,0
103,50,0
132,71,0
62,174,0
123,3,9.9
67,4,0
54,54,0
66,167,9.9
92,160,9.9
29,144,9.9
24,152,9.9
199,74,0
17,144,0
135,163,0
166,69,9.9
9,40,0
109,111,9.9
13,4,0
184,146,0
97,7,9.9
54,110,0
41,94,0
169,45,9.9
28,59,9.9
137,143,9.9
161,104,0
35,108,9.9
15,123,9.9
48,23,0
103,14,9.9
192,160,0
115,174,0
80,50,0
137,45,0
44,94,0
178,38,9.9
172,131,0
76,165,0
68,152,0
14,156,0
136,75,0
128,45,0
170,20,0
71,92,0
120,65,9.9
52,76,9.9
190,103,0
199,186,9.9
186,58,0
33,32,9.9
102,40,0
178,30,9.9
146,40,0
197,39,9.9
103,46,9.9
69,117,9.9
33,109,9.9
48,60,9.9
197,21,0
184,95,9.9
182,106,0
45,166,0
19,182,0
137,139,0
112,33,9.9
14,182,0
135,121,9.9
175,181,0
166,105,9.9
161,163,9.9
192,8,0
116,79,0
145,85,0
21,146,0
116,157,9.9
158,36,0
87,152,0
177,114,9.9
39,87,0
194,107,9.9
163,176,0
135,70,0
55,62,9.9
115,92,9.9
157,30,0
74,177,9.9
145,12,9.9
147,49,0
68,53,9.9
144,35,9.9
53,130,9.9
104,161,9.9
158,156,9.9
195,71,9.9
67,159,0
28,104,0
191,9,9.9
107,93,9.9
21,174,0
158,82,0
135,95,0
13,74,0
196,189,0
17,16,9.9
17,95,0
184,110,0
76,49,0
125,39,0
114,183,9.9
182,89,9.9
59,38,0
188,62,0
57,3,9.9
161,23,9.9
163,48,0
122,200,0
33,108,0
15,186,9.9
117,196,9.9
1,156,9.9
96,25,9.9
50,40,0
13,25,0
161,53,9.9
152,31,9.9
49,159,9.9
75,118,0
35,193,0
116,45,9.9
182,15,0
99,123,9.9
0,148,0
144,78,9.9
79,54,9.9
108,144,9.9
153,135,0
131,31,0
172,120,0
166,135,0
170,91,0
112,164,9.9
117,110,0
127,159,9.9
110,114,9.9
168,156,0
117,163,0
92,61,9.9
0,181,9.9
102,188,0
170,152,9.9
127,157,9.9
82,35,9.9
185,115,9.9
100,2,9.9
162,54,0
123,170,9.9
126,59,9.9
107,159,9.9
100,85,0
128,157,9.9
73,67,0
87,148,9.9
174,160,9.9
188,40,9.9
83,101,0
96,22,0
91,22,0
72,7,0
53,25,0
26,170,0
97,93,0
88,37,9.9
51,157,0
11,191,9.9
71,58,9.9
71,70,9.9
46,108,0
4,201,0
59,78,9.9
151,98,0
133,16,0
137,109,9.9
176,184,9.9
148,97,0
16,43,9.9
193,40,0
173,173,0
68,95,0
168,141,9.9
23,78,9.9
127,152,9.9
149,11,0
95,29,0
176,177,0
46,139,0
199,175,9.9
48,159,0
185,175,0
185,155,9.9
92,182,0
136,168,9.9
88,39,0
1,160,0
45,86,9.9
115,40,9.9
148,119,9.9
32,165,9.9
38,175,0
57,132,0
13,31,0
184,131,0
124,57,9.9
96,176,9.9
34,171,0
59,167,0
146,178,9.9
49,196,9.9
151,136,9.9
10,135,9.9
105,199,9.9
85,125,0
4,40,0
113,84,0
109,77,9.9
192,81,0
77,7,9.9
112,178,9.9
121,150,0
116,87,9.9
108,149,0
130,139,0
154,18,0
97,163,9.9
76,56,0
11,152,0
87,196,9.9
187,62,0
183,158,0
25,141,9.9
14,38,9.9
195,40,0
145,50,0
60,49,0
190,106,0
39,161,9.9
83,169,0
11,1,9.9
63,128,9.9
125,94,9.9
148,33,0
3,180,9.9
73,81,9.9
85,102,9.9
17,99,9.9
197,88,9.9
93,32,0
163,180,9.9
79,59,9.9
176,148,0
14,56,9.9
113,102,0
4,147,0
129,80,9.9
124,84,9.9
182,200,9.9
65,71,9.9
53,168,9.9
42,38,0
147,5,0
185,124,0
192,106,0
162,20,9.9
152,92,9.9
142,121,9.9
158,103,9.9
36,106,0
18,195,0
146,23,0
16,103,0
26,15,9.9
40,184,0
65,182,0
107,30,0
135,133,9.9
86,4,9.9
51,90,0
72,80,0
164,154,9.9
22,160,0
100,127,0
55,139,0
130,201,0
28,142,9.9
187,42,9.9
116,72,9.9
95,182,9.9
130,86,9.9
50,159,0
125,184,0
57,36,0
118,174,9.9
149,77,0
135,56,0
188,141,9.9
110,49,0
70,126,9.9
112,57,0
12,97,0
96,41,0
169,0,9.9
40,143,0
145,127,0
110,89,9.9
138,33,9.9
196,86,9.9
86,48,9.9
21,95,9.9
20,173,9.9
159,172,0
105,56,9.9
60,168,9.9
13,12,9.9
37,160,0
171,134,9.9
35,138,9.9
105,159,9.9
174,185,0
130,58,0
17,147,9.9
191,201,0
9,161,0
153,65,0
92,128,9.9
74,156,0
151,144,9.9
80,30,9.9
113,149,0
80,164,0
170,81,0
188,198,9.9
125,46,0
182,81,0
178,194,0
160,89,0
109,136,9.9
191,62,9.9
155,199,9.9
191,93,9.9
176,153,9.9
110,120,0
58,102,9.9
129,112,9.9
11,67,0
68,59,9.9
67,184,0
155,125,0
120,164,0
24,8,9.9
77,131,0
18,165,0
165,86,0
133,126,9.9
162,47,9.9
61,59,9.9
184,119,0
178,110,0
63,58,9.9
116,14,9.9
112,104,0
83,91,9.9
32,76,9.9
67,1,0
151,73,0
88,163,9.9
87,9,0
51,36,0
107,120,9.9
161,194,0
156,125,9.9
33,139,0
27,29,9.9
158,111,9.9
172,141,9.9
20,129,0
126,125,9.9
116,107,9.9
29,105,9.9
147,47,9.9
80,140,0
139,133,0
95,20,9.9
117,194,0
132,34,9.9
164,178,0
145,150,9.9
120,104,9.9
150,191,0
77,164,0
191,176,9.9
97,48,9.9
67,11,9.9
188,77,0
44,120,0
10,120,9.9
19,72,9.9
199,54,9.9
172,79,0
26,87,9.9
16,146,0
143,6,9.9
33,79,0
171,53,0
159,43,0
103,91,0
18,38,9.9
187,138,0
89,90,9.9
121,188,9.9
21,13,9.9
163,173,9.9
2,175,9.9
34,15,0
90,166,0
76,122,0
130,166,0
14,148,9.9
23,128,9.9
180,135,9.9
145,97,9.9
66,108,9.9
125,185,0
37,44,9.9
14,194,0
185,139,0
115,89,9.9
115,66,0
107,74,0
26,2,9.9
73,159,9.9
94,134,9.9
167,190,9.9
77,60,9.9
93,126,9.9
118,88,0
103,199,0
136,103,9.9
32,199,0
196,173,0
123,51,9.9
3,101,9.9
78,169,9.9
67,135,9.9
188,197,0
61,56,9.9
91,21,9.9
57,198,0
165,65,9.9
172,94,9.9
178,176,9.9
114,173,9.9
31,17,0
33,48,0
101,183,0
16,11,0
136,77,0
6,44,0
136,163,0
112,27,9.9
149,201,9.9
113,65,0
110,147,9.9
66,200,0
9,147,9.9
6,133,0
173,53,0
137,200,9.9
127,119,0
41,101,9.9
101,121,9.9
108,89,9.9
68,196,9.9
2,76,0
89,106,0
9,123,0
154,132,0
177,123,0
35,157,9.9
12,35,9.9
58,45,0
55,185,0
7,47,9.9
94,56,0
172,38,0
94,47,9.9
184,117,0
2,58,0
12,78,9.9
128,7,9.9
13,71,9.9
5,153,9.9
179,60,0
163,89,9.9
195,85,0
75,119,9.9
79,146,0
3,198,9.9
188,106,9.9
93,26,0
50,177,9.9
169,85,0
92,94,9.9
38,28,0
0,141,9.9
183,106,9.9
159,136,9.9
199,108,9.9
146,66,9.9
86,69,9.9
67,162,9.9
27,54,9.9
44,19,0
95,91,0
142,46,9.9
76,183,0
132,136,0
1,112,9.9
98,62,0
76,150,9.9
181,162,9.9
67,62,0
174,126,0
80,143,0
90,109,9.9
150,29,9.9
29,56,0
22,172,0
199,10,9.9
41,34,0
118,105,0
97,104,0
86,98,9.9
188,176,0
0,69,9.9
29,10,0
65,44,9.9
173,74,9.9
45,92,0
141,169,0
79,175,9.9
189,25,0
139,196,0
85,154,9.9
134,126,0
15,191,9.9
152,23,0
18,56,9.9
145,111,0
30,133,0
4,196,9.9
49,156,0
24,50,9.9
160,66,9.9
45,133,0
96,30,9.9
63,81,0
89,63,0
140,22,9.9
181,146,9.9
66,194,0
198,57,0
125,113,9.9
141,144,9.9
141,179,9.9
138,184,0
101,56,9.9
145,147,0
197,101,9.9
128,19,0
159,101,9.9
57,14,9.9
28,122,9.9
55,148,0
134,143,0
60,98,0
128,66,9.9
192,165,9.9
125,172,0
2,197,0
78,163,9.9
47,200,0
142,155,9.9
192,114,0
175,133,9.9
84,18,0
25,166,9.9
126,93,0
94,187,9.9
167,137,0
115,197,9.9
75,45,0
11,135,9.9
21,153,0
45,115,9.9
15,118,9.9
51,127,9.9
38,181,9.9
43,53,0
139,75,9.9
98,146,0
22,15,9.9
62,139,0
168,62,0
124,146,9.9
80,79,0
106,177,9.9
181,151,0
118,143,0
7,173,0
21,182,0
94,127,0
150,2,0
77,156,0
25,21,9.9
0,85,9.9
21,130,9.9
154,85,9.9
33,112,9.9
61,95,0
88,67,0
114,34,9.9
53,55,9.9
40,128,9.9
127,70,0
68,177,0
32,123,9.9
71,59,0
26,149,9.9
26,91,9.9
79,57,0
190,110,9.9
4,49,9.9
149,119,9.9
28,68,9.9
157,94,0
2,57,0
155,152,0
68,69,9.9
152,113,9.9
20,97,9.9
27,51,0
197,17,0
158,180,9.9
105,165,0
165,19,0
92,40,0
175,116,9.9
47,71,9.9
35,9,9.9
10,201,0
59,149,9.9
60,108,0
195,39,9.9
111,199,9.9
140,182,9.9
109,34,0
93,121,9.9
82,136,0
75,170,9.9
123,85,9.9
137,34,9.9
56,192,0
7,85,9.9
154,104,9.9
189,97,0
166,147,0
164,84,0
133,180,0
173,66,0
120,118,0
14,127,9.9
122,121,9.9
61,94,9.9
2,25,0
193,16,0
22,55,0
172,81,0
173,105,0
21,144,0
180,178,9.9
68,119,0
183,76,0
95,95,0
164,75,9.9
0,20,9.9
172,68,9.9
19,32,0
106,162,0
138,108,0
160,42,9.9
149,49,9.9
146,21,0
76,198,0
51,71,0
134,29,9.9
13,23,0
132,97,9.9
13,34,9.9
129,36,9.9
66,43,9.9
40,67,0
188,44,9.9
114,73,9.9
184,36,9.9
55,87,9.9
74,38,9.9
30,131,9.9
2,165,0
15,76,0
114,189,9.9
44,45,0
60,0,9.9
125,105,0
186,10,0
66,168,0
7,54,9.9
46,28,0
192,61,0
172,162,0
81,177,0
25,171,9.9
14,96,9.9
92,53,0
115,74,0
88,83,9.9
118,147,9.9
160,100,9.9
164,15,9.9
184,94,0
42,165,0
138,50,0
36,147,0
144,57,9.9
35,127,0
9,80,9.9
103,175,9.9
191,178,9.9
78,32,9.9
60,13,0
6,143,9.9
152,68,0
182,164,0
166,72,0
95,84,0
92,164,9.9
26,190,9.9
59,81,9.9
35,201,9.9
104,75,9.9
38,176,0
109,11,9.9
94,41,0
4,67,0
135,71,0
116,93,0
21,166,0
161,51,9.9
175,98,9.9
82,143,0
75,195,0
123,36,0
109,105,0
19,156,9.9
13,50,0
106,158,0
92,168,9.9
180,93,0
22,143,0
101,190,0
55,69,0
29,187,9.9
17,141,9.9
34,95,9.9
72,107,9.9
9,68,9.9
52,19,0
43,89,0
191,143,9.9
157,7,9.9
158,155,0
57,12,0
185,161,9.9
62,52,9.9
195,177,9.9
5,26,0
100,37,9.9
102,185,9.9
79,4,0
181,99,9.9
131,67,9.9
178,48,0
157,16,0
121,51,9.9
124,177,9.9
198,142,9.9
132,135,0
101,108,9.9
170,144,0
43,30,9.9
129,8,0
73,50,0
181,122,9.9
98,180,0
175,120,9.9
105,132,9.9
28,116,9.9
30,11,9.9
159,23,9.9
27,149,0
105,176,0
102,59,9.9
113,5,9.9
169,29,9.9
65,201,9.9
102,130,9.9
139,50,0
72,199,0
131,18,9.9
83,182,9.9
26,94,9.9
118,51,0
33,17,9.9
106,171,0
43,184,0
29,54,9.9
19,152,0
85,201,9.9
98,75,0
13,175,0
164,56,0
2,195,9.9
69,75,9.9
136,157,9.9
174,114,9.9
172,149,9.9
28,123,9.9
158,112,0
121,27,0
168,24,0
1,190,0
64,93,0
130,114,0
115,162,9.9
109,87,9.9
55,155,9.9
142,98,0
49,122,9.9
73,162,0
101,102,0
25,98,9.9
164,131,9.9
173,72,9.9
48,173,0
127,98,9.9
137,173,9.9
135,82,0
66,32,9.9
44,46,9.9
115,46,0
33,151,9.9
165,24,0
39,142,9.9
107,147,9.9
117,14,0
138,11,9.9
19,5,9.9
24,69,0
109,108,9.9
157,111,9.9
195,6,9.9
130,74,9.9
118,84,0
157,158,9.9
60,150,0
129,74,9.9
199,144,9.9
121,97,0
64,24,0
70,135,0
154,184,0
135,63,9.9
158,144,9.9
176,195,0
151,4,0
45,174,0
166,60,0
81,45,9.9
38,67,9.9
52,74,9.9
62,87,9.9
124,196,9.9
61,149,0
16,144,0
15,10,9.9
163,140,0
118,26,0
149,70,0
20,110,0
193,176,9.9
125,31,0
84,164,9.9
185,87,0
110,110,0
125,23,0
47,81,9.9
51,79,0
76,37,0
129,201,9.9
160,48,0
78,158,0
21,177,9.9
146,79,0
137,6,9.9
96,80,9.9
149,167,9.9
129,17,0
93,162,9.9
174,119,0
95,70,0
36,34,0
122,94,9.9
79,178,0
179,15,9.9
133,68,0
169,128,9.9
74,100,0
71,100,9.9
39,144,9.9
86,13,0
161,91,0
114,77,0
184,49,9.9
90,58,0
144,58,9.9
100,163,9.9
62,191,0
145,57,0
157,10,0
171,186,9.9
183,151,0
94,200,0
57,155,9.9
3,40,9.9
19,67,9.9
32,110,9.9
17,18,9.9
194,80,0
146,48,9.9
24,151,9.9
102,31,0
190,98,9.9
86,88,9.9
141,107,9.9
88,111,0
4,162,9.9
197,77,9.9
5,201,0
97,32,0
193,69,9.9
182,189,9.9
6,54,9.9
107,39,9.9
153,100,0
102,179,9.9
82,129,0
177,170,0
103,28,9.9
44,179,9.9
108,51,9.9
182,197,0
63,32,9.9
145,43,0
181,31,9.9
150,42,9.9
87,140,0
117,123,0
175,4,9.9
16,40,9.9
194,17,9.9
96,4,0
91,193,0
128,0,9.9
140,82,0
100,39,0
19,117,0
100,134,0
8,74,0
135,175,9.9
137,93,0
159,180,0
72,75,9.9
172,89,9.9
126,130,0
187,52,0
92,201,9.9
149,81,9.9
64,172,0
87,118,9.9
86,79,0
33,114,0
107,70,0
84,58,0
104,92,9.9
145,191,9.9
69,152,9.9
99,40,0
17,170,0
137,131,9.9
3,131,0
164,51,0
112,182,9.9
115,129,9.9
144,46,9.9
11,171,0
51,10,9.9
102,22,9.9
164,91,0
58,150,9.9
84,172,9.9
6,20,0
22,61,0
192,115,9.9
142,148,9.9
54,51,0
6,126,9.9
95,78,9.9
0,196,0
3,59,9.9
146,57,0
7,145,0
151,45,0
141,58,0
107,97,9.9
17,121,0
101,179,9.9
97,125,9.9
11,22,0
109,163,0
14,113,9.9
37,149,9.9
168,80,9.9
67,163,9.9
137,60,9.9
99,108,0
21,122,9.9
91,38,9.9
83,6,0
28,26,9.9
69,151,9.9
68,1,0
21,36,9.9
159,13,0
77,4,9.9
151,137,0
193,44,0
145,164,9.9
17,76,9.9
84,141,0
87,178,9.9
164,179,0
155,70,0
174,157,0
19,16,9.9
124,61,9.9
107,194,9.9
128,117,9.9
64,36,9.9
136,60,0
100,190,9.9
88,52,0
49,100,9.9
179,75,0
97,68,0
143,61,9.9
104,125,9.9
136,102,0
97,18,9.9
25,86,0
49,113,9.9
151,131,0
8,78,0
100,96,0
86,200,9.9
9,172,0
138,122,0
71,200,9.9
130,105,9.9
113,152,9.9
57,100,9.9
172,142,0
96,63,9.9
9,192,9.9
182,78,9.9
41,69,9.9
116,4,9.9
172,175,0
196,126,9.9
172,27,0
173,149,0
79,34,0
53,89,0
119,172,9.9
126,40,9.9
139,31,9.9
16,42,0
170,70,9.9
70,158,0
171,71,9.9
57,97,9.9
77,90,0
98,89,9.9
38,154,9.9
156,170,9.9
113,26,9.9
77,192,9.9
23,26,9.9
43,109,9.9
108,201,0
99,80,0
121,130,0
76,166,0
187,74,0
170,178,9.9
190,187,0
54,104,0
112,148,9.9
189,109,0
119,153,9.9
141,61,9.9
153,76,0
51,68,9.9
30,190,0
7,150,9.9
147,78,9.9
156,200,9.9
10,117,9.9
117,5,0
48,87,9.9
140,140,9.9
19,115,0
105,70,0
79,12,0
73,138,0
98,54,9.9
31,120,9.9
68,143,0
21,143,0
148,151,9.9
31,145,9.9
193,71,9.9
21,76,0
108,154,9.9
117,182,0
141,35,0
189,148,9.9
154,179,0
21,3,9.9
13,195,9.9
65,102,0
178,47,0
99,115,9.9
148,14,9.9
23,117,9.9
199,16,9.9
147,80,9.9
167,123,0
121,1,9.9
82,13,9.9
74,1,9.9
23,83,0
128,122,0
101,2,9.9
131,171,0
147,162,0
59,65,9.9
54,13,0
33,93,0
128,76,9.9
163,131,9.9
168,104,0
94,73,9.9
111,39,9.9
186,59,9.9
6,174,9.9
110,81,0
148,103,9.9
131,17,0
136,73,9.9
125,18,9.9
3,192,0
164,103,9.9
146,192,9.9
76,199,9.9
190,42,0
172,192,0
96,154,9.9
127,102,9.9
7,157,0
34,59,0
43,24,0
62,93,9.9
124,101,0
99,74,0
26,199,9.9
79,28,0
66,83,9.9
88,69,0
111,104,0
152,100,0
25,103,9.9
24,169,9.9
39,61,0
9,176,9.9
10,184,0
168,123,0
165,59,9.9
122,158,9.9
96,42,9.9
67,77,0
169,38,0
116,5,9.9
51,55,9.9
150,129,0
166,8,9.9
46,98,0
171,110,0
107,124,9.9
99,20,9.9
144,127,0
135,18,9.9
168,139,0
127,59,0
118,123,9.9
126,164,9.9
23,77,0
91,84,9.9
198,46,0
92,57,9.9
66,68,9.9
58,61,0
62,160,0
116,198,0
172,70,0
108,52,0
33,22,9.9
172,17,9.9
163,49,9.9
5,14,0
67,160,0
35,173,9.9
189,11,0
163,91,0
69,172,9.9
124,178,0
136,3,9.9
99,35,9.9
190,6,0
14,51,0
62,96,9.9
73,183,9.9
114,117,9.9
19,109,9.9
148,39,0
13,90,9.9
135,36,0
13,144,9.9
70,187,0
29,96,9.9
46,64,9.9
180,35,0
10,142,9.9
113,89,9.9
127,133,9.9
119,109,0
67,198,0
135,3,9.9
146,182,9.9
108,60,9.9
35,125,0
140,94,0
45,69,9.9
33,198,0
180,76,9.9
135,140,9.9
179,10,9.9
7,107,0
164,136,0
91,108,0
197,104,9.9
150,166,9.9
142,115,0
92,145,9.9
22,112,0
10,180,9.9
170,79,9.9
170,64,9.9
157,100,9.9
105,106,9.9
116,56,0
146,158,9.9
156,124,0
190,194,9.9
54,44,0
8,28,0
47,82,0
184,43,0
70,5,0
191,99,0
175,127,9.9
87,49,0
115,113,9.9
152,136,9.9
17,183,0
120,89,0
63,151,0
82,141,9.9
115,91,9.9
190,82,0
190,0,0
142,69,0
49,62,9.9
46,153,9.9
56,107,9.9
39,60,0
167,29,9.9
34,89,9.9
37,61,9.9
69,119,9.9
90,178,0
158,37,9.9
112,21,0
196,102,9.9
101,164,9.9
163,41,0
94,177,9.9
23,167,0
153,5,0
65,60,0
12,22,0
11,40,9.9
59,125,0
65,88,9.9
41,30,9.9
169,125,9.9
106,137,0
5,100,9.9
165,15,9.9
57,92,0
10,12,0
133,120,0
198,82,0
31,188,0
139,110,0
106,43,0
63,159,0
92,1,0
40,196,0
103,172,0
179,162,0
33,65,0
152,140,0
117,77,0
158,35,0
134,109,9.9
3,0,0
192,164,0
161,59,0
41,125,0
38,73,0
141,86,9.9
198,50,0
42,117,9.9
119,36,9.9
138,74,0
152,52,0
178,24,9.9
146,106,9.9
74,198,9.9
161,187,9.9
94,20,0
151,113,9.9
12,14,0
3,164,0
50,102,0
68,89,0
92,106,9.9
63,38,9.9
9,17,9.9
112,65,0
21,107,0
162,190,9.9
114,14,9.9
175,92,9.9
198,194,9.9
198,98,0
106,56,0
0,130,9.9
49,97,0
59,127,9.9
188,151,9.9
78,129,0
54,120,0
136,4,9.9
98,69,0
64,135,0
58,193,0
106,64,9.9
167,196,9.9
13,80,9.9
52,13,0
190,11,0
38,148,9.9
146,98,0
92,84,9.9
162,61,0
60,140,9.9
139,36,9.9
175,119,9.9
18,200,0
143,28,9.9
94,70,0
167,91,9.9
138,62,9.9
64,189,0
58,196,9.9
130,191,9.9
47,19,9.9
157,184,9.9
35,27,0
190,77,0
42,6,9.9
49,124,0
49,108,0
184,197,9.9
54,94,9.9
25,142,0
166,155,0
50,111,9.9
1,188,9.9
75,113,0
48,135,0
150,87,0
101,155,0
111,125,9.9
43,169,9.9
177,125,0
187,100,9.9
119,85,9.9
188,115,0
199,136,0
199,142,0
68,43,9.9
28,35,9.9
123,90,9.9
142,183,0
29,173,9.9
6,130,0
159,182,9.9
55,80,9.9
176,196,0
72,135,0
2,83,9.9
48,141,9.9
55,189,9.9
45,106,9.9
85,149,0
103,141,0
31,171,0
181,124,0
186,37,0
188,45,9.9
64,155,9.9
16,201,9.9
124,88,0
155,74,0
72,51,0
31,80,9.9
174,80,9.9
64,21,9.9
54,123,0
114,172,9.9
125,61,9.9
123,141,0
4,90,0
147,118,0
196,134,9.9
92,171,9.9
159,88,9.9
60,36,9.9
119,61,0
160,15,0
126,2,0
133,197,9.9
34,45,9.9
104,196,0
133,65,0
112,106,9.9
135,0,9.9
87,61,9.9
128,166,9.9
160,35,9.9
76,66,9.9
179,41,9.9
86,10,0
149,110,9.9
191,85,9.9
181,119,9.9
115,149,9.9
17,23,0
104,31,0
44,177,9.9
196,131,9.9
99,41,9.9
105,81,0
93,25,0
3,150,0
8,84,0
67,194,0
41,139,9.9
48,196,9.9
47,192,0
13,158,0
149,91,0
36,118,9.9
106,65,0
31,153,9.9
180,65,9.9
80,92,9.9
102,53,0
138,135,9.9
75,79,9.9
127,117,0
36,83,9.9
41,175,0
127,38,9.9
111,56,9.9
88,36,0
101,147,9.9
74,169,0
127,61,0
161,5,0
135,179,0
40,134,9.9
169,157,9.9
33,197,0
127,28,0
148,157,9.9
74,152,0
142,146,9.9
143,58,9.9
184,187,9.9
51,109,9.9
137,76,9.9
195,185,0
26,88,9.9
62,92,0
106,70,0
21,180,0
167,90,9.9
107,91,9.9
23,148,0
153,37,9.9
154,98,0
5,60,9.9
59,61,0
100,30,9.9
117,126,9.9
149,194,0
29,150,0
155,159,9.9
28,143,0
15,165,0
45,177,9.9
9,91,9.9
10,14,0
97,101,9.9
193,152,0
49,22,0
38,155,9.9
150,125,0
197,194,9.9
196,123,0
196,9,9.9
102,80,9.9
28,184,9.9
171,107,0
158,9,9.9
61,68,9.9
52,46,9.9
53,17,9.9
115,180,9.9
94,66,9.9
104,43,9.9
68,103,0
56,111,0
81,14,0
173,100,0
17,118,0
98,96,0
59,66,9.9
124,108,9.9
100,129,9.9
119,27,9.9
197,147,9.9
84,130,0
91,131,0
32,167,0
105,156,0
26,12,0
185,149,0
177,37,9.9
93,107,9.9
80,150,0
190,100,0
188,59,9.9
199,105,0
27,14,0
136,184,9.9
21,7,0
74,34,0
142,65,0
31,55,9.9
124,29,0
101,151,9.9
96,199,0
179,81,0
34,114,9.9
165,34,0
179,129,0
162,147,0
180,21,0
48,164,9.9
20,67,9.9
122,69,9.9
25,172,0
36,57,9.9
154,146,0
115,102,0
112,73,9.9
82,22,9.9
155,58,0
113,44,0
151,21,9.9
178,177,9.9
188,9,0
11,48,9.9
54,182,9.9
115,7,0
106,182,9.9
6,180,0
114,64,0
98,147,0
24,183,9.9
38,112,9.9
190,166,0
138,123,9.9
158,198,0
35,185,0
141,108,0
183,8,9.9
71,93,0
189,180,9.9
197,200,0
51,93,9.9
48,191,9.9
2,193,9.9
149,108,9.9
126,194,9.9
67,150,0
176,194,0
170,122,0
107,78,9.9
113,143,9.9
124,142,9.9
136,98,0
166,139,9.9
14,128,0
143,7,9.9
127,72,0
52,153,9.9
158,162,9.9
121,8,0
126,11,0
127,200,9.9
15,102,0
169,192,9.9
58,154,9.9
93,143,9.9
108,61,0
131,164,0
63,156,9.9
189,128,9.9
182,156,0
66,149,0
52,22,9.9
123,168,0
139,155,0
179,133,0
144,37,0
109,110,0
99,136,0
124,198,0
159,153,0
137,120,9.9
101,170,0
163,154,9.9
171,192,9.9
164,161,9.9
49,176,9.9
174,74,0
182,11,9.9
93,161,9.9
82,79,9.9
43,154,0
73,182,9.9
166,170,9.9
55,141,9.9
12,48,9.9
176,150,0
152,90,0
59,48,9.9
147,190,9.9
164,155,0
61,139,9.9
6,4,0
104,112,0
177,201,9.9
54,49,9.9
73,124,0
92,77,0
134,127,0
195,124,0
50,45,9.9
69,167,9.9
33,82,0
118,118,0
55,191,9.9
139,13,9.9
73,76,0
172,58,0
65,98,0
136,24,9.9
10,199,9.9
46,35,0
140,180,0
166,5,0
29,201,9.9
66,74,0
196,118,0
85,127,0
185,189,0
172,143,9.9
6,50,9.9
134,168,9.9
94,165,9.9
104,10,9.9
190,126,9.9
98,70,9.9
182,142,9.9
20,75,0
4,92,0
123,186,9.9
45,162,9.9
35,30,9.9
17,58,9.9
11,154,0
17,53,9.9
187,182,0
51,72,9.9
51,110,0
75,167,9.9
16,102,9.9
180,184,0
145,71,0
102,46,0
96,182,0
68,154,0
15,181,9.9
151,12,9.9
107,167,9.9
85,199,9.9
107,3,0
186,65,0
85,147,9.9
20,128,9.9
66,144,9.9
157,118,9.9
112,2,9.9
33,178,0
32,96,0
177,129,9.9
110,41,9.9
4,15,0
54,161,0
8,90,0
29,129,9.9
126,75,9.9
167,41,9.9
178,15,9.9
193,73,0
61,179,9.9
100,70,9.9
35,53,9.9
108,150,9.9
109,89,0
80,101,0
7,99,0
135,100,0
103,35,9.9
105,170,0
5,200,9.9
36,37,0
171,200,9.9
119,147,9.9
72,6,0
69,61,0
151,107,0
199,134,0
37,20,9.9
144,55,0
159,38,0
53,157,0
167,116,0
47,107,0
1,166,9.9
48,139,9.9
89,27,9.9
85,111,9.9
124,91,0
130,193,0
164,49,9.9
173,0,9.9
30,147,0
31,190,0
12,26,9.9
14,129,0
18,113,0
121,146,9.9
113,127,0
80,180,9.9
19,176,9.9
112,60,0
104,165,0
175,121,0
98,31,0
180,64,0
171,26,9.9
112,142,0
140,181,0
95,80,9.9
104,46,0
123,149,9.9
196,15,0
46,76,0
46,117,0
4,140,0
135,96,0
185,148,9.9
77,15,0
167,59,9.9
150,4,0
47,20,0
17,150,9.9
169,15,0
148,170,0
92,144,0
149,133,0
134,188,9.9
167,92,9.9
186,102,9.9
63,195,0
90,188,0
163,81,9.9
188,179,9.9
6,182,0
5,164,9.9
98,134,0
195,67,0
19,55,9.9
15,14,9.9
132,153,9.9
43,135,0
81,174,0
153,13,0
158,51,0
127,131,9.9
106,31,0
163,177,9.9
186,13,9.9
15,178,0
175,161,0
5,130,9.9
63,91,0
161,86,0
161,113,9.9
92,196,9.9
54,102,9.9
54,52,0
112,79,0
180,146,9.9
181,149,9.9
63,46,0
140,92,0
58,58,9.9
53,31,9.9
84,100,9.9
104,33,0
127,184,9.9
154,125,0
76,145,0
108,196,9.9
140,41,9.9
63,77,9.9
74,37,9.9
172,132,9.9
95,177,0
34,49,9.9
95,185,9.9
101,156,0
9,18,9.9
162,89,9.9
24,110,9.9
181,158,0
169,46,0
183,143,0
30,88,9.9
103,134,9.9
197,85,0
102,83,0
62,1,0
144,28,9.9
72,117,9.9
164,167,0
11,65,9.9
45,16,9.9
61,107,9.9
75,191,0
56,181,9.9
79,123,9.9
67,98,9.9
28,163,0
49,127,9.9
3,12,9.9
19,84,9.9
47,23,0
78,131,0
140,47,9.9
130,27,0
127,139,0
78,4,0
134,195,9.9
94,90,9.9
104,61,0
22,29,0
190,78,9.9
138,76,9.9
187,167,9.9
139,16,0
8,14,9.9
138,151,9.9
86,31,0
95,149,9.9
198,13,9.9
26,178,9.9
195,53,0
152,193,9.9
33,176,9.9
85,167,0
193,86,9.9
83,133,9.9
60,188,9.9
196,172,0
71,158,9.9
160,197,9.9
163,113,9.9
132,47,9.9
48,200,9.9
193,22,9.9
159,200,9.9
82,148,0
103,20,0
186,70,0
161,155,0
85,106,9.9
150,157,9.9
108,185,9.9
79,189,0
86,44,0
160,53,0
167,47,9.9
51,50,9.9
73,77,0
41,102,0
151,38,0
111,52,9.9
71,35,9.9
113,69,0
104,113,0
84,200,0
156,162,9.9
64,106,0
106,189,9.9
135,111,9.9
1,118,0
154,6,9.9
35,113,0
170,187,0
13,109,0
75,182,9.9
158,146,9.9
0,32,9.9
183,198,9.9
57,144,9.9
145,56,9.9
102,111,0
92,162,9.9
12,187,9.9
133,52,0
53,41,0
164,146,9.9
133,138,0
35,175,9.9
32,184,0
195,184,0
192,53,0
34,197,0
39,26,9.9
144,176,9.9
166,171,9.9
123,147,9.9
4,86,0
76,147,9.9
15,124,9.9
170,115,0
74,12,9.9
111,1,9.9
46,1,9.9
2,127,9.9
49,150,0
86,24,0
41,97,0
18,161,9.9
60,37,0
197,28,9.9
196,88,0
114,144,0
55,186,9.9
100,75,9.9
20,101,9.9
155,78,0
189,152,0
34,138,9.9
55,43,0
163,102,0
143,128,9.9
80,165,0
81,10,9.9
121,67,9.9
183,128,0
149,32,0
197,93,0
95,86,9.9
97,89,0
51,14,0
122,15,0
175,36,0
47,188,0
173,108,9.9
20,164,9.9
180,119,9.9
136,41,9.9
26,153,0
81,120,9.9
174,30,9.9
169,25,9.9
14,43,0
55,40,9.9
18,164,9.9
116,15,9.9
17,175,9.9
60,196,0
17,45,0
17,140,0
75,153,9.9
159,171,0
154,41,9.9
193,39,9.9
61,125,9.9
148,129,0
31,98,0
179,31,9.9
27,1,0
80,196,9.9
100,44,0
45,108,0
128,47,9.9
78,161,9.9
53,129,9.9
47,134,9.9
104,132,0
176,7,9.9
93,182,9.9
8,146,9.9
148,8,9.9
165,49,0
14,111,9.9
103,124,0
67,143,0
178,99,9.9
154,89,0
9,156,9.9
176,154,9.9
68,21,9.9
56,135,0
78,87,0
125,54,0
187,123,0
170,198,0
26,6,0
16,80,9.9
23,34,0
81,88,0
82,158,9.9
164,168,0
3,170,0
42,146,9.9
118,2,9.9
24,119,0
177,116,0
158,151,0
192,69,0
180,101,9.9
156,86,0
136,85,0
128,129,9.9
127,54,9.9
191,19,0
172,20,9.9
70,12,0
78,96,0
123,134,9.9
174,129,9.9
39,54,9.9
189,177,9.9
61,158,9.9
25,57,9.9
139,34,0
33,12,0
194,129,0
153,178,9.9
35,47,9.9
149,2,9.9
102,115,0
29,148,0
171,108,9.9
166,63,0
9,88,9.9
183,43,9.9
143,127,0
73,84,9.9
122,30,0
179,78,9.9
186,11,0
108,134,0
6,47,9.9
199,64,9.9
25,187,9.9
156,164,0
35,159,0
98,141,9.9
167,22,9.9
89,195,9.9
60,82,0
119,120,9.9
137,142,9.9
133,67,9.9
34,62,0
46,104,0
111,27,0
196,11,9.9
5,23,0
82,40,9.9
45,83,0
69,144,9.9
63,132,0
193,119,0
164,23,0
84,118,0
2,20,9.9
32,38,9.9
124,31,9.9
79,6,0
179,25,0
15,133,9.9
100,191,0
80,130,9.9
194,42,9.9
156,117,0
44,186,9.9
163,182,0
125,151,9.9
34,74,0
75,2,0
147,81,0
191,53,0
193,47,9.9
184,148,0
108,58,9.9
20,167,9.9
4,144,0
6,39,9.9
147,89,9.9
59,171,9.9
33,111,0
135,131,9.9
181,51,9.9
13,198,9.9
134,144,9.9
87,105,0
33,27,9.9
98,195,9.9
74,196,0
65,19,9.9
116,46,9.9
143,64,0
73,186,9.9
43,142,9.9
119,8,0
29,78,0
132,167,9.9
132,107,9.9
166,199,0
131,28,9.9
53,125,9.9
6,62,0
50,148,0
180,150,9.9
104,44,0
89,170,9.9
111,91,0
185,131,9.9
195,64,0
125,109,0
150,196,0
118,133,9.9
68,120,0
73,62,0
190,198,9.9
108,129,0
70,13,9.9
26,72,0
155,57,0
118,184,0
94,166,9.9
86,151,0
152,89,9.9
32,72,9.9
172,16,9.9
69,140,0
176,22,0
14,21,9.9
132,100,0
152,107,9.9
181,27,9.9
122,87,0
41,9,0
118,144,9.9
170,177,9.9
54,127,9.9
81,84,9.9
183,5,9.9
146,114,9.9
49,187,0
164,170,9.9
186,144,0
59,14,0
140,195,9.9
147,25,9.9
21,40,0
76,136,0
109,27,0
59,57,0
43,19,9.9
81,107,9.9
159,127,9.9
0,8,0
167,19,9.9
154,17,0
104,21,9.9
36,196,0
103,31,0
85,92,9.9
183,133,0
170,201,0
15,59,0
132,72,0
125,57,0
199,20,0
79,148,9.9
165,67,9.9
76,175,9.9
165,33,0
118,153,9.9
78,55,0
185,42,0
22,78,9.9
64,31,0
188,174,9.9
10,86,0
7,63,0
44,86,0
6,179,9.9
47,18,0
87,189,0
40,69,0
155,43,9.9
135,50,9.9
101,192,9.9
46,24,0
21,156,9.9
63,172,0
14,168,0
190,13,0
125,77,0
154,28,9.9
54,135,0
178,31,0
22,194,0
185,38,9.9
149,84,9.9
23,115,0
1,82,9.9
190,121,9.9
187,146,0
103,15,9.9
189,26,9.9
141,65,0
44,114,0
178,116,9.9
167,50,9.9
35,23,0
120,114,0
112,16,0
144,110,9.9
10,121,0
38,164,0
138,171,9.9
179,99,0
124,66,0
1,170,9.9
15,195,9.9
84,194,0
132,118,0
177,1,9.9
142,83,0
35,192,0
79,98,0
27,180,0
39,197,0
50,43,0
180,159,0
99,75,9.9
134,148,9.9
102,71,0
50,79,0
19,180,9.9
184,171,0
155,191,0
37,100,0
46,34,9.9
44,160,0
186,18,9.9
170,103,9.9
100,196,0
195,195,9.9
49,4,9.9
158,154,0
17,64,9.9
89,0,9.9
14,136,9.9
23,180,0
65,173,0
90,200,9.9
28,66,0
58,141,0
79,78,9.9
31,26,9.9
178,183,0
102,137,0
7,78,9.9
20,20,9.9
192,159,9.9
188,184,0
194,106,0
88,101,0
111,92,9.9
151,187,9.9
79,122,0
88,4,0
183,200,0
0,197,9.9
79,91,0
110,171,9.9
141,31,0
19,192,9.9
127,94,9.9
183,173,0
149,155,9.9
126,139,9.9
80,27,0
92,166,0
172,177,0
34,151,0
156,176,9.9
60,190,0
2,93,0
118,22,9.9
53,186,9.9
116,110,9.9
101,181,9.9
105,186,9.9
25,62,0
47,143,0
135,87,0
18,179,0
42,49,9.9
42,139,9.9
70,109,9.9
45,105,0
36,85,0
25,146,0
159,74,0
192,70,9.9
37,38,9.9
33,175,0
54,194,0
86,160,0
23,79,0
128,12,0
1,120,9.9
169,12,0
179,65,0
13,28,9.9
192,188,9.9
93,164,9.9
180,143,9.9
118,27,9.9
140,71,0
148,136,9.9
64,44,0
61,82,0
1,60,9.9
60,112,0
170,72,9.9
33,156,0
86,169,0
12,179,9.9
104,178,0
22,6,9.9
186,89,0
166,35,9.9
83,34,9.9
120,37,0
147,79,9.9
170,133,0
30,100,0
178,153,9.9
67,121,9.9
164,113,0
105,178,0
174,69,9.9
15,158,0
16,198,0
180,77,0
99,173,9.9
96,52,0
198,114,9.9
82,200,9.9
126,6,0
128,155,9.9
76,41,0
136,146,9.9
39,187,0
44,89,9.9
14,124,0
31,113,9.9
110,42,0
114,44,9.9
23,43,9.9
164,30,0
34,117,0
193,59,0
170,92,9.9
38,13,9.9
77,52,0
63,27,0
74,130,0
125,143,0
40,15,0
16,62,0
50,198,9.9
75,44,0
23,103,0
69,55,9.9
107,89,0
74,73,9.9
63,23,9.9
28,195,0
6,57,9.9
75,148,0
195,87,9.9
158,53,0
134,82,0
130,97,0
14,107,9.9
123,9,0
141,12,9.9
25,185,0
123,125,0
105,27,0
22,49,0
26,76,0
80,37,9.9
195,187,0
190,170,0
55,42,9.9
43,200,9.9
74,26,9.9
90,69,9.9
35,60,0
143,93,0
149,35,9.9
195,164,0
51,186,0
185,92,9.9
11,115,9.9
138,38,0
162,69,0
36,162,0
170,185,9.9
161,43,0
26,99,0
162,178,0
29,25,0
198,157,0
138,178,0
85,103,0
131,10,9.9
83,58,0
50,117,9.9
39,173,0
189,82,0
27,88,0
174,38,0
45,100,9.9
143,24,0
127,137,9.9
84,169,9.9
83,94,0
58,118,9.9
104,195,0
42,82,0
156,142,9.9
15,70,0
65,21,9.9
59,94,9.9
134,180,0
126,94,9.9
10,61,0
170,142,0
127,100,0
173,85,0
37,166,9.9
119,93,9.9
108,193,0
77,165,9.9
85,3,0
8,188,0
98,74,9.9
152,35,9.9
1,198,9.9
155,86,0
89,164,9.9
3,127,9.9
97,119,0
72,56,9.9
138,24,0
189,188,9.9
161,193,0
198,149,0
141,90,0
15,7,0
146,109,0
138,91,9.9
167,76,0
176,158,0
198,40,0
82,60,0
73,37,9.9
47,80,0
4,32,9.9
79,100,0
5,36,0
73,12,0
184,153,0
42,37,9.9
122,96,9.9
96,44,0
80,82,9.9
84,149,9.9
195,159,9.9
107,112,9.9
123,91,9.9
55,163,9.9
84,94,0
143,103,0
52,55,9.9
151,167,0
52,50,0
41,141,0
192,45,0
151,56,0
19,196,0
16,153,9.9
34,106,0
15,166,9.9
199,122,0
181,130,0
106,98,0
71,96,9.9
147,68,9.9
78,119,0
199,117,9.9
55,85,9.9
100,154,9.9
111,177,0
120,101,0
117,174,0
64,122,9.9
77,93,0
87,5,0
185,169,0
18,55,9.9
126,96,0
187,72,0
72,15,9.9
71,193,9.9
120,66,0
36,124,9.9
145,122,9.9
13,6,9.9
164,121,9.9
198,122,0
171,166,9.9
139,14,0
160,79,0
68,82,0
28,120,9.9
7,74,0
56,90,9.9
18,190,0
170,101,0
104,121,9.9
43,97,9.9
156,100,0
157,187,9.9
181,87,9.9
121,32,9.9
6,147,9.9
97,146,9.9
131,126,9.9
47,198,9.9
102,169,9.9
163,95,0
180,89,0
85,155,9.9
28,175,9.9
166,183,0
177,193,0
15,87,0
190,183,0
76,123,0
69,155,9.9
67,199,0
169,164,9.9
62,130,9.9
2,41,9.9
115,12,0
194,40,0
107,18,9.9
44,145,0
10,89,0
142,137,9.9
24,128,0
124,23,9.9
101,124,0
32,162,0
158,127,9.9
10,32,9.9
107,139,9.9
69,164,9.9
121,7,0
69,17,0
2,198,0
18,2,9.9
5,182,9.9
158,163,9.9
178,43,9.9
101,46,0
172,40,9.9
45,60,0
65,155,9.9
96,45,9.9
43,161,0
112,153,0
99,45,0
143,147,9.9
70,192,0
67,61,0
96,147,9.9
38,160,0
82,29,0
191,8,9.9
92,42,9.9
117,146,0
165,164,9.9
60,175,0
45,148,9.9
63,24,9.9
154,57,9.9
63,150,9.9
111,55,0
71,188,9.9
157,35,9.9
139,40,0
47,12,9.9
124,187,0
58,188,0
2,14,0
113,79,9.9
194,55,0
185,4,0
142,142,0
35,20,9.9
181,6,0
182,55,9.9
123,53,9.9
170,159,0
140,131,0
22,170,0
188,160,0
5,180,9.9
121,5,0
147,43,0
187,139,0
130,143,0
146,19,9.9
38,100,9.9
174,182,9.9
81,127,9.9
93,50,9.9
102,13,0
141,43,0
183,61,0
57,142,9.9
34,108,0
64,46,9.9
160,113,0
129,196,0
110,13,9.9
130,62,9.9
92,80,9.9
195,86,9.9
130,160,9.9
102,118,0
79,181,9.9
125,98,0
0,124,0
194,24,9.9
178,138,9.9
85,183,0
105,120,0
91,126,9.9
140,163,9.9
93,90,9.9
169,198,0
65,26,0
56,153,0
111,139,9.9
149,16,9.9
121,54,0
0,184,0
157,147,9.9
120,38,0
31,49,9.9
185,168,0
121,84,0
145,139,0
24,198,0
15,66,0
163,76,0
146,89,0
57,96,0
87,133,0
74,150,0
122,112,9.9
20,120,9.9
129,152,0
66,119,0
53,49,0
20,192,0
11,185,9.9
133,74,9.9
162,14,9.9
98,93,9.9
28,24,9.9
116,35,0
196,98,0
184,76,9.9
108,13,0
195,186,9.9
49,84,0
95,145,0
0,199,9.9
123,13,0
37,37,9.9
102,33,0
127,123,9.9
147,18,9.9
148,62,9.9
72,55,0
48,98,0
184,118,9.9
159,89,0
75,88,9.9
40,80,9.9
185,58,0
40,60,0
173,103,9.9
11,56,9.9
91,64,0
95,53,0
68,22,9.9
43,94,0
52,64,9.9
28,2,9.9
115,196,0
144,18,9.9
173,1,9.9
109,160,0
73,114,0
158,89,9.9
22,147,9.9
37,126,0
107,9,9.9
140,17,9.9
158,175,0
79,187,9.9
115,87,9.9
110,144,0
167,25,0
66,61,9.9
78,107,0
191,27,0
81,99,0
133,174,9.9
168,189,9.9
115,60,0
187,10,0
45,56,0
91,174,9.9
195,157,0
75,187,0
141,158,9.9
129,169,0
32,181,0
68,124,9.9
64,195,9.9
152,128,9.9
130,173,0
179,149,9.9
122,130,0
7,17,0
153,6,9.9
51,147,9.9
144,113,0
11,106,9.9
81,61,0
86,173,9.9
126,41,0
189,184,0
125,47,9.9
49,33,9.9
195,45,9.9
5,125,0
60,48,0
41,61,9.9
14,55,0
198,36,9.9
89,101,0
73,71,0
148,27,9.9
134,107,9.9
104,67,9.9
17,11,9.9
79,138,9.9
52,30,9.9
55,132,9.9
72,131,9.9
22,43,0
136,172,0
16,148,0
12,158,9.9
167,159,9.9
44,13,0
52,117,0
48,148,0
166,95,0
156,95,9.9
83,40,9.9
63,103,0
85,117,9.9
108,66,9.9
82,25,0
196,106,0
54,131,0
190,86,0
55,182,9.9
40,195,9.9
32,40,0
56,13,9.9
148,107,0
90,156,9.9
126,171,9.9
157,26,9.9
191,67,0
13,133,0
181,139,9.9
178,9,0
73,3,9.9
38,86,9.9
154,112,0
132,147,0
30,187,9.9
56,45,9.9
173,61,0
49,116,0
132,79,9.9
190,41,0
47,102,9.9
111,33,9.9
113,142,9.9
166,70,9.9
118,97,9.9
123,10,0
56,95,0
144,189,0
165,136,9.9
158,76,0
81,112,9.9
176,199,9.9
104,153,9.9
65,106,0
125,16,0
88,145,0
109,135,0
146,121,0
155,111,9.9
197,174,0
193,5,9.9
82,109,9.9
74,43,9.9
70,116,9.9
165,18,9.9
150,15,0
2,110,9.9
179,143,0
188,149,0
34,50,9.9
24,68,0
134,161,0
125,187,9.9
48,89,0
43,39,0
130,140,0
19,31,0
88,25,9.9
4,176,0
27,173,0
65,27,9.9
181,164,0
136,94,9.9
53,183,9.9
128,111,0
28,155,9.9
49,114,0
36,114,9.9
91,151,9.9
111,131,9.9
108,1,9.9
83,195,9.9
55,165,9.9
36,126,9.9
72,71,0
173,141,0
141,163,0
38,15,9.9
28,157,0
94,138,9.9
132,114,0
180,47,0
144,85,9.9
184,145,9.9
14,189,0
25,69,9.9
83,39,9.9
108,122,9.9
118,68,9.9
62,29,0
100,197,0
2,29,0
37,111,9.9
111,148,0
90,193,0
8,109,9.9
68,55,0
16,131,0
176,200,0
168,126,0
53,111,9.9
119,119,9.9
22,27,0
45,116,9.9
64,191,0
88,24,9.9
138,115,9.9
159,46,0
26,168,9.9
199,154,9.9
63,155,0
148,148,9.9
188,87,0
21,72,9.9
125,30,9.9
50,152,0
179,109,0
134,169,0
175,122,0
179,53,9.9
46,90,0
134,150,9.9
70,44,9.9
128,31,9.9
135,124,0
78,69,0
40,62,9.9
164,95,9.9
76,22,0
115,23,9.9
155,133,0
43,196,9.9
177,132,9.9
147,29,0
140,186,0
131,170,0
161,105,0
180,103,0
123,52,0
164,99,9.9
165,125,9.9
166,119,9.9
45,20,0
8,180,0
115,76,0
87,131,9.9
65,194,9.9
190,191,9.9
139,65,9.9
189,53,9.9
31,162,9.9
121,179,0
160,32,0
165,112,9.9
37,103,9.9
56,97,9.9
44,40,0
146,55,9.9
57,24,0
22,115,0
142,90,9.9
166,68,0
77,40,0
194,155,9.9
158,190,9.9
101,22,9.9
150,53,9.9
191,36,9.9
107,81,9.9
137,24,0
123,194,0
153,25,9.9
61,177,9.9
145,98,0
167,52,0
154,192,0
95,8,9.9
48,188,0
10,75,9.9
101,148,9.9
127,78,9.9
27,48,0
122,98,9.9
37,88,0
105,154,0
25,154,9.9
183,187,9.9
44,200,0
42,178,9.9
36,154,0
47,100,0
142,107,9.9
164,22,9.9
134,92,0
55,188,0
156,168,9.9
83,103,0
49,32,9.9
178,36,9.9
27,122,0
105,105,0
168,71,0
49,115,9.9
122,142,9.9
176,73,0
31,178,0
64,53,9.9
159,59,9.9
50,127,0
187,195,9.9
172,187,9.9
151,181,0
60,129,9.9
23,15,0
3,96,0
53,155,9.9
142,108,0
165,9,0
71,114,0
90,72,0
16,95,9.9
47,79,0
65,80,0
163,150,0
69,166,9.9
174,195,0
96,29,0
188,111,0
105,24,9.9
25,158,9.9
150,35,9.9
185,31,0
138,47,0
43,38,9.9
94,118,0
160,188,9.9
18,181,9.9
6,169,0
56,143,9.9
78,170,0
43,31,9.9
74,123,0
88,184,0
70,143,0
120,107,0
125,4,9.9
86,94,0
94,142,9.9
18,0,9.9
86,62,0
34,10,0
54,171,9.9
121,78,0
158,44,0
196,14,9.9
30,191,9.9
39,106,0
57,176,9.9
195,118,0
38,150,9.9
51,119,0
115,97,9.9
180,36,9.9
15,60,0
132,20,9.9
93,59,0
50,17,0
74,140,9.9
12,126,9.9
161,150,0
31,23,0
139,122,9.9
16,96,9.9
44,102,0
147,14,0
177,83,9.9
54,156,0
181,67,0
21,175,0
134,41,0
64,117,9.9
73,41,0
110,16,0
176,85,0
41,82,0
86,38,9.9
87,10,0
51,158,0
46,62,0
36,65,9.9
123,181,0
90,121,9.9
57,43,9.9
61,171,0
93,70,9.9
53,56,9.9
111,99,0
122,122,9.9
128,113,0
88,86,0
87,198,0
93,116,0
131,65,9.9
154,94,9.9
21,141,9.9
4,23,0
82,130,0
42,196,0
180,85,0
140,54,9.9
60,139,9.9
107,43,9.9
82,31,0
59,13,0
125,136,0
150,179,9.9
120,154,9.9
180,58,9.9
118,58,0
124,113,9.9
84,9,9.9
169,146,0
24,63,0
13,194,9.9
63,2,9.9
79,94,9.9
172,135,0
199,99,9.9
0,131,9.9
175,145,9.9
23,31,0
139,197,9.9
83,85,0
80,102,9.9
16,20,0
94,186,0
1,18,9.9
114,36,0
36,45,0
116,2,9.9
19,15,9.9
28,134,0
156,22,9.9
84,153,9.9
110,191,9.9
38,34,9.9
37,16,0
62,129,9.9
85,185,9.9
11,88,0
193,99,0
16,127,9.9
162,174,9.9
126,181,0
193,151,0
194,195,9.9
22,138,9.9
63,165,0
72,176,9.9
162,187,0
187,24,9.9
42,36,0
18,18,9.9
12,12,0
11,77,0
130,162,0
41,182,0
110,193,0
127,138,0
170,37,0
166,113,0
38,36,9.9
62,194,9.9
39,78,0
181,142,0
43,140,0
137,82,9.9
100,51,0
76,51,9.9
129,111,9.9
101,182,0
167,188,0
105,122,9.9
83,52,0
157,84,9.9
100,31,9.9
174,121,0
97,97,9.9
165,145,0
104,16,0
146,193,9.9
94,139,9.9
186,34,9.9
65,12,0
108,101,0
36,30,0
132,92,9.9
161,22,0
110,30,9.9
158,39,9.9
61,174,9.9
148,3,9.9
174,147,0
8,27,0
137,188,0
31,122,0
76,189,9.9
43,132,0
63,8,0
44,51,9.9
172,3,0
78,44,0
176,127,0
41,7,0
13,84,0
81,108,9.9
97,100,9.9
38,174,9.9
40,51,0
59,105,9.9
7,164,9.9
56,146,0
62,115,0
62,56,0
102,183,0
99,61,9.9
6,172,0
107,47,0
190,73,9.9
69,62,0
100,46,0
14,155,0
150,23,0
79,93,0
29,65,9.9
122,58,0
73,44,9.9
182,104,9.9
18,106,9.9
191,10,0
137,33,9.9
63,95,0
69,110,9.9
153,57,0
86,11,9.9
76,151,9.9
164,16,0
38,132,9.9
160,21,9.9
13,193,9.9
103,8,9.9
188,150,0
55,142,0
74,115,9.9
134,166,9.9
117,105,0
15,54,9.9
53,100,0
172,87,0
51,22,9.9
57,49,9.9
148,24,0
118,31,0
194,168,0
94,180,0
131,7,0
50,20,9.9
94,159,0
67,88,0
124,129,9.9
81,113,0
20,27,0
48,113,0
125,71,9.9
93,61,9.9
150,81,0
122,101,0
164,37,9.9
2,163,9.9
144,68,9.9
137,12,9.9
102,43,9.9
7,75,0
22,129,0
181,38,0
34,116,0
122,188,0
173,160,0
23,123,0
79,176,0
31,22,9.9
170,14,9.9
141,11,9.9
116,106,9.9
91,158,9.9
168,19,0
27,75,9.9
69,59,9.9
21,192,9.9
15,113,9.9
63,110,9.9
122,119,0
87,72,9.9
88,1,9.9
60,2,0
101,87,9.9
34,85,9.9
27,128,0
40,127,0
140,90,0
176,183,9.9
199,37,0
130,83,9.9
128,83,9.9
59,21,9.9
150,90,0
124,191,0
164,24,0
198,192,0
14,2,0
74,19,0
178,125,0
52,190,9.9
52,67,0
9,35,9.9
30,165,9.9
162,30,0
139,93,9.9
44,144,9.9
73,168,9.9
69,126,0
188,173,0
196,190,0
126,56,9.9
81,156,0
47,191,0
84,186,0
107,104,9.9
114,102,0
133,43,9.9
85,143,9.9
68,23,9.9
6,122,9.9
97,16,9.9
189,127,9.9
74,10,9.9
42,179,0
20,138,9.9
142,151,9.9
20,87,9.9
105,172,9.9
194,187,0
172,71,0
150,79,0
65,137,9.9
197,145,9.9
119,38,0
50,154,0
94,58,0
40,172,0
132,159,0
15,116,9.9
21,96,0
109,52,0
80,127,0
1,187,0
107,154,9.9
110,165,9.9
69,49,0
109,97,0
84,11,0
89,95,9.9
132,4,9.9
147,69,0
28,0,9.9
85,52,9.9
51,81,9.9
134,14,0
114,143,0
133,82,9.9
42,110,0
159,15,9.9
187,160,9.9
169,51,0
96,68,9.9
73,7,0
115,28,9.9
109,166,0
56,61,9.9
132,101,0
153,47,0
144,199,0
42,43,9.9
32,82,0
113,164,9.9
54,150,9.9
167,154,0
182,145,9.9
27,98,9.9
69,57,9.9
65,163,0
176,71,0
138,189,9.9
72,144,0
59,44,9.9
144,66,0
187,54,9.9
50,142,0
106,176,9.9
82,43,0
168,171,0
82,97,0
128,10,9.9
196,52,0
5,61,9.9
109,140,0
137,28,9.9
169,11,9.9
168,130,9.9
146,197,9.9
69,177,9.9
23,113,0
162,158,9.9
62,27,9.9
70,111,0
166,76,0
100,58,9.9
153,10,9.9
196,28,9.9
88,12,9.9
106,83,0
47,156,9.9
119,178,0
70,23,9.9
58,100,0
25,105,9.9
56,66,9.9
111,166,0
117,31,0
137,185,9.9
47,175,9.9
52,169,9.9
67,178,9.9
160,115,0
71,176,0
13,14,0
14,0,0
70,87,9.9
185,159,9.9
78,166,9.9
31,154,0
153,141,0
157,103,0
0,14,9.9
94,144,9.9
143,18,9.9
160,10,0
66,179,9.9
170,33,0
66,29,0
72,94,9.9
157,43,0
27,2,0
105,67,9.9
131,92,9.9
102,173,0
44,10,0
167,128,0
177,41,9.9
135,65,0
48,123,9.9
117,127,0
133,182,9.9
146,174,0
89,172,9.9
190,33,9.9
86,134,0
71,179,9.9
16,158,9.9
132,154,9.9
163,74,0
124,26,0
25,125,9.9
10,161,0
83,131,9.9
65,32,9.9
30,70,9.9
55,127,9.9
40,90,0
139,56,9.9
3,118,9.9
89,109,0
157,199,0
30,53,9.9
120,69,9.9
71,14,0
106,41,0
179,200,0
36,50,0
116,159,0
109,9,9.9
37,8,9.9
62,0,0
129,56,0
170,158,0
110,132,0
101,9,9.9
176,26,9.9
83,139,0
127,153,0
12,21,0
168,181,9.9
56,3,9.9
46,51,9.9
194,1,0
197,169,9.9
82,116,9.9
63,119,0
124,181,0
117,143,0
18,60,9.9
87,93,9.9
85,65,0
199,118,9.9
195,54,9.9
57,44,9.9
117,155,9.9
2,37,9.9
183,121,0
16,124,0
78,85,9.9
22,7,9.9
136,195,9.9
195,35,0
5,37,9.9
77,20,0
16,79,9.9
198,94,9.9
52,51,0
97,196,0
145,30,9.9
70,19,9.9
78,105,0
16,25,0
64,13,9.9
77,185,9.9
155,28,0
96,110,0
27,179,0
38,38,0
74,180,9.9
77,108,9.9
51,197,0
148,187,9.9
165,117,9.9
193,88,9.9
36,182,9.9
45,107,9.9
124,193,0
27,162,0
179,8,0
57,177,0
15,94,9.9
52,184,9.9
111,134,0
177,85,9.9
167,169,9.9
115,190,0
22,180,0
46,126,9.9
151,41,0
158,134,9.9
190,163,9.9
149,102,9.9
84,84,0
169,136,9.9
49,30,9.9
91,96,9.9
50,181,0
73,158,0
111,110,0
20,80,9.9
86,28,0
46,97,9.9
43,47,9.9
158,187,0
10,190,0
184,58,9.9
65,130,9.9
121,3,0
159,104,9.9
45,192,9.9
165,61,0
96,157,9.9
145,64,0
23,198,0
116,84,9.9
128,199,0
136,147,0
27,107,9.9
128,197,0
184,192,0
183,4,0
169,144,0
27,136,0
144,12,0
59,158,0
151,40,9.9
173,5,0
164,72,9.9
152,197,9.9
198,66,0
180,180,9.9
37,7,9.9
197,95,0
63,53,9.9
112,56,9.9
40,4,0
57,146,0
132,7,9.9
9,81,0
152,179,9.9
19,92,0
153,157,0
115,26,9.9
131,104,0
9,34,0
199,170,9.9
23,8,0
17,62,0
154,3,9.9
92,81,9.9
195,44,0
84,144,9.9
122,104,9.9
41,36,0
12,195,0
175,128,9.9
45,32,0
197,63,9.9
130,125,0
43,58,9.9
160,71,9.9
147,60,9.9
171,185,0
35,115,0
0,31,0
108,99,0
43,107,9.9
27,22,9.9
24,190,0
139,129,0
198,112,0
184,199,0
69,189,0
66,101,0
70,141,9.9
61,199,0
117,66,9.9
98,136,0
41,168,0
76,0,9.9
199,23,0
158,13,0
82,119,9.9
36,167,9.9
66,52,0
128,138,0
117,158,0
77,121,9.9
103,99,9.9
63,92,9.9
13,138,9.9
25,13,0
44,66,9.9
93,187,0
124,85,0
137,186,9.9
11,116,9.9
191,150,9.9
72,73,9.9
186,178,0
43,25,0
199,168,0
154,107,9.9
16,176,9.9
97,41,9.9
80,88,0
114,136,0
69,36,0
145,174,9.9
106,100,9.9
10,51,0
168,137,9.9
79,75,0
39,55,0
192,1,0
52,135,9.9
89,118,0
50,121,0
199,135,0
190,127,0
61,153,0
65,5,0
19,188,9.9
152,163,0
139,32,0
101,129,0
77,106,9.9
175,72,9.9
97,92,0
113,133,0
149,73,0
35,134,9.9
131,122,9.9
93,23,9.9
54,142,9.9
8,107,9.9
129,44,0
52,131,0
51,63,0
187,196,9.9
149,40,9.9
89,70,9.9
165,179,9.9
137,135,9.9
155,11,9.9
61,26,9.9
193,11,9.9
146,85,9.9
52,102,0
125,2,0
148,96,9.9
25,17,9.9
78,117,9.9
190,93,9.9
2,192,0
198,99,9.9
62,135,9.9
136,18,9.9
57,118,9.9
180,169,9.9
7,98,0
39,75,9.9
29,41,0
102,144,0
73,157,9.9
106,184,0
166,194,9.9
192,126,0
129,174,9.9
4,37,0
67,141,0
146,2,9.9
20,165,0
123,75,0
191,118,9.9
54,46,0
155,61,0
131,169,0
128,38,9.9
145,120,9.9
149,80,9.9
195,191,0
177,131,9.9
90,167,0
6,72,0
58,57,0
30,96,0
142,45,9.9
187,92,0
140,87,9.9
36,51,9.9
113,19,9.9
55,178,0
65,30,9.9
132,162,9.9
132,60,0
11,12,0
66,159,9.9
19,1,9.9
23,21,9.9
51,12,0
31,131,0
77,193,0
88,18,9.9
24,135,0
83,189,9.9
37,152,9.9
29,123,0
88,98,0
99,32,9.9
40,29,0
190,31,0
87,24,0
20,191,0
48,35,9.9
41,18,0
47,88,9.9
161,9,9.9
143,69,9.9
155,149,0
123,73,0
173,193,9.9
8,92,0
55,179,0
94,53,0
187,65,9.9
123,176,0
174,162,0
178,186,9.9
147,171,9.9
84,29,0
165,25,9.9
55,194,9.9
36,131,0
150,163,9.9
120,183,9.9
146,100,9.9
130,158,9.9
165,2,0
65,63,9.9
107,32,9.9
56,40,0
37,55,9.9
189,183,9.9
52,201,0
144,135,9.9
117,44,0
150,143,0
19,65,9.9
6,134,9.9
163,59,0
100,184,9.9
100,66,0
137,83,0
4,95,9.9
134,181,9.9
45,167,9.9
181,42,0
71,68,9.9
159,119,9.9
112,3,9.9
111,190,0
87,182,9.9
78,200,0
178,29,0
42,16,0
15,41,9.9
177,88,0
92,58,9.9
105,84,0
44,118,0
24,42,0
195,103,9.9
81,24,9.9
89,176,0
105,25,0
119,201,9.9
7,161,0
83,138,0
35,114,9.9
109,3,9.9
121,181,9.9
157,101,0
68,167,9.9
3,144,0
107,110,9.9
192,20,9.9
20,73,0
145,8,9.9
163,4,9.9
16,145,9.9
81,11,9.9
43,102,0
68,128,9.9
168,38,0
171,10,0
95,1,0
33,162,9.9
95,160,9.9
95,104,9.9
163,98,0
160,135,9.9
164,124,0
32,59,9.9
156,89,0
13,107,9.9
68,188,9.9
48,63,0
47,85,9.9
193,177,9.9
55,35,0
169,137,0
152,106,0
61,186,0
51,173,9.9
9,110,0
163,187,0
57,89,9.9
85,116,9.9
149,72,9.9
51,28,9.9
185,17,9.9
57,6,0
93,181,9.9
81,83,0
126,60,9.9
195,58,9.9
79,48,9.9
113,66,0
81,38,0
140,64,9.9
3,169,9.9
178,0,0
195,106,9.9
151,99,0
73,166,0
184,93,0
87,67,9.9
112,102,0
77,85,9.9
30,61,0
126,157,0
154,23,0
193,128,0
148,189,0
70,8,9.9
160,81,9.9
132,57,0
104,58,9.9
144,188,0
5,176,9.9
38,156,0
154,47,0
124,63,9.9
187,97,9.9
161,181,9.9
128,43,9.9
157,178,0
37,90,0
79,90,9.9
63,117,9.9
170,57,0
116,60,0
184,189,9.9
21,160,9.9
139,85,9.9
30,178,0
188,156,0
35,103,9.9
11,11,0
3,29,0
157,124,9.9
56,54,0
78,162,0
28,17,0
14,103,0
84,15,9.9
112,63,0
196,107,0
179,193,0
147,76,9.9
189,132,0
46,48,0
126,0,9.9
3,120,0
81,33,9.9
143,45,0
5,127,9.9
94,122,0
124,97,9.9
135,171,9.9
147,160,0
196,89,0
16,165,9.9
83,83,9.9
103,58,9.9
51,108,9.9
102,132,9.9
67,103,9.9
139,78,9.9
4,121,0
155,172,9.9
59,69,9.9
138,143,0
46,6,9.9
25,107,0
75,136,9.9
158,64,9.9
47,39,0
26,22,9.9
120,137,0
70,86,9.9
193,10,9.9
132,69,9.9
32,107,0
34,136,0
181,185,0
7,120,9.9
79,127,0
44,15,0
158,49,0
0,165,9.9
29,59,9.9
19,33,0
154,61,9.9
30,48,0
0,96,9.9
88,32,0
84,124,9.9
4,74,0
171,19,0
82,55,9.9
25,131,0
10,111,9.9
134,26,9.9
7,175,9.9
114,54,9.9
114,52,0
184,183,9.9
62,155,0
129,170,9.9
121,74,0
105,107,0
100,33,0
94,18,9.9
6,86,9.9
74,197,9.9
79,167,0
14,114,9.9
68,4,9.9
142,56,0
114,193,9.9
22,164,9.9
109,37,0
186,163,0
190,60,0
8,89,0
35,190,0
117,101,0
80,28,9.9
142,143,9.9
185,200,9.9
21,134,0
175,106,9.9
128,192,0
171,89,0
17,19,9.9
171,171,0
13,40,9.9
160,111,9.9
12,19,9.9
177,28,0
69,58,0
82,124,9.9
20,28,9.9
124,163,0
195,38,0
3,126,9.9
25,99,9.9
194,65,9.9
72,163,0
168,74,9.9
130,44,0
121,89,0
58,12,9.9
162,179,0
122,144,0
91,40,9.9
156,157,0
45,125,0
9,44,0
191,127,0
131,129,9.9
28,79,9.9
152,110,9.9
66,20,9.9
89,33,9.9
9,13,9.9
159,32,0
107,149,9.9
43,51,0
193,79,9.9
12,49,9.9
162,71,9.9
66,158,9.9
122,52,9.9
172,109,0
135,62,9.9
3,77,9.9
53,156,9.9
35,45,9.9
105,48,0
1,8,0
48,65,0
87,3,9.9
123,20,0
96,17,0
109,132,0
169,186,0
21,140,9.9
199,130,0
1,129,0
31,24,9.9
35,83,9.9
37,146,9.9
136,48,9.9
145,66,0
187,136,9.9
185,184,9.9
17,120,9.9
1,77,0
118,194,9.9
170,196,0
173,48,9.9
132,63,9.9
49,0,0
6,135,9.9
73,52,9.9
188,109,0
130,22,0
187,71,9.9
154,14,9.9
50,144,9.9
196,66,9.9
44,175,9.9
139,39,9.9
174,31,0
5,151,9.9
113,174,0
144,147,0
44,62,0
86,54,9.9
94,83,9.9
167,136,9.9
133,37,9.9
43,156,9.9
72,1,9.9
138,129,0
7,103,9.9
168,159,9.9
121,17,0
95,124,9.9
65,199,9.9
157,68,9.9
46,10,0
24,129,9.9
173,119,0
53,84,9.9
19,82,0
178,74,9.9
58,43,0
80,95,0
169,114,9.9
135,168,0
14,164,9.9
194,147,9.9
53,51,9.9
126,16,9.9
96,3,0
81,72,9.9
133,173,0
172,169,9.9
50,69,0
20,55,9.9
198,31,9.9
194,130,9.9
157,102,9.9
186,80,0
171,114,0
45,46,9.9
111,98,9.9
104,88,0
33,171,0
192,198,9.9
87,50,0
106,166,9.9
113,38,9.9
32,17,0
126,174,0
114,57,0
146,140,9.9
103,23,0
66,180,0
185,183,9.9
55,150,9.9
186,71,9.9
66,77,0
4,38,0
194,158,0
169,73,0
177,81,9.9
21,25,0
109,79,0
56,197,0
27,61,0
64,101,0
61,200,0
8,24,9.9
41,87,9.9
40,117,9.9
77,57,9.9
116,67,0
135,47,9.9
63,107,0
112,101,0
0,15,9.9
136,84,0
193,18,0
144,13,0
163,19,9.9
59,16,9.9
60,16,0
75,127,0
49,134,0
25,65,0
34,104,0
60,17,0
156,158,0
192,113,0
157,105,9.9
24,137,0
140,95,0
181,57,9.9
117,78,9.9
34,78,9.9
1,78,0
103,125,9.9
84,162,0
44,59,0
180,57,9.9
107,151,9.9
116,7,0
114,140,0
55,0,0
146,20,9.9
36,158,0
11,80,9.9
77,191,9.9
82,38,9.9
191,155,9.9
60,50,0
163,119,0
77,45,9.9
1,117,9.9
117,30,9.9
115,201,9.9
162,169,0
35,184,9.9
76,144,0
142,23,9.9
128,54,9.9
133,57,9.9
11,60,0
3,76,0
33,49,9.9
138,92,9.9
53,75,0
33,78,0
194,10,0
10,131,0
102,38,0
141,147,0
93,71,9.9
6,49,0
127,77,9.9
91,107,0
113,57,9.9
68,118,9.9
146,112,9.9
120,2,9.9
82,28,9.9
176,160,0
145,70,9.9
137,171,9.9
93,21,9.9
14,135,0
106,163,9.9
144,40,0
97,155,9.9
105,53,9.9
166,19,0
180,185,0
190,47,9.9
159,130,0
108,151,9.9
194,77,9.9
154,51,0
173,153,0
88,19,9.9
106,73,9.9
141,32,0
77,67,0
16,110,0
67,52,0
190,112,0
135,66,9.9
99,198,0
100,135,0
187,200,0
20,4,9.9
11,162,9.9
59,186,9.9
86,59,9.9
92,103,0
161,97,0
1,97,0
149,111,0
161,75,9.9
113,48,0
30,63,0
23,197,0
23,30,9.9
88,139,9.9
109,90,9.9
171,13,9.9
182,166,0
108,49,9.9
89,199,0
12,200,0
179,47,0
176,86,9.9
158,168,9.9
72,159,0
11,43,0
104,194,9.9
3,64,9.9
7,117,0
53,188,9.9
155,73,0
121,167,9.9
29,119,9.9
162,0,0
149,168,9.9
188,68,9.9
131,147,0
119,127,9.9
98,158,9.9
114,169,0
124,49,0
156,199,9.9
60,120,9.9
179,86,9.9
69,27,0
86,51,0
0,133,9.9
163,13,9.9
153,19,0
146,94,9.9
81,149,9.9
197,173,0
128,163,9.9
63,145,0
151,142,0
109,201,9.9
63,124,0
143,99,9.9
73,164,9.9
109,99,9.9
100,69,9.9
1,123,0
165,101,9.9
152,29,9.9
199,185,9.9
45,135,0
172,112,0
65,154,9.9
106,94,9.9
26,159,0
37,188,9.9
128,70,9.9
16,138,0
90,71,0
163,72,0
132,140,9.9
170,21,0
94,34,9.9
146,75,0
12,170,9.9
185,192,9.9
44,178,0
76,112,0
21,128,9.9
39,177,9.9
141,9,9.9
79,113,9.9
24,164,9.9
37,109,9.9
125,64,0
25,118,9.9
109,115,9.9
122,193,9.9
99,100,0
101,17,9.9
180,79,0
126,196,9.9
179,199,9.9
25,23,9.9
26,95,9.9
111,71,0
16,92,9.9
54,152,0
11,76,0
32,153,9.9
80,81,9.9
91,180,0
24,34,9.9
92,12,0
105,109,0
47,45,9.9
197,100,9.9
88,141,9.9
14,31,9.9
50,161,9.9
114,180,0
7,11,9.9
154,54,0
60,69,0
121,160,9.9
143,11,0
119,166,0
76,85,9.9
109,22,9.9
126,119,9.9
100,175,9.9
129,182,0
115,171,0
44,125,0
47,5,9.9
94,130,9.9
168,65,0
189,91,0
44,83,9.9
50,119,0
159,80,0
27,86,0
172,111,9.9
153,137,0
92,177,0
162,154,9.9
82,76,0
156,69,0
153,110,0
84,151,9.9
36,142,0
101,175,9.9
131,142,9.9
114,55,0
98,2,9.9
60,41,9.9
176,24,9.9
90,146,0
53,50,9.9
25,189,0
7,48,0
45,109,0
44,80,0
111,60,0
27,80,0
167,36,9.9
63,51,0
162,122,9.9
59,1,9.9
116,71,0
40,106,0
181,65,9.9
196,76,9.9
103,181,0
67,24,0
3,56,0
174,85,9.9
34,170,0
40,27,0
66,95,0
130,46,9.9
109,182,0
183,7,9.9
103,159,9.9
97,96,9.9
170,55,0
115,88,9.9
95,148,0
14,138,0
79,188,0
1,15,0
63,72,9.9
179,70,0
100,90,0
50,19,9.9
116,32,9.9
179,154,0
49,59,9.9
48,29,9.9
45,126,9.9
197,34,9.9
21,118,0
40,152,0
121,193,9.9
133,90,9.9
10,59,9.9
59,56,9.9
145,117,9.9
83,183,9.9
2,97,0
154,148,9.9
146,9,9.9
10,137,0
87,129,9.9
185,48,0
155,71,9.9
158,55,0
198,173,9.9
96,139,9.9
101,70,0
56,132,0
116,38,9.9
97,190,9.9
120,197,0
69,114,9.9
160,118,0
161,141,0
142,167,9.9
45,195,0
35,152,0
159,103,0
102,19,9.9
98,177,9.9
126,99,9.9
119,90,0
27,110,9.9
41,74,0
169,145,0
129,84,0
103,88,9.9
75,124,0
13,13,9.9
152,129,9.9
188,78,9.9
14,108,0
135,19,9.9
170,89,9.9
75,142,0
19,189,0
142,14,9.9
88,109,0
195,138,0
145,118,9.9
101,189,0
189,192,0
46,155,0
74,143,0
80,55,9.9
176,79,0
90,81,9.9
135,113,9.9
102,91,0
98,197,9.9
13,178,9.9
75,47,0
53,8,0
29,5,0
39,122,9.9
162,23,9.9
105,140,9.9
156,2,9.9
40,55,0
139,70,9.9
124,10,9.9
151,127,0
31,56,9.9
126,87,0
114,7,0
3,129,0
52,152,9.9
140,179,0
54,190,9.9
123,153,9.9
167,163,9.9
181,97,9.9
185,67,0
5,108,9.9
18,51,0
155,0,0
195,47,0
168,52,0
154,188,0
135,92,9.9
5,149,0
167,174,9.9
152,42,9.9
146,56,0
91,18,0
183,100,0
96,173,0
171,50,0
157,81,9.9
151,169,9.9
141,91,9.9
135,40,0
35,41,9.9
95,141,9.9
100,123,9.9
86,71,0
60,146,0
75,123,9.9
182,22,9.9
196,139,9.9
17,79,0
165,83,9.9
103,148,9.9
54,118,9.9
167,17,9.9
107,60,0
53,88,0
147,146,9.9
171,128,0
86,33,0
162,77,9.9
98,145,9.9
158,193,9.9
172,19,9.9
161,95,0
5,19,9.9
5,120,0
99,156,0
62,55,0
12,120,0
154,82,9.9
155,100,9.9
189,149,0
83,122,9.9
151,64,9.9
157,56,9.9
187,190,0
152,4,0
27,194,9.9
110,46,0
29,190,0
38,63,9.9
66,33,0
151,15,0
148,183,0
9,74,9.9
58,69,0
118,5,9.9
123,28,9.9
27,176,9.9
111,116,0
112,156,0
1,16,0
130,142,9.9
50,7,9.9
40,95,9.9
15,68,0
8,33,9.9
139,170,0
38,27,0
153,106,0
92,20,0
25,97,0
16,9,9.9
32,121,0
27,124,0
82,179,9.9
156,66,9.9
82,185,9.9
49,186,9.9
179,96,0
109,2,9.9
51,54,0
134,77,9.9
134,167,9.9
135,29,0
65,34,0
164,1,9.9
147,16,9.9
94,124,0
65,55,9.9
138,88,0
5,145,0
190,150,0
62,23,9.9
109,72,9.9
85,74,9.9
7,91,9.9
46,55,0
42,93,9.9
144,8,0
110,65,0
72,111,9.9
78,189,0
83,97,0
80,145,0
29,2,9.9
47,62,0
183,135,9.9
161,55,9.9
172,25,9.9
86,14,0
23,158,0
91,6,0
76,2,9.9
81,63,0
165,45,9.9
105,15,0
89,141,9.9
129,94,0
81,118,0
82,191,0
111,45,0
123,69,9.9
70,185,9.9
197,66,0
124,56,9.9
27,89,9.9
102,26,9.9
157,201,0
50,106,9.9
25,70,9.9
49,121,0
99,81,0
37,1,9.9
94,108,9.9
177,180,0
66,114,0
10,168,9.9
137,114,0
27,193,9.9
85,22,0
107,155,9.9
27,159,9.9
187,180,0
94,123,9.9
116,53,0
115,42,9.9
54,172,9.9
103,19,9.9
194,149,9.9
188,137,0
157,14,9.9
113,24,9.9
177,126,0
20,157,0
122,183,0
38,153,0
73,195,9.9
141,60,0
80,161,9.9
87,157,0
169,80,9.9
122,25,0
51,139,0
140,42,9.9
67,58,0
157,185,0
176,1,9.9
166,198,9.9
112,97,9.9
133,85,9.9
57,160,0
187,96,0
51,195,9.9
157,17,0
44,191,0
34,81,0
38,200,9.9
168,112,0
178,122,0
137,106,0
191,39,0
147,182,9.9
115,27,0
70,25,0
79,64,0
73,65,9.9
57,40,0
12,34,9.9
119,86,0
88,70,9.9
160,86,0
67,99,9.9
109,124,0
21,191,0
136,72,0
3,99,0
48,33,0
76,194,0
78,21,9.9
156,27,0
79,46,0
46,103,0
90,56,9.9
121,69,0
4,22,0
38,121,0
145,52,0
49,171,0
43,114,9.9
1,38,9.9
187,7,9.9
5,123,9.9
166,11,0
96,168,0
136,170,0
86,70,9.9
148,0,9.9
196,174,0
41,155,9.9
80,147,9.9
42,54,9.9
25,87,9.9
191,119,0
65,86,9.9
42,152,9.9
144,34,9.9
107,75,9.9
11,15,9.9
120,131,9.9
137,118,0
184,116,9.9
55,61,9.9
23,67,9.9
69,16,0
17,126,9.9
78,72,9.9
118,35,0
157,137,0
75,160,0
195,180,9.9
121,118,9.9
90,65,9.9
39,100,9.9
104,35,0
164,42,0
188,138,0
14,117,0
174,37,0
86,156,9.9
108,59,0
76,92,9.9
192,123,0
178,22,9.9
44,6,9.9
78,144,9.9
20,186,9.9
31,60,9.9
159,183,9.9
104,120,0
160,3,9.9
53,103,9.9
145,184,0
96,185,0
107,141,9.9
154,163,9.9
32,194,0
153,111,0
89,137,9.9
74,16,9.9
87,95,9.9
154,68,0
51,190,9.9
37,201,0
174,103,9.9
176,198,9.9
98,66,9.9
166,64,0
3,50,0
141,183,0
159,191,0
160,129,9.9
113,94,9.9
24,31,9.9
151,173,9.9
126,45,9.9
87,65,0
127,21,9.9
39,112,9.9
65,164,9.9
108,195,9.9
119,19,0
113,68,9.9
170,28,9.9
157,131,9.9
78,98,0
29,92,9.9
92,85,0
14,6,9.9
114,181,0
82,41,0
75,107,0
165,51,0
178,136,0
78,13,0
65,175,0
10,30,9.9
125,28,9.9
72,4,0
79,129,0
3,100,0
54,98,0
75,165,0
65,24,9.9
167,120,0
103,143,9.9
54,6,9.9
41,143,0
46,146,0
142,192,9.9
187,126,9.9
144,194,9.9
64,33,9.9
9,178,0
185,145,0
34,13,9.9
176,30,9.9
198,184,9.9
98,175,0
78,112,0
4,148,9.9
40,42,9.9
78,30,0
164,183,9.9
185,74,9.9
12,20,0
196,38,0
26,49,9.9
55,134,9.9
121,36,0
143,154,0
52,84,0
21,94,9.9
56,21,0
33,75,9.9
112,75,0
19,20,9.9
64,22,0
109,8,9.9
114,43,9.9
117,63,9.9
136,151,0
146,36,9.9
122,108,0
14,29,0
159,12,9.9
30,169,0
142,22,0
175,163,9.9
183,166,0
60,160,0
180,14,9.9
133,185,0
180,23,0
49,103,9.9
134,76,9.9
61,173,9.9
1,192,9.9
166,59,0
187,53,9.9
75,173,9.9
117,40,0
154,119,9.9
13,196,9.9
127,125,0
65,176,9.9
18,7,0
69,32,0
48,85,0
145,135,0
140,150,0
81,195,9.9
162,173,9.9
110,14,0
58,179,0
111,198,0
187,175,9.9
167,93,9.9
9,70,9.9
16,167,0
74,89,9.9
3,125,9.9
167,63,0
95,158,0
185,199,9.9
55,143,0
8,164,0
36,116,9.9
180,132,0
28,23,0
101,91,9.9
98,22,0
93,156,9.9
120,193,0
130,109,0
58,185,0
114,160,9.9
142,184,9.9
40,45,0
196,137,9.9
13,129,9.9
126,98,0
7,124,9.9
59,195,9.9
136,6,0
131,177,9.9
17,50,0
5,11,0
103,168,0
97,114,0
67,185,0
186,97,0
66,2,0
5,1,0
189,79,9.9
139,134,0
40,94,9.9
177,200,9.9
82,10,9.9
46,61,0
21,164,0
55,135,9.9
82,125,9.9
119,161,9.9
67,147,0
30,32,0
7,176,9.9
189,168,0
124,98,0
162,85,9.9
169,181,9.9
75,108,0
35,24,0
35,62,0
141,10,0
69,165,9.9
81,185,9.9
35,18,0
57,51,0
103,153,0
111,127,9.9
185,135,9.9
77,16,0
43,163,9.9
34,31,9.9
147,39,9.9
197,78,9.9
43,54,0
194,104,0
124,167,0
78,199,9.9
80,117,9.9
11,144,9.9
2,26,9.9
177,59,0
65,136,9.9
101,4,0
97,42,9.9
68,170,0
64,129,0
199,139,9.9
198,72,9.9
99,185,9.9
169,163,9.9
162,162,9.9
72,5,9.9
180,29,0
154,52,9.9
110,31,9.9
130,43,9.9
37,159,9.9
40,111,0
74,194,9.9
157,116,0
61,180,0
187,103,0
57,61,9.9
127,34,0
102,117,9.9
144,39,9.9
91,165,9.9
84,106,9.9
199,31,0
130,76,0
180,61,0
156,79,9.9
147,129,9.9
6,53,0
81,175,0
98,65,9.9
47,131,0
177,122,9.9
27,115,0
197,49,9.9
72,186,0
47,50,9.9
127,180,9.9
118,190,0
121,187,9.9
48,1,9.9
134,124,9.9
109,49,0
151,51,9.9
75,171,0
80,32,0
63,41,0
52,168,9.9
142,116,0
15,69,9.9
66,0,9.9
146,116,9.9
139,138,9.9
188,154,0
23,49,0
165,11,9.9
32,22,0
50,163,0
163,51,0
159,185,0
154,4,0
117,17,0
96,77,0
52,163,9.9
159,168,9.9
139,23,9.9
122,137,0
26,101,9.9
79,197,0
124,154,0
50,185,9.9
155,164,0
173,56,9.9
183,99,9.9
161,112,0
80,107,0
172,28,0
50,190,0
73,22,0
198,100,0
72,134,9.9
110,20,9.9
166,82,9.9
165,27,9.9
138,65,9.9
195,130,9.9
54,105,9.9
94,50,0
31,95,0
41,49,0
38,49,9.9
31,52,9.9
85,172,0
183,49,0
28,89,9.9
28,196,9.9
122,29,9.9
111,168,0
97,191,9.9
87,187,0
61,73,9.9
187,158,0
40,187,9.9
0,187,0
137,78,9.9
119,59,9.9
108,69,0
24,65,9.9
74,112,9.9
106,10,9.9
183,112,9.9
169,167,0
67,139,0
57,121,0
163,120,0
116,70,0
61,141,0
89,79,0
173,134,9.9
98,34,0
159,18,0
62,77,0
171,98,9.9
152,66,0
147,74,0
46,161,0
49,64,9.9
27,17,9.9
13,161,9.9
114,98,9.9
128,101,9.9
28,13,9.9
72,95,0
86,41,0
8,29,0
60,61,0
77,33,9.9
127,187,0
132,18,9.9
142,72,9.9
61,80,9.9
111,112,9.9
199,121,9.9
191,58,0
31,5,0
119,177,0
163,109,0
51,143,9.9
119,104,0
81,192,0
31,104,9.9
94,91,9.9
18,157,9.9
192,127,9.9
31,167,9.9
45,197,9.9
181,68,0
84,42,0
1,72,9.9
161,21,9.9
91,162,0
54,19,0
173,94,0
118,46,0
43,3,9.9
0,78,9.9
1,159,0
163,62,0
76,87,0
163,174,0
167,111,9.9
95,31,0
167,143,0
7,31,0
111,146,0
139,160,0
186,1,9.9
157,31,9.9
99,70,9.9
88,128,0
132,22,9.9
75,80,0
78,146,0
5,25,0
131,100,0
90,108,0
116,66,0
129,180,0
10,158,0
0,23,9.9
87,2,9.9
35,165,0
22,188,0
117,32,0
157,177,0
83,201,9.9
20,105,9.9
133,6,0
167,18,9.9
167,21,9.9
10,130,9.9
72,32,0
111,123,9.9
19,12,0
150,148,0
18,128,9.9
112,117,9.9
101,90,9.9
180,105,0
90,95,0
45,24,0
99,184,9.9
134,8,9.9
34,177,0
57,184,0
191,141,9.9
154,135,9.9
119,151,0
140,12,9.9
124,192,0
140,70,0
108,83,9.9
3,111,9.9
50,13,0
150,171,0
128,69,0
92,148,0
97,169,9.9
136,99,9.9
37,13,9.9
62,85,0
168,56,0
154,181,9.9
109,93,9.9
26,11,9.9
109,100,9.9
156,44,0
168,121,0
101,157,9.9
9,187,0
199,41,9.9
94,28,9.9
128,74,0
122,149,9.9
1,87,0
26,17,9.9
16,0,9.9
24,125,0
53,123,9.9
191,44,0
160,20,0
132,66,0
2,0,0
71,64,0
192,172,9.9
87,46,0
61,109,9.9
52,124,0
117,137,9.9
172,61,0
13,136,0
88,157,0
135,2,0
8,135,0
73,141,9.9
93,183,9.9
129,1,0
58,147,0
18,160,9.9
197,0,0
154,93,0
62,122,9.9
78,25,0
1,62,0
74,116,9.9
119,24,9.9
29,108,9.9
124,47,0
24,29,9.9
50,41,9.9
7,52,0
80,149,0
42,83,9.9
9,160,0
76,193,0
194,8,9.9
10,39,0
57,161,9.9
121,166,0
178,199,9.9
49,8,9.9
154,87,0
123,154,9.9
141,68,9.9
143,50,0
43,201,0
17,162,9.9
30,117,0
5,95,9.9
9,45,9.9
12,172,9.9
129,154,9.9
164,106,9.9
73,49,0
96,51,0
87,177,0
20,160,9.9
43,1,9.9
84,40,0
45,81,9.9
184,127,9.9
64,64,0
106,167,0
86,164,0
28,30,0
57,35,9.9
72,125,9.9
37,157,9.9
153,147,9.9
53,74,0
106,200,0
22,146,0
47,144,9.9
26,20,9.9
5,41,0
16,183,9.9
121,80,9.9
68,44,0
1,153,0
141,14,0
144,80,0
73,86,0
7,195,0
165,182,9.9
110,106,9.9
144,201,9.9
133,18,9.9
191,164,0
8,72,0
196,80,0
79,72,0
1,189,0
178,11,0
8,155,0
79,173,0
147,121,0
105,12,0
15,164,9.9
29,29,9.9
197,74,9.9
57,103,0
92,65,9.9
54,31,9.9
80,121,0
87,37,9.9
46,46,0
155,1,0
70,155,9.9
6,138,9.9
31,4,0
194,83,9.9
14,126,0
153,172,9.9
62,163,9.9
67,90,9.9
13,37,0
199,200,9.9
59,146,9.9
104,62,9.9
58,168,9.9
15,173,9.9
141,51,0
143,43,9.9
69,186,9.9
160,14,9.9
138,161,9.9
83,171,0
156,121,9.9
186,68,9.9
92,200,0
149,117,0
9,193,9.9
65,118,9.9
27,191,0
2,189,0
24,62,0
97,15,0
174,56,9.9
142,141,0
24,96,9.9
18,69,9.9
119,141,9.9
23,60,0
57,57,0
145,115,9.9
26,120,0
31,117,9.9
148,87,9.9
138,155,9.9
31,193,9.9
152,134,9.9
162,72,9.9
120,93,0
192,117,9.9
115,0,9.9
177,15,9.9
108,194,9.9
143,10,0
0,114,0
100,78,9.9
94,69,9.9
44,115,0
16,73,9.9
5,40,0
128,18,0
185,104,0
44,194,9.9
63,111,0
145,172,9.9
192,161,9.9
194,114,9.9
85,12,9.9
64,167,0
144,200,9.9
83,191,9.9
10,169,9.9
166,185,0
120,122,0
146,28,0
20,5,9.9
188,132,9.9
141,6,9.9
12,178,0
146,13,9.9
132,164,9.9
56,33,9.9
77,194,9.9
108,136,9.9
175,88,0
47,31,0
57,122,0
39,108,0
18,193,9.9
174,86,9.9
31,144,0
66,174,9.9
12,196,0
19,63,0
101,29,9.9
148,130,0
14,42,0
139,180,9.9
103,115,9.9
73,112,0
125,160,9.9
27,53,0
157,66,9.9
163,75,9.9
108,47,0
194,53,0
41,38,0
151,50,0
172,47,9.9
152,15,9.9
78,6,9.9
162,119,9.9
33,80,0
93,184,9.9
12,175,9.9
124,68,0
98,190,0
67,104,9.9
158,129,9.9
180,39,0
0,35,9.9
188,175,0
101,64,0
117,136,9.9
38,64,0
186,158,0
15,35,0
160,7,9.9
182,27,0
73,69,0
64,165,9.9
80,169,0
144,43,9.9
145,162,0
192,146,0
194,163,9.9
51,106,9.9
127,49,9.9
62,30,0
172,191,9.9
4,113,9.9
15,61,9.9
79,180,9.9
162,18,9.9
160,137,9.9
179,7,0
114,158,9.9
18,199,9.9
133,165,0
87,16,0
130,115,9.9
182,24,0
197,142,0
169,1,9.9
163,86,9.9
138,28,9.9
72,152,9.9
34,60,0
48,160,0
129,159,9.9
119,145,0
48,170,9.9
151,31,0
195,80,0
48,91,9.9
83,107,9.9
5,65,9.9
199,140,0
86,113,9.9
194,14,9.9
166,116,9.9
118,178,0
184,6,0
23,75,0
79,164,9.9
85,80,0
24,116,9.9
141,63,0
183,55,0
29,125,9.9
76,167,9.9
156,144,9.9
99,111,0
98,153,0
170,182,0
193,78,9.9
95,189,0
94,85,0
45,71,9.9
195,166,9.9
43,105,0
63,29,0
141,64,0
128,127,9.9
149,170,9.9
51,178,0
80,159,9.9
125,69,9.9
119,82,0
197,75,9.9
52,177,0
69,163,9.9
155,107,0
12,148,9.9
120,158,9.9
180,131,0
33,194,0
33,29,9.9
52,61,0
37,123,0
129,119,0
151,49,9.9
149,184,9.9
36,58,9.9
41,190,9.9
36,101,0
129,90,9.9
7,104,9.9
10,178,0
92,46,0
132,149,9.9
72,2,0
181,3,0
113,122,0
83,162,9.9
123,4,0
113,184,0
84,23,0
171,16,0
69,179,9.9
154,186,9.9
85,86,9.9
179,189,0
180,140,9.9
140,43,9.9
95,197,0
125,124,0
67,45,0
179,13,9.9
166,115,9.9
149,185,0
10,173,9.9
184,151,9.9
121,180,9.9
41,104,0
174,59,9.9
136,141,0
164,192,0
42,28,0
67,101,0
144,49,9.9
27,101,9.9
25,36,9.9
114,31,9.9
59,60,0
70,85,9.9
139,184,0
78,68,9.9
139,190,0
102,101,9.9
157,41,0
61,160,9.9
24,38,9.9
193,82,9.9
134,96,0
76,26,9.9
142,149,9.9
126,81,9.9
75,100,9.9
94,129,0
13,55,0
105,197,9.9
3,92,0
153,195,0
143,172,0
187,94,9.9
88,175,9.9
97,185,9.9
48,82,9.9
104,108,9.9
192,51,0
4,125,0
116,176,9.9
179,117,0
19,157,9.9
35,139,9.9
82,198,9.9
113,146,0
172,36,0
54,10,0
169,111,9.9
183,27,0
177,133,0
9,14,0
13,141,0
91,173,9.9
136,86,0
18,114,9.9
121,99,0
101,12,9.9
3,87,9.9
88,40,9.9
133,134,0
68,45,0
50,36,0
155,12,9.9
86,52,0
94,98,0
195,11,9.9
155,117,9.9
105,1,9.9
188,83,9.9
78,160,0
41,10,0
105,85,9.9
110,126,0
108,118,0
18,9,9.9
131,71,9.9
90,98,9.9
178,96,0
142,0,0
95,120,9.9
108,12,9.9
5,128,9.9
163,34,0
135,12,0
60,51,9.9
21,41,0
159,47,0
88,182,0
165,197,0
89,62,9.9
167,172,0
33,138,9.9
38,66,0
143,72,0
143,8,9.9
135,178,9.9
8,25,0
131,111,0
30,9,9.9
50,8,9.9
138,197,9.9
65,17,0
2,98,9.9
164,181,0
54,200,9.9
196,63,0
133,130,0
56,68,9.9
162,196,0
193,200,9.9
103,163,0
164,57,0
95,97,0
75,159,0
68,106,9.9
177,67,9.9
135,85,9.9
63,66,0
158,123,9.9
68,34,0
56,148,0
28,149,9.9
54,168,9.9
115,189,9.9
189,99,0
86,198,9.9
154,74,9.9
188,3,0
66,111,0
119,134,9.9
118,0,0
154,33,9.9
89,9,0
166,75,0
171,99,0
35,0,9.9
104,166,9.9
133,100,0
137,126,9.9
71,155,0
2,45,0
53,27,9.9
168,39,0
192,187,0
22,199,0
181,40,0
117,87,0
93,6,9.9
24,120,0
65,33,9.9
16,26,9.9
23,134,0
11,46,0
112,133,9.9
141,164,0
100,110,9.9
191,78,9.9
186,109,0
87,73,9.9
138,179,0
93,13,9.9
33,90,0
83,7,9.9
67,145,0
71,53,9.9
196,48,0
147,116,0
125,120,9.9
56,63,0
168,25,9.9
69,90,9.9
106,160,9.9
129,49,9.9
11,136,0
149,116,0
142,12,0
162,100,0
179,131,9.9
129,42,0
107,116,9.9
182,88,0
181,182,9.9
44,104,9.9
112,20,9.9
181,34,0
110,3,0
83,188,9.9
32,104,0
198,195,0
3,147,9.9
186,73,9.9
10,162,9.9
158,4,9.9
10,57,0
164,12,9.9
54,138,9.9
9,196,0
147,66,0
195,156,0
173,6,9.9
179,39,0
141,150,0
25,22,0
136,186,9.9
93,197,0
98,18,9.9
100,131,0
108,130,0
179,145,0
114,191,9.9
93,18,0
189,90,0
103,41,9.9
137,35,9.9
56,84,0
98,72,0
67,10,0
150,44,0
30,186,0
166,188,9.9
109,12,0
70,54,0
138,70,0
60,99,9.9
157,191,0
157,25,9.9
117,167,9.9
80,151,9.9
189,126,9.9
171,163,9.9
150,194,9.9
172,42,9.9
102,148,0
8,102,9.9
63,133,0
198,89,0
5,86,9.9
176,15,9.9
172,106,9.9
99,50,9.9
41,137,9.9
85,91,9.9
107,62,9.9
105,86,0
92,137,9.9
199,91,9.9
28,57,9.9
199,70,9.9
187,151,9.9
126,133,0
198,167,9.9
49,147,0
132,52,0
196,155,0
0,164,9.9
160,114,0
111,77,9.9
49,81,9.9
199,44,9.9
91,113,9.9
10,192,0
158,201,9.9
58,2,9.9
182,184,9.9
65,57,0
131,180,9.9
159,102,0
79,39,0
0,19,9.9
113,0,0
124,46,9.9
99,143,9.9
193,24,9.9
62,31,0
15,15,0
147,165,0
160,146,9.9
92,180,0
15,34,0
172,43,9.9
66,81,9.9
7,45,9.9
62,94,0
43,180,9.9
36,104,9.9
47,176,0
193,112,0
107,105,9.9
74,172,0
166,138,9.9
62,21,9.9
116,147,9.9
81,160,0
32,120,0
98,40,0
148,56,0
68,168,9.9
21,108,9.9
182,33,9.9
155,52,9.9
152,36,0
68,171,0
93,111,0
136,13,9.9
16,91,9.9
15,193,9.9
111,109,9.9
121,49,9.9
13,137,9.9
62,141,9.9
56,155,0
41,2,9.9
130,138,0
1,45,0
52,173,0
194,9,9.9
63,52,0
180,78,0
57,185,0
99,0,9.9
177,167,9.9
29,170,9.9
60,14,0
157,15,0
160,158,0
15,101,9.9
173,139,9.9
158,6,9.9
13,111,9.9
131,13,0
153,156,0
158,104,0
22,64,9.9
7,29,0
186,176,9.9
50,172,9.9
140,44,9.9
93,73,0
24,124,9.9
62,121,9.9
99,129,0
33,98,0
14,12,9.9
124,69,9.9
44,185,9.9
52,73,9.9
6,142,0
109,74,9.9
165,32,9.9
92,149,0
75,115,0
186,127,0
105,83,0
85,139,9.9
127,33,0
152,96,9.9
32,113,9.9
175,86,0
189,104,0
138,148,0
25,150,0
47,0,0
16,150,9.9
92,95,0
49,44,9.9
35,198,0
59,130,0
160,60,0
176,178,9.9
75,74,9.9
136,150,0
100,42,0
173,20,0
176,8,0
190,99,9.9
56,50,0
28,174,9.9
159,131,0
137,89,9.9
75,84,0
62,91,9.9
159,169,9.9
176,173,0
66,34,0
142,81,0
41,41,0
89,108,9.9
24,196,0
64,57,9.9
122,164,0
112,165,0
7,146,9.9
169,83,0
160,56,0
13,49,0
167,55,0
102,1,9.9
57,93,0
140,13,9.9
121,113,9.9
175,179,9.9
144,10,9.9
103,123,0
116,160,0
6,101,0
26,58,0
170,138,9.9
179,48,9.9
106,111,0
69,193,0
90,119,9.9
79,132,0
181,79,0
173,152,0
186,107,9.9
171,83,0
77,29,9.9
194,131,0
20,113,9.9
95,111,9.9
80,5,9.9
199,123,9.9
106,127,9.9
131,107,9.9
33,158,0
34,125,9.9
154,114,9.9
76,191,0
171,162,9.9
9,83,9.9
75,11,0
105,52,9.9
87,173,0
50,114,9.9
125,135,0
127,144,9.9
160,91,9.9
160,192,9.9
176,174,9.9
77,65,9.9
171,199,0
6,183,0
157,82,0
33,115,9.9
148,191,0
185,107,0
143,157,9.9
149,135,9.9
72,171,9.9
126,199,0
150,41,0
38,47,9.9
169,193,0
25,73,0
116,100,9.9
148,77,0
139,42,0
101,106,0
46,82,0
150,59,9.9
135,149,9.9
60,178,0
37,190,0
169,150,0
3,124,9.9
186,8,9.9
10,63,9.9
118,201,9.9
153,165,0
79,85,9.9
77,58,9.9
168,116,9.9
103,122,0
72,136,0
30,192,9.9
159,4,9.9
146,126,0
79,58,9.9
132,39,0
157,166,0
133,104,9.9
99,1,0
62,126,0
160,198,9.9
90,80,9.9
45,82,0
159,91,0
143,196,9.9
137,70,0
123,82,9.9
8,112,9.9
113,110,0
132,85,9.9
120,144,9.9
124,38,9.9
39,17,0
157,4,9.9
136,78,9.9
196,146,0
51,45,0
59,139,0
23,56,9.9
136,58,9.9
82,102,9.9
152,124,0
22,166,9.9
180,154,0
2,150,0
28,29,9.9
128,61,9.9
30,146,9.9
159,154,9.9
109,6,9.9
59,12,9.9
197,189,0
154,199,9.9
8,103,0
85,123,0
173,125,9.9
187,16,0
183,145,0
47,67,9.9
143,108,9.9
159,17,0
37,193,9.9
167,39,0
25,164,0
52,196,9.9
140,31,9.9
99,84,9.9
59,5,9.9
137,5,0
183,12,0
165,85,9.9
72,72,0
71,81,9.9
5,184,9.9
122,21,9.9
77,92,9.9
175,20,9.9
119,130,0
173,49,0
188,49,9.9
13,104,9.9
154,102,0
192,49,9.9
71,99,9.9
118,100,9.9
17,200,0
99,139,9.9
128,96,0
134,94,9.9
42,45,0
196,193,0
186,165,0
73,85,9.9
71,196,0
14,30,9.9
168,43,9.9
82,64,0
4,132,9.9
71,153,9.9
155,128,9.9
50,83,9.9
102,0,0
170,85,0
26,158,0
85,55,9.9
163,3,0
4,164,9.9
56,147,0
9,51,0
26,31,9.9
118,36,0
164,177,9.9
105,142,9.9
157,64,9.9
65,41,9.9
94,193,0
126,183,0
177,163,0
113,45,0
139,149,9.9
106,198,0
81,138,0
19,172,0
130,161,0
107,199,9.9
106,91,9.9
122,165,0
92,28,9.9
138,170,9.9
132,184,9.9
22,200,0
46,45,0
11,167,9.9
176,161,0
71,36,9.9
50,71,0
83,46,0
174,98,0
9,21,0
76,73,0
175,192,9.9
188,178,9.9
123,187,0
9,183,9.9
35,181,9.9
133,148,9.9
147,99,0
86,107,9.9
91,83,0
28,97,9.9
165,140,9.9
91,188,0
79,174,9.9
42,92,0
69,67,9.9
111,173,9.9
6,155,0
157,97,0
2,51,0
194,190,9.9
100,174,0
145,199,0
41,126,0
175,80,9.9
188,105,9.9
79,170,0
167,35,9.9
69,84,0
65,6,9.9
131,201,9.9
107,187,0
108,0,0
161,196,0
123,129,0
136,197,0
42,154,9.9
90,162,9.9
46,23,9.9
59,184,0
114,86,0
62,176,0
41,52,9.9
139,66,9.9
89,13,0
40,35,9.9
179,56,0
11,19,9.9
36,16,9.9
61,24,0
129,65,9.9
64,148,0
175,87,0
57,79,0
49,142,9.9
71,98,9.9
169,87,0
6,13,9.9
147,26,0
144,52,9.9
167,103,9.9
170,153,9.9
146,176,9.9
112,71,0
5,194,9.9
31,109,9.9
22,185,0
27,65,9.9
128,88,0
93,19,0
124,150,0
186,182,0
84,39,0
95,14,0
123,70,0
80,71,9.9
74,66,0
168,50,9.9
157,134,9.9
170,154,9.9
71,2,0
28,3,9.9
20,146,9.9
65,187,0
194,13,0
173,130,0
27,174,0
160,169,0
35,49,9.9
149,13,0
56,136,9.9
115,80,0
173,142,9.9
100,1,0
37,199,0
88,49,9.9
3,108,9.9
64,75,9.9
156,38,9.9
25,64,9.9
83,104,0
20,32,0
76,140,9.9
113,182,0
78,138,9.9
112,196,0
148,138,9.9
42,180,0
146,54,9.9
54,76,9.9
87,18,0
43,61,0
68,186,9.9
157,110,0
85,67,0
96,149,9.9
194,22,9.9
109,194,9.9
64,127,0
0,65,0
26,117,9.9
144,146,9.9
112,125,9.9
159,11,0
37,18,0
77,117,0
29,46,9.9
48,193,9.9
151,48,9.9
97,6,9.9
8,68,9.9
0,71,0
155,91,0
24,182,0
46,53,9.9
6,40,9.9
5,2,0
93,4,9.9
21,117,0
138,117,0
33,66,0
75,143,9.9
154,126,9.9
1,95,9.9
108,50,0
113,183,0
48,121,0
38,31,9.9
140,184,9.9
186,149,9.9
148,74,9.9
3,195,0
22,145,9.9
13,151,0
31,102,9.9
121,9,0
174,179,0
188,91,0
35,54,9.9
53,150,0
50,141,9.9
170,120,9.9
24,132,0
183,163,0
44,100,0
109,129,9.9
95,3,9.9
172,165,9.9
116,88,0
89,87,0
51,153,9.9
6,93,9.9
18,8,0
82,42,9.9
190,16,9.9
143,27,0
39,179,9.9
90,96,0
0,162,0
39,63,9.9
48,120,9.9
25,61,9.9
3,72,9.9
147,86,0
181,47,0
31,170,9.9
75,40,9.9
162,3,9.9
126,114,0
47,10,9.9
199,62,0
125,103,0
138,100,0
111,82,0
89,73,0
167,112,0
130,16,9.9
151,128,9.9
140,115,9.9
58,44,0
120,30,0
30,80,0
116,13,9.9
11,61,0
156,14,9.9
48,111,0
126,22,9.9
18,184,9.9
112,15,9.9
15,140,9.9
143,111,0
110,96,0
54,84,0
174,20,0
123,162,9.9
191,37,9.9
24,91,0
174,84,9.9
8,12,0
41,105,9.9
36,174,0
114,157,0
50,130,0
88,28,0
118,95,0
57,131,0
183,69,0
152,76,0
124,12,9.9
153,87,9.9
126,105,0
93,134,9.9
114,149,9.9
7,30,9.9
188,186,9.9
102,134,0
34,107,9.9
96,43,0
170,188,0
7,86,0
133,151,9.9
118,6,9.9
79,147,9.9
65,172,0
184,88,9.9
128,173,0
145,178,9.9
138,101,9.9
176,165,0
187,48,0
54,166,0
88,162,0
82,197,9.9
36,90,9.9
74,36,0
76,111,9.9
47,128,9.9
65,138,9.9
69,85,0
101,43,9.9
189,5,9.9
110,129,0
78,188,0
163,171,9.9
107,95,0
139,119,0
96,160,0
108,10,0
175,47,0
68,97,9.9
153,1,0
11,120,9.9
172,31,0
80,56,9.9
194,185,9.9
58,164,0
166,177,0
7,196,0
10,33,9.9
177,44,9.9
65,62,0
92,110,0
57,53,0
128,182,9.9
115,34,9.9
157,139,0
135,116,0
57,55,9.9
150,7,0
6,108,9.9
182,149,0
179,201,0
33,8,9.9
82,8,9.9
118,69,9.9
1,125,9.9
83,123,0
15,146,9.9
47,54,0
136,111,9.9
155,110,0
83,176,9.9
193,120,9.9
97,67,9.9
36,111,0
127,1,9.9
91,30,9.9
144,89,0
177,192,9.9
1,131,0
29,198,0
110,162,9.9
37,148,0
3,91,9.9
44,74,9.9
100,141,0
21,132,9.9
128,114,9.9
196,184,9.9
99,132,9.9
7,81,9.9
42,52,9.9
199,68,0
17,46,9.9
132,106,9.9
8,194,9.9
169,156,0
109,63,0
175,59,9.9
22,99,9.9
8,26,0
91,24,9.9
196,128,9.9
173,195,0
152,178,9.9
108,86,0
158,98,9.9
61,195,0
15,149,0
155,47,9.9
66,162,9.9
141,23,0
127,104,0
161,100,0
125,42,0
45,50,0
153,49,0
80,25,9.9
150,121,9.9
114,81,9.9
126,159,9.9
19,24,9.9
64,4,9.9
17,104,9.9
51,29,0
83,119,9.9
32,152,9.9
63,4,9.9
